image_id,p_180
test_00000,0.018841758
test_00001,0.9999983
test_00002,0.9999993
test_00003,0.011247337
test_00004,0.9984282
test_00005,0.107290454
test_00006,0.9086863
test_00007,0.99688435
test_00008,0.88396406
test_00009,0.0011549897
test_00010,0.9903339
test_00011,0.0013156259
test_00012,0.0018677899
test_00013,0.9440681
test_00014,0.8015703
test_00015,0.55091864
test_00016,0.9989936
test_00017,0.00023494172
test_00018,0.95684135
test_00019,0.13107729
test_00020,0.00015276992
test_00021,0.35125196
test_00022,0.67341995
test_00023,0.009671232
test_00024,0.076142535
test_00025,0.999905
test_00026,0.5006075
test_00027,0.08577409
test_00028,0.65081334
test_00029,0.660066
test_00030,1.4705655e-08
test_00031,0.9960091
test_00032,0.92666256
test_00033,0.632213
test_00034,0.95587564
test_00035,0.99989486
test_00036,0.1740141
test_00037,0.021302722
test_00038,0.056579113
test_00039,9.843021e-05
test_00040,0.46483004
test_00041,0.28280255
test_00042,0.6150321
test_00043,0.01898662
test_00044,0.39294657
test_00045,0.94049585
test_00046,2.3386845e-05
test_00047,0.77089643
test_00048,0.5573546
test_00049,0.9274157
test_00050,0.96580637
test_00051,0.0650634
test_00052,1.4705655e-08
test_00053,0.7412915
test_00054,0.02695726
test_00055,0.89692396
test_00056,3.3154305e-05
test_00057,0.22116616
test_00058,0.18859482
test_00059,0.094652936
test_00060,0.2954001
test_00061,0.046242815
test_00062,0.074034795
test_00063,0.03130019
test_00064,0.00024734501
test_00065,0.99998844
test_00066,0.613297
test_00067,0.0025003436
test_00068,0.000116830306
test_00069,0.19445765
test_00070,0.9722425
test_00071,0.96497196
test_00072,0.51949656
test_00073,0.9965476
test_00074,0.92598164
test_00075,0.9622563
test_00076,0.0017373563
test_00077,0.68502384
test_00078,0.99908173
test_00079,0.7341485
test_00080,0.4252817
test_00081,0.9999995
test_00082,0.74245715
test_00083,4.6146706e-05
test_00084,0.9957789
test_00085,0.9807829
test_00086,0.9999994
test_00087,0.9974277
test_00088,0.8408071
test_00089,0.98458767
test_00090,0.2309503
test_00091,3.166996e-05
test_00092,0.92177606
test_00093,0.8010611
test_00094,0.8675051
test_00095,0.8620361
test_00096,0.9052052
test_00097,0.0003469218
test_00098,4.5436966e-05
test_00099,0.009563105
test_00100,0.016475214
test_00101,0.06510298
test_00102,0.00013656906
test_00103,1.0
test_00104,0.95084345
test_00105,0.056319095
test_00106,0.76004124
test_00107,0.9944193
test_00108,0.58343416
test_00109,0.07659545
test_00110,0.94632673
test_00111,0.38257742
test_00112,0.87085736
test_00113,0.00012366104
test_00114,0.89129204
test_00115,0.0734432
test_00116,0.04230431
test_00117,0.9966785
test_00118,0.999514
test_00119,0.4495309
test_00120,0.0544375
test_00121,0.99982786
test_00122,0.99636096
test_00123,0.56212735
test_00124,0.54077876
test_00125,0.006116441
test_00126,0.007825201
test_00127,0.99996114
test_00128,0.0066542416
test_00129,0.00018733992
test_00130,0.6790805
test_00131,1.3391494e-07
test_00132,0.08562355
test_00133,0.99887514
test_00134,0.02001908
test_00135,0.060478214
test_00136,3.6341703e-06
test_00137,0.45102918
test_00138,0.98704463
test_00139,0.00012266256
test_00140,0.97367084
test_00141,0.0037618277
test_00142,0.8337791
test_00143,0.9998605
test_00144,0.00322835
test_00145,0.30490568
test_00146,3.0963374e-06
test_00147,0.9985831
test_00148,0.43937248
test_00149,0.0071340036
test_00150,0.022933029
test_00151,0.99999905
test_00152,0.033315517
test_00153,0.4641253
test_00154,0.02784532
test_00155,0.9999983
test_00156,0.9991102
test_00157,0.00060778833
test_00158,0.99999976
test_00159,0.9999988
test_00160,0.99952805
test_00161,0.5708158
test_00162,0.17807221
test_00163,0.57360244
test_00164,0.1658891
test_00165,0.99736154
test_00166,0.45926067
test_00167,0.14428176
test_00168,0.020916797
test_00169,0.07769192
test_00170,0.9997974
test_00171,0.6810907
test_00172,0.9521578
test_00173,0.24764761
test_00174,0.00018052805
test_00175,0.9857354
test_00176,0.87528807
test_00177,0.036757983
test_00178,0.008597599
test_00179,0.69675684
test_00180,0.0007704025
test_00181,0.98368293
test_00182,0.9933357
test_00183,0.9700304
test_00184,0.49720597
test_00185,0.7063728
test_00186,0.2579916
test_00187,0.9871775
test_00188,0.99999285
test_00189,0.9965663
test_00190,0.0044237804
test_00191,0.99920106
test_00192,1.4705655e-08
test_00193,0.99318373
test_00194,6.6402565e-05
test_00195,0.00080098474
test_00196,0.17427105
test_00197,0.9482374
test_00198,0.10196752
test_00199,0.91444963
test_00200,1.0
test_00201,0.8948649
test_00202,0.9999979
test_00203,0.005601436
test_00204,0.5093038
test_00205,0.016904043
test_00206,4.135786e-05
test_00207,0.002545371
test_00208,0.66987276
test_00209,0.23034094
test_00210,0.2625074
test_00211,0.99995005
test_00212,0.9942225
test_00213,0.54347306
test_00214,0.999998
test_00215,0.37506688
test_00216,0.0012805517
test_00217,0.0013778023
test_00218,0.012786146
test_00219,0.9997755
test_00220,0.9985627
test_00221,0.89630663
test_00222,0.0024597119
test_00223,0.7439519
test_00224,0.47295216
test_00225,0.9318621
test_00226,0.013699599
test_00227,0.10079116
test_00228,0.8753304
test_00229,0.48291317
test_00230,0.011345591
test_00231,0.9902884
test_00232,0.8662283
test_00233,0.73133874
test_00234,0.09686765
test_00235,0.9966197
test_00236,0.10699487
test_00237,1.7496055e-05
test_00238,0.99170756
test_00239,0.003296949
test_00240,0.032269537
test_00241,5.593099e-05
test_00242,0.030098854
test_00243,0.90837747
test_00244,0.95168
test_00245,0.3178763
test_00246,0.0004218362
test_00247,0.99799085
test_00248,0.9890599
test_00249,0.99901175
test_00250,0.99984556
test_00251,0.032391988
test_00252,0.12116698
test_00253,0.8811892
test_00254,0.00090861885
test_00255,0.0113987755
test_00256,0.10237014
test_00257,4.8413374e-05
test_00258,0.037538216
test_00259,0.23607853
test_00260,0.3976244
test_00261,0.21606314
test_00262,0.9991149
test_00263,0.31353626
test_00264,0.99984545
test_00265,0.7695652
test_00266,0.0065432293
test_00267,0.16107604
test_00268,0.28718045
test_00269,0.9999475
test_00270,0.9263724
test_00271,0.29752505
test_00272,0.78428257
test_00273,0.033578046
test_00274,0.7173965
test_00275,0.12994371
test_00276,0.108491346
test_00277,0.99991953
test_00278,0.0077406554
test_00279,0.74441445
test_00280,0.96952033
test_00281,0.9186374
test_00282,0.97095597
test_00283,0.17108785
test_00284,0.3755253
test_00285,0.0043705874
test_00286,0.0018699392
test_00287,0.99899477
test_00288,0.9976008
test_00289,0.9999632
test_00290,0.9944575
test_00291,0.99527204
test_00292,0.98340726
test_00293,0.06933727
test_00294,0.9992279
test_00295,0.99972427
test_00296,0.88379455
test_00297,0.7300134
test_00298,0.16738161
test_00299,0.9996727
test_00300,0.0004433555
test_00301,0.7475893
test_00302,8.444407e-05
test_00303,0.015977096
test_00304,0.24296744
test_00305,0.6953164
test_00306,0.9999947
test_00307,0.24100208
test_00308,0.013820861
test_00309,0.0032889347
test_00310,0.97804284
test_00311,0.5718618
test_00312,0.0017874031
test_00313,0.99999964
test_00314,0.015849605
test_00315,0.76258063
test_00316,0.93570054
test_00317,4.0808838e-05
test_00318,0.99155736
test_00319,0.8853746
test_00320,0.99905354
test_00321,0.15845403
test_00322,0.37666714
test_00323,0.9999793
test_00324,0.3358595
test_00325,0.9915345
test_00326,0.009779913
test_00327,0.13098973
test_00328,0.20409071
test_00329,0.7357595
test_00330,0.99993575
test_00331,0.9534786
test_00332,0.99934065
test_00333,0.9995948
test_00334,0.99995947
test_00335,0.44045323
test_00336,0.0007630639
test_00337,0.08285747
test_00338,0.013892715
test_00339,0.8374913
test_00340,0.43521813
test_00341,0.4277482
test_00342,0.9970679
test_00343,0.61180633
test_00344,0.99996233
test_00345,0.7961329
test_00346,0.5007517
test_00347,0.12254724
test_00348,0.026569461
test_00349,0.011719337
test_00350,0.5637014
test_00351,0.6555909
test_00352,0.9962232
test_00353,0.78968763
test_00354,0.4959274
test_00355,0.9422071
test_00356,0.0006431572
test_00357,5.7930066e-07
test_00358,0.98813593
test_00359,1.0
test_00360,0.9459355
test_00361,0.9934641
test_00362,0.9350347
test_00363,0.9992738
test_00364,0.96501404
test_00365,0.8983302
test_00366,0.75272113
test_00367,0.0061102523
test_00368,0.00032285455
test_00369,0.99997556
test_00370,0.041550077
test_00371,1.8197004e-06
test_00372,0.9998582
test_00373,0.8689332
test_00374,0.9999333
test_00375,0.9769692
test_00376,8.620931e-07
test_00377,0.00012875935
test_00378,0.45487955
test_00379,0.0018838518
test_00380,0.00029281367
test_00381,0.6210264
test_00382,0.0005980058
test_00383,0.012510408
test_00384,0.9988643
test_00385,0.011868631
test_00386,0.9864664
test_00387,0.989738
test_00388,0.577019
test_00389,1.0
test_00390,0.9964359
test_00391,0.00090912613
test_00392,0.7748096
test_00393,0.98491204
test_00394,0.18738815
test_00395,0.09706843
test_00396,0.047632743
test_00397,0.9705266
test_00398,0.015821617
test_00399,0.5168509
test_00400,0.9654826
test_00401,0.7495363
test_00402,0.81176096
test_00403,9.248353e-06
test_00404,4.8486192e-05
test_00405,0.99916756
test_00406,0.8596629
test_00407,0.10536268
test_00408,0.99860555
test_00409,0.22886409
test_00410,0.0072012944
test_00411,0.0022586568
test_00412,4.3673367e-07
test_00413,0.30665606
test_00414,0.34651816
test_00415,0.78017807
test_00416,1.4705655e-08
test_00417,1.4705655e-08
test_00418,0.6421014
test_00419,0.9954705
test_00420,9.009886e-08
test_00421,0.99955934
test_00422,0.999944
test_00423,1.4705655e-08
test_00424,0.12300514
test_00425,0.006561525
test_00426,0.5931902
test_00427,0.00016596197
test_00428,0.031082075
test_00429,0.999993
test_00430,0.99994445
test_00431,0.9998353
test_00432,0.98098516
test_00433,0.016370434
test_00434,0.22017215
test_00435,0.10498672
test_00436,0.987492
test_00437,0.22189708
test_00438,0.991603
test_00439,0.5476499
test_00440,0.5774456
test_00441,0.000825628
test_00442,0.3018088
test_00443,0.9974056
test_00444,0.99979436
test_00445,0.2521095
test_00446,7.587166e-05
test_00447,1.065439e-06
test_00448,0.99993074
test_00449,0.0019007684
test_00450,2.5753763e-05
test_00451,0.6966686
test_00452,0.9239296
test_00453,0.056488756
test_00454,0.48288137
test_00455,0.9350246
test_00456,0.8754322
test_00457,0.15167493
test_00458,0.99997216
test_00459,0.93268126
test_00460,0.03707031
test_00461,0.9999999
test_00462,0.004800263
test_00463,0.9993043
test_00464,5.0609553e-05
test_00465,0.28944898
test_00466,0.7245837
test_00467,0.15001898
test_00468,0.6923661
test_00469,0.053631555
test_00470,0.07936297
test_00471,0.038705613
test_00472,0.083451346
test_00473,0.19108813
test_00474,0.002104309
test_00475,6.425624e-05
test_00476,0.3585377
test_00477,0.024136642
test_00478,0.0075413506
test_00479,0.905048
test_00480,0.9956184
test_00481,0.00031274764
test_00482,0.19928224
test_00483,0.8549833
test_00484,0.00096161733
test_00485,0.001560502
test_00486,0.00031448575
test_00487,0.12597302
test_00488,0.3048336
test_00489,0.9999328
test_00490,0.99885684
test_00491,0.48712063
test_00492,0.57631236
test_00493,0.999725
test_00494,0.9883099
test_00495,0.99848974
test_00496,0.5569523
test_00497,0.99939287
test_00498,0.3259858
test_00499,0.0009886811
test_00500,0.999694
test_00501,0.018720673
test_00502,0.7836739
test_00503,0.0009893021
test_00504,0.99999785
test_00505,0.7495303
test_00506,0.9798377
test_00507,9.6680546e-05
test_00508,0.9399495
test_00509,0.09672785
test_00510,0.9402522
test_00511,0.84678864
test_00512,0.52506423
test_00513,0.9944861
test_00514,8.259944e-06
test_00515,0.013099896
test_00516,0.00012701712
test_00517,0.3834008
test_00518,0.7279156
test_00519,0.84765637
test_00520,0.055284444
test_00521,0.9995418
test_00522,0.798507
test_00523,0.005913117
test_00524,0.92914534
test_00525,0.97761834
test_00526,0.52266306
test_00527,0.14786033
test_00528,0.15642795
test_00529,0.995545
test_00530,0.011629116
test_00531,0.11678074
test_00532,0.003442048
test_00533,0.0024228122
test_00534,0.9676908
test_00535,0.034679648
test_00536,0.00030732146
test_00537,0.003381242
test_00538,0.9785947
test_00539,0.121059224
test_00540,0.9493123
test_00541,0.005421206
test_00542,0.28834292
test_00543,0.9999929
test_00544,0.99670845
test_00545,0.0043115225
test_00546,0.035275143
test_00547,0.9168665
test_00548,0.00014398618
test_00549,0.13554631
test_00550,6.860595e-05
test_00551,0.0005087337
test_00552,0.014022714
test_00553,0.83140826
test_00554,0.48185268
test_00555,0.28558522
test_00556,0.84033954
test_00557,0.9996885
test_00558,0.009435496
test_00559,0.0018925506
test_00560,0.5740163
test_00561,0.6918289
test_00562,0.60542107
test_00563,0.07763972
test_00564,0.24750002
test_00565,0.939034
test_00566,0.050772287
test_00567,0.8581774
test_00568,0.0035600779
test_00569,0.5830208
test_00570,0.076553024
test_00571,0.05885791
test_00572,1.5186522e-07
test_00573,0.00029192155
test_00574,0.0018558031
test_00575,0.48051912
test_00576,0.9181029
test_00577,0.020043861
test_00578,0.0070420406
test_00579,0.8397274
test_00580,0.9580921
test_00581,0.9869623
test_00582,0.185676
test_00583,0.51200086
test_00584,5.155006e-06
test_00585,0.05494012
test_00586,0.99990344
test_00587,0.99999654
test_00588,0.28055555
test_00589,7.785537e-06
test_00590,0.18349895
test_00591,0.00092865125
test_00592,0.0008725841
test_00593,0.15372938
test_00594,0.97822785
test_00595,0.6845322
test_00596,0.8858323
test_00597,3.3733324e-06
test_00598,0.99994475
test_00599,0.0031663808
test_00600,0.3736664
test_00601,0.7104315
test_00602,0.2777658
test_00603,0.71178186
test_00604,0.7229696
test_00605,0.6125915
test_00606,0.90069366
test_00607,0.20946002
test_00608,0.079392046
test_00609,0.097203515
test_00610,0.04183609
test_00611,0.7054737
test_00612,0.62946236
test_00613,0.020205064
test_00614,0.49247468
test_00615,0.9999998
test_00616,0.076823026
test_00617,0.9957004
test_00618,6.390017e-05
test_00619,0.9996766
test_00620,0.4905348
test_00621,0.29240364
test_00622,0.9870181
test_00623,0.34420514
test_00624,0.0003620736
test_00625,0.08102961
test_00626,0.46617296
test_00627,0.12125547
test_00628,0.014816668
test_00629,0.09787822
test_00630,0.999998
test_00631,0.60414714
test_00632,0.9684246
test_00633,0.998263
test_00634,0.99997973
test_00635,2.3048477e-07
test_00636,0.34094638
test_00637,0.6343655
test_00638,0.16885222
test_00639,0.7907553
test_00640,0.106912374
test_00641,0.99964947
test_00642,0.3211512
test_00643,0.2480827
test_00644,0.37235883
test_00645,0.99999964
test_00646,0.0012601621
test_00647,0.004536389
test_00648,0.30133104
test_00649,0.98857486
test_00650,0.06317541
test_00651,0.07118033
test_00652,0.0073489477
test_00653,0.98846513
test_00654,0.81456137
test_00655,0.035214826
test_00656,0.00056777627
test_00657,0.18157375
test_00658,0.9908997
test_00659,0.027467603
test_00660,0.027983364
test_00661,1.4446645e-06
test_00662,0.015630055
test_00663,0.6738665
test_00664,0.02005128
test_00665,0.8874353
test_00666,0.64161897
test_00667,0.0141801145
test_00668,0.6062025
test_00669,0.776278
test_00670,0.6322733
test_00671,0.9982002
test_00672,0.6010977
test_00673,0.9972391
test_00674,0.99215055
test_00675,0.9995482
test_00676,6.599841e-05
test_00677,0.23536798
test_00678,0.9998256
test_00679,0.9745561
test_00680,0.2679386
test_00681,0.9893228
test_00682,0.96931165
test_00683,0.9664136
test_00684,0.79241747
test_00685,0.9844488
test_00686,0.8924618
test_00687,0.5518664
test_00688,0.051753066
test_00689,0.9995532
test_00690,0.0021034298
test_00691,0.98773265
test_00692,0.9990741
test_00693,0.65178394
test_00694,1.899862e-05
test_00695,0.28913093
test_00696,0.19315171
test_00697,0.9999702
test_00698,3.0097766e-05
test_00699,0.77015764
test_00700,0.612409
test_00701,0.81431377
test_00702,0.7728997
test_00703,0.18439367
test_00704,0.0066319285
test_00705,0.014384049
test_00706,0.05633285
test_00707,0.9157474
test_00708,2.1900903e-05
test_00709,0.7568681
test_00710,0.4832514
test_00711,0.905408
test_00712,0.0037353039
test_00713,0.0002128475
test_00714,0.18128908
test_00715,0.9999901
test_00716,0.99186563
test_00717,0.9149785
test_00718,0.013378764
test_00719,0.0023710872
test_00720,0.9958673
test_00721,0.51465654
test_00722,4.938714e-05
test_00723,0.999677
test_00724,0.8152093
test_00725,0.5661648
test_00726,0.039203618
test_00727,0.0012836225
test_00728,0.62959564
test_00729,0.9997524
test_00730,0.09670865
test_00731,0.06441134
test_00732,0.0043937904
test_00733,0.001931234
test_00734,0.9102188
test_00735,0.056372464
test_00736,0.84383357
test_00737,0.9988554
test_00738,0.2753703
test_00739,1.0
test_00740,0.0021304088
test_00741,1.0
test_00742,0.9740726
test_00743,0.66811705
test_00744,0.23270825
test_00745,0.9155824
test_00746,7.240896e-06
test_00747,0.013886599
test_00748,0.99651814
test_00749,1.9714018e-05
test_00750,0.07921274
test_00751,0.99757314
test_00752,0.0019432887
test_00753,0.00014458064
test_00754,0.32313275
test_00755,0.9311032
test_00756,0.47182703
test_00757,1.348177e-06
test_00758,7.9192425e-05
test_00759,5.8261467e-06
test_00760,0.99659157
test_00761,0.48459336
test_00762,0.26373783
test_00763,0.9904459
test_00764,0.15007563
test_00765,0.99908066
test_00766,0.049206298
test_00767,0.9483742
test_00768,1.6764801e-07
test_00769,1.4705655e-08
test_00770,0.99997854
test_00771,0.33071083
test_00772,7.4389554e-08
test_00773,0.9982122
test_00774,0.7764783
test_00775,0.9990239
test_00776,0.91889584
test_00777,0.0073933466
test_00778,0.021399159
test_00779,0.08803095
test_00780,0.9741157
test_00781,0.017563518
test_00782,0.633897
test_00783,0.25074506
test_00784,0.9826516
test_00785,0.5805278
test_00786,0.99969375
test_00787,0.011241944
test_00788,0.99970126
test_00789,0.9996767
test_00790,0.9963064
test_00791,0.86812603
test_00792,0.9999677
test_00793,1.4705655e-08
test_00794,0.96577054
test_00795,0.09412895
test_00796,0.015513582
test_00797,0.1287706
test_00798,0.99807763
test_00799,0.80617166
test_00800,0.09108198
test_00801,0.008158615
test_00802,0.007699351
test_00803,0.07479046
test_00804,0.2433067
test_00805,0.047925454
test_00806,0.99997795
test_00807,0.99745405
test_00808,0.02473527
test_00809,0.035811402
test_00810,0.6722879
test_00811,0.99842036
test_00812,0.5071577
test_00813,0.2736046
test_00814,0.9895768
test_00815,0.0084124915
test_00816,0.003965696
test_00817,0.0005052908
test_00818,1.100691e-05
test_00819,0.9324224
test_00820,0.0003130131
test_00821,0.00036083627
test_00822,0.08904827
test_00823,0.43968832
test_00824,0.22725356
test_00825,0.9942117
test_00826,0.8626561
test_00827,0.9837702
test_00828,0.5509919
test_00829,0.9187028
test_00830,0.9890072
test_00831,0.90764415
test_00832,0.38286313
test_00833,0.008345194
test_00834,0.8043569
test_00835,0.21736105
test_00836,0.7955247
test_00837,0.9803
test_00838,1.4705655e-08
test_00839,1.4939311e-05
test_00840,0.031028666
test_00841,0.57686996
test_00842,0.89173466
test_00843,0.9995216
test_00844,0.03719131
test_00845,0.108129054
test_00846,0.99692774
test_00847,0.29703936
test_00848,0.06314204
test_00849,0.9533679
test_00850,0.27710155
test_00851,0.9995231
test_00852,0.9370869
test_00853,0.1326661
test_00854,0.08192823
test_00855,0.084931344
test_00856,0.93748474
test_00857,0.12333502
test_00858,0.0009868665
test_00859,0.98733556
test_00860,0.054332547
test_00861,0.9996854
test_00862,0.010958237
test_00863,1.0
test_00864,0.0026144015
test_00865,0.21515855
test_00866,0.9653156
test_00867,0.516201
test_00868,0.835096
test_00869,0.54024315
test_00870,0.10648996
test_00871,1.5278126e-06
test_00872,6.762507e-05
test_00873,0.99752307
test_00874,0.004121491
test_00875,0.5406026
test_00876,0.3342185
test_00877,0.00010891679
test_00878,0.000936318
test_00879,0.99985075
test_00880,0.15111445
test_00881,0.9995825
test_00882,0.73977065
test_00883,0.92584085
test_00884,0.83147377
test_00885,0.61898816
test_00886,0.020592682
test_00887,0.40575597
test_00888,0.21898878
test_00889,0.9999916
test_00890,0.7238059
test_00891,0.8944497
test_00892,0.00914147
test_00893,0.08528505
test_00894,0.9925033
test_00895,0.99941516
test_00896,0.04920501
test_00897,0.6955637
test_00898,0.9586208
test_00899,0.050226286
test_00900,0.00010522264
test_00901,0.9999939
test_00902,0.32187092
test_00903,0.99975646
test_00904,0.999081
test_00905,3.4304435e-06
test_00906,0.2833627
test_00907,0.27404046
test_00908,0.0064038206
test_00909,0.869738
test_00910,3.4341141e-07
test_00911,0.99226606
test_00912,0.2422736
test_00913,0.04607358
test_00914,0.113985226
test_00915,0.89589375
test_00916,0.18442719
test_00917,0.99393076
test_00918,0.83160585
test_00919,1.7514228e-07
test_00920,0.05059092
test_00921,0.0013148551
test_00922,0.68948627
test_00923,0.030557094
test_00924,0.8837676
test_00925,0.8648082
test_00926,0.86379236
test_00927,0.64222664
test_00928,0.47933722
test_00929,0.4191957
test_00930,0.03569079
test_00931,0.9549289
test_00932,0.0003000652
test_00933,0.98638445
test_00934,0.9998006
test_00935,0.0006356726
test_00936,0.9480281
test_00937,0.78459054
test_00938,8.5185966e-05
test_00939,0.9999997
test_00940,0.9995736
test_00941,0.9593859
test_00942,0.9999999
test_00943,0.0026311884
test_00944,0.00010527969
test_00945,0.47597033
test_00946,0.88618267
test_00947,0.062034894
test_00948,0.06446479
test_00949,0.0012753101
test_00950,0.10915443
test_00951,0.751603
test_00952,0.387658
test_00953,0.98441744
test_00954,0.117691696
test_00955,0.7731261
test_00956,0.88388836
test_00957,0.7257402
test_00958,0.034429334
test_00959,0.9927343
test_00960,0.0028722174
test_00961,0.8295404
test_00962,0.04403873
test_00963,0.99988866
test_00964,0.9647708
test_00965,0.9998888
test_00966,0.39143768
test_00967,0.26943398
test_00968,0.8137803
test_00969,0.96564484
test_00970,0.9731032
test_00971,0.99984956
test_00972,0.6297964
test_00973,0.88831365
test_00974,0.012653095
test_00975,0.98686564
test_00976,0.989815
test_00977,0.950246
test_00978,0.0018225106
test_00979,0.5986413
test_00980,0.99999416
test_00981,0.97827375
test_00982,0.32667732
test_00983,0.07350528
test_00984,0.12583473
test_00985,0.69932204
test_00986,0.003376679
test_00987,0.03988968
test_00988,0.5103199
test_00989,0.9916967
test_00990,0.030932317
test_00991,0.50574887
test_00992,0.10358253
test_00993,0.13177082
test_00994,0.53031635
test_00995,0.9899819
test_00996,0.9919387
test_00997,0.8684625
test_00998,0.08831447
test_00999,0.007946027
test_01000,0.84314895
test_01001,0.83055353
test_01002,0.2248847
test_01003,0.33460683
test_01004,0.21568456
test_01005,6.1596846e-05
test_01006,0.03946252
test_01007,0.02091044
test_01008,0.99005395
test_01009,0.79707706
test_01010,0.9588657
test_01011,0.9889375
test_01012,0.17632487
test_01013,0.050462626
test_01014,0.0010515582
test_01015,0.9997404
test_01016,0.81752765
test_01017,0.5500114
test_01018,0.99534917
test_01019,0.8354368
test_01020,0.92999613
test_01021,0.99995697
test_01022,0.45528963
test_01023,0.8202814
test_01024,0.52567255
test_01025,0.96484125
test_01026,0.67373776
test_01027,0.07003762
test_01028,0.19298007
test_01029,0.9999974
test_01030,0.27278924
test_01031,0.515667
test_01032,0.0014139568
test_01033,0.20743977
test_01034,0.32918975
test_01035,0.024206333
test_01036,0.9923131
test_01037,0.9767157
test_01038,0.75455725
test_01039,0.9999862
test_01040,0.929335
test_01041,0.97432077
test_01042,0.929245
test_01043,0.90402555
test_01044,1.0
test_01045,0.9319972
test_01046,8.36973e-08
test_01047,0.97571266
test_01048,0.9992677
test_01049,0.0020367762
test_01050,0.19689117
test_01051,0.7469609
test_01052,0.96232146
test_01053,0.12097543
test_01054,0.53059006
test_01055,0.66400397
test_01056,0.05811767
test_01057,0.056282137
test_01058,0.8571718
test_01059,0.16652927
test_01060,0.6704129
test_01061,0.9840491
test_01062,0.013529925
test_01063,0.0007915333
test_01064,0.4436218
test_01065,0.52834296
test_01066,0.7723131
test_01067,0.9163914
test_01068,0.9952843
test_01069,2.1951231e-05
test_01070,0.99990946
test_01071,0.9999997
test_01072,0.99844307
test_01073,0.45424494
test_01074,0.63674587
test_01075,0.024771504
test_01076,0.10296243
test_01077,0.77931273
test_01078,4.8635156e-05
test_01079,0.1291723
test_01080,0.987376
test_01081,0.9969528
test_01082,0.99920636
test_01083,0.9990467
test_01084,0.54196656
test_01085,0.931924
test_01086,0.9684167
test_01087,0.14393654
test_01088,0.1095107
test_01089,0.9990132
test_01090,0.98200285
test_01091,0.9945448
test_01092,0.7601782
test_01093,0.058951363
test_01094,0.67260194
test_01095,0.9991138
test_01096,0.0024324257
test_01097,0.9985744
test_01098,0.99999833
test_01099,0.3640492
test_01100,1.5471414e-05
test_01101,0.34103417
test_01102,0.9999956
test_01103,0.2675925
test_01104,0.2126206
test_01105,0.94982153
test_01106,0.121100456
test_01107,0.9816025
test_01108,0.97605896
test_01109,0.21906224
test_01110,0.98120916
test_01111,5.2911902e-05
test_01112,0.14526296
test_01113,0.63970345
test_01114,1.4705655e-08
test_01115,0.0038198372
test_01116,0.08666316
test_01117,0.9274744
test_01118,0.0009950973
test_01119,0.26343098
test_01120,0.09309555
test_01121,0.9995358
test_01122,0.6041393
test_01123,0.0575185
test_01124,0.39104152
test_01125,0.71695364
test_01126,0.8835051
test_01127,3.590315e-05
test_01128,0.1175938
test_01129,0.51261854
test_01130,0.84466416
test_01131,0.2944695
test_01132,2.1141252e-05
test_01133,0.6206714
test_01134,0.03140741
test_01135,0.9801311
test_01136,0.7009166
test_01137,0.9999493
test_01138,0.9570495
test_01139,0.0014398574
test_01140,0.58384275
test_01141,0.8626337
test_01142,0.5374405
test_01143,0.9941711
test_01144,0.98534375
test_01145,0.77561533
test_01146,0.99986714
test_01147,0.5124912
test_01148,0.99999416
test_01149,0.1823403
test_01150,0.0013710511
test_01151,0.0030069938
test_01152,0.0031490354
test_01153,0.98110235
test_01154,0.9982084
test_01155,0.18220875
test_01156,0.00024026264
test_01157,0.00334202
test_01158,0.004207884
test_01159,0.0018593252
test_01160,0.0030057563
test_01161,0.0002896134
test_01162,3.100931e-05
test_01163,0.997856
test_01164,0.007006049
test_01165,0.36491302
test_01166,0.90061104
test_01167,0.7782786
test_01168,0.34853637
test_01169,0.0007635861
test_01170,0.100494616
test_01171,0.98410606
test_01172,0.94889104
test_01173,0.77951276
test_01174,0.54272085
test_01175,7.600353e-06
test_01176,0.019336056
test_01177,0.6001917
test_01178,0.23954658
test_01179,0.7311085
test_01180,3.4040393e-05
test_01181,0.12136765
test_01182,0.4096833
test_01183,0.7772417
test_01184,0.99994826
test_01185,1.7477978e-06
test_01186,0.4476825
test_01187,0.026588771
test_01188,0.0010801642
test_01189,0.0012856022
test_01190,0.0034999459
test_01191,0.009206923
test_01192,0.9999356
test_01193,0.0040110783
test_01194,0.9993214
test_01195,0.7591127
test_01196,0.9566027
test_01197,0.5984717
test_01198,0.3618319
test_01199,7.940848e-06
test_01200,0.99629545
test_01201,0.0063575464
test_01202,0.9997676
test_01203,0.732195
test_01204,0.1719769
test_01205,0.38054356
test_01206,0.92910075
test_01207,0.00073790614
test_01208,0.98241436
test_01209,0.45959538
test_01210,0.99999225
test_01211,0.67356783
test_01212,0.002595387
test_01213,0.6514547
test_01214,0.55580455
test_01215,0.0002531525
test_01216,0.98455566
test_01217,0.00043412446
test_01218,0.26961356
test_01219,0.20081007
test_01220,0.9942664
test_01221,0.9998238
test_01222,0.9989947
test_01223,0.99899006
test_01224,0.9941538
test_01225,0.4621713
test_01226,0.9481734
test_01227,0.9860365
test_01228,0.8580315
test_01229,0.9978395
test_01230,0.9999955
test_01231,0.7228911
test_01232,1.1735384e-05
test_01233,0.98443913
test_01234,0.15148148
test_01235,0.9970522
test_01236,0.99976647
test_01237,0.00619402
test_01238,0.3347772
test_01239,0.99999726
test_01240,0.99633133
test_01241,0.7646842
test_01242,0.17039733
test_01243,0.017614612
test_01244,0.020761129
test_01245,0.9954808
test_01246,0.9659404
test_01247,0.9838209
test_01248,0.012631321
test_01249,0.8206892
test_01250,0.96040845
test_01251,0.486933
test_01252,0.10649296
test_01253,0.020502258
test_01254,0.9894732
test_01255,0.97136414
test_01256,0.89110345
test_01257,0.6277776
test_01258,0.316582
test_01259,0.0064084623
test_01260,0.00900095
test_01261,0.3895526
test_01262,0.42889738
test_01263,0.9996377
test_01264,0.055851925
test_01265,0.9999051
test_01266,2.6640846e-05
test_01267,0.029117072
test_01268,0.02594291
test_01269,0.75687534
test_01270,0.56107336
test_01271,0.009387042
test_01272,1.4516854e-06
test_01273,0.00015966475
test_01274,0.0021311115
test_01275,0.7320616
test_01276,0.062720396
test_01277,0.3229645
test_01278,0.66393435
test_01279,0.20858452
test_01280,0.60479605
test_01281,0.92451406
test_01282,0.7671957
test_01283,0.63801366
test_01284,0.22191387
test_01285,0.9581195
test_01286,0.99925053
test_01287,0.9562174
test_01288,0.19790986
test_01289,0.32370657
test_01290,0.9999057
test_01291,1.8223203e-05
test_01292,0.7102581
test_01293,8.3581675e-05
test_01294,0.99793947
test_01295,0.99548984
test_01296,0.08617097
test_01297,0.77360904
test_01298,0.0840307
test_01299,0.5186306
test_01300,9.259887e-06
test_01301,0.9999556
test_01302,0.5274615
test_01303,0.24225956
test_01304,0.2976521
test_01305,0.00015717527
test_01306,0.0040157503
test_01307,0.9999866
test_01308,0.22180466
test_01309,1.3757524e-05
test_01310,0.9184401
test_01311,0.010134257
test_01312,0.76917434
test_01313,0.20610607
test_01314,0.99894667
test_01315,0.013959949
test_01316,0.64389956
test_01317,0.8269586
test_01318,5.9966687e-06
test_01319,0.008339129
test_01320,0.48436087
test_01321,0.06358194
test_01322,0.8723606
test_01323,0.03447425
test_01324,4.0550425e-05
test_01325,0.98551047
test_01326,0.28166232
test_01327,0.45190528
test_01328,0.99999404
test_01329,0.9999498
test_01330,0.9975282
test_01331,0.00017608594
test_01332,0.5430339
test_01333,0.9185424
test_01334,0.0426061
test_01335,0.999859
test_01336,0.8091516
test_01337,0.9995427
test_01338,0.9914911
test_01339,0.86065066
test_01340,0.11972074
test_01341,0.996657
test_01342,0.8613187
test_01343,0.92875314
test_01344,0.99664724
test_01345,0.71232706
test_01346,0.40548152
test_01347,0.99181104
test_01348,3.6765075e-05
test_01349,0.37394267
test_01350,0.9935163
test_01351,0.99243915
test_01352,0.9999604
test_01353,4.588211e-07
test_01354,0.9151741
test_01355,0.5229217
test_01356,0.006699892
test_01357,0.32133293
test_01358,0.031111337
test_01359,0.059497662
test_01360,0.005551683
test_01361,0.880242
test_01362,2.2480242e-06
test_01363,0.99998915
test_01364,0.92033625
test_01365,0.03799985
test_01366,0.038061935
test_01367,0.7588204
test_01368,0.22825891
test_01369,0.32685864
test_01370,0.004647451
test_01371,0.00025211618
test_01372,0.024080388
test_01373,0.97420204
test_01374,0.99970025
test_01375,0.00076111266
test_01376,0.025771208
test_01377,0.033312313
test_01378,0.000111911766
test_01379,0.004031117
test_01380,0.05813039
test_01381,0.16300313
test_01382,0.99991786
test_01383,0.9143607
test_01384,0.99892163
test_01385,0.99376106
test_01386,0.13617499
test_01387,0.04599663
test_01388,5.765519e-05
test_01389,5.7160312e-05
test_01390,0.04153014
test_01391,0.19164124
test_01392,0.22790447
test_01393,0.8826276
test_01394,0.029486688
test_01395,0.9999955
test_01396,0.9826057
test_01397,0.9017118
test_01398,0.158216
test_01399,0.108837456
test_01400,0.73631275
test_01401,0.06863628
test_01402,0.015874248
test_01403,0.9718431
test_01404,0.9683194
test_01405,0.8808831
test_01406,0.0032357965
test_01407,0.6014198
test_01408,0.97840524
test_01409,0.98932874
test_01410,0.99993443
test_01411,0.35307157
test_01412,0.18834601
test_01413,0.022636686
test_01414,0.048415884
test_01415,0.9568337
test_01416,1.0
test_01417,0.0016707386
test_01418,0.6668107
test_01419,0.015167116
test_01420,0.0014199431
test_01421,0.30749705
test_01422,0.3416661
test_01423,0.43582737
test_01424,0.5475059
test_01425,0.7501951
test_01426,0.7525302
test_01427,0.0116451755
test_01428,0.9370353
test_01429,0.7976166
test_01430,0.87854517
test_01431,0.42136398
test_01432,0.98268795
test_01433,0.97238356
test_01434,0.99907714
test_01435,0.001550841
test_01436,0.011234126
test_01437,0.084498465
test_01438,0.041099258
test_01439,0.924949
test_01440,0.16583316
test_01441,0.45349684
test_01442,0.14348045
test_01443,0.3667531
test_01444,0.50788933
test_01445,0.9557555
test_01446,0.5194545
test_01447,0.7833345
test_01448,0.9737397
test_01449,0.9249805
test_01450,0.9996676
test_01451,0.15505461
test_01452,0.99920636
test_01453,0.6318618
test_01454,0.9975295
test_01455,0.9081791
test_01456,0.9780924
test_01457,0.9390242
test_01458,0.8118135
test_01459,0.99932307
test_01460,0.061670363
test_01461,0.0012248134
test_01462,2.3700602e-05
test_01463,0.9998885
test_01464,0.8934258
test_01465,0.9014335
test_01466,0.9999779
test_01467,0.9983858
test_01468,0.99891263
test_01469,0.0038493974
test_01470,0.20223734
test_01471,0.6472876
test_01472,0.98672277
test_01473,2.4770261e-05
test_01474,0.7914371
test_01475,0.00021693457
test_01476,0.023995634
test_01477,0.002308845
test_01478,0.0081837755
test_01479,0.6558367
test_01480,0.99999964
test_01481,0.8201146
test_01482,0.7012888
test_01483,0.5294246
test_01484,0.09028237
test_01485,0.9025768
test_01486,0.99989164
test_01487,0.01196425
test_01488,0.62786007
test_01489,0.28845006
test_01490,0.5776818
test_01491,0.028850164
test_01492,0.058857292
test_01493,0.0010634344
test_01494,0.026037607
test_01495,0.268775
test_01496,0.8522295
test_01497,0.9002387
test_01498,0.040082097
test_01499,0.002598421
test_01500,0.6071463
test_01501,0.8143221
test_01502,0.3509798
test_01503,0.8728136
test_01504,0.9802303
test_01505,0.098086506
test_01506,0.45526356
test_01507,0.99752986
test_01508,0.94974977
test_01509,0.99999356
test_01510,0.7234399
test_01511,0.9997399
test_01512,0.9984257
test_01513,0.9829333
test_01514,0.8389331
test_01515,0.87690586
test_01516,0.28536528
test_01517,0.24707216
test_01518,0.99915063
test_01519,0.6507107
test_01520,0.9999571
test_01521,0.5227752
test_01522,0.9955137
test_01523,0.3124394
test_01524,0.99750805
test_01525,0.8462132
test_01526,0.00017518937
test_01527,0.99559426
test_01528,0.9996957
test_01529,0.025495345
test_01530,0.99486387
test_01531,0.7830425
test_01532,0.14291452
test_01533,0.8808633
test_01534,0.011650256
test_01535,0.3089341
test_01536,0.23388049
test_01537,0.8898775
test_01538,0.0003464761
test_01539,1.0
test_01540,0.054974414
test_01541,0.9953434
test_01542,0.97641045
test_01543,0.9970207
test_01544,0.0005829985
test_01545,0.99999976
test_01546,0.7288253
test_01547,0.41913483
test_01548,0.009128241
test_01549,0.9968716
test_01550,0.9502162
test_01551,0.20865962
test_01552,0.8988662
test_01553,0.88521814
test_01554,0.20484029
test_01555,0.60282815
test_01556,0.85654974
test_01557,0.9999999
test_01558,0.9718492
test_01559,0.001418668
test_01560,0.99953145
test_01561,0.0029058359
test_01562,0.5291505
test_01563,0.92185616
test_01564,0.005192556
test_01565,0.6789005
test_01566,0.9622555
test_01567,0.01662774
test_01568,0.0004596918
test_01569,0.0006826134
test_01570,0.0017571998
test_01571,0.9655131
test_01572,0.9808172
test_01573,0.59863377
test_01574,0.13643882
test_01575,0.0009702915
test_01576,0.9996872
test_01577,0.025745656
test_01578,0.95589805
test_01579,0.73011094
test_01580,0.7093682
test_01581,0.9722161
test_01582,0.015743557
test_01583,2.835551e-05
test_01584,0.74918664
test_01585,0.28349805
test_01586,0.9851623
test_01587,0.667817
test_01588,4.0453742e-05
test_01589,0.5367556
test_01590,0.9994116
test_01591,0.33705243
test_01592,0.044193424
test_01593,0.6569879
test_01594,0.9057709
test_01595,0.969571
test_01596,0.002247492
test_01597,0.020823963
test_01598,0.00088294945
test_01599,0.7072153
test_01600,0.00015416875
test_01601,0.919248
test_01602,0.0054482855
test_01603,0.99886346
test_01604,0.9999895
test_01605,0.0037618354
test_01606,0.03459194
test_01607,0.99634326
test_01608,0.97218066
test_01609,0.99692166
test_01610,0.87691236
test_01611,0.0052773645
test_01612,0.9569304
test_01613,0.0057297368
test_01614,0.3554238
test_01615,0.7368833
test_01616,0.037018005
test_01617,0.78625965
test_01618,0.9978272
test_01619,0.0023452633
test_01620,0.0387645
test_01621,0.5583246
test_01622,0.9999919
test_01623,0.71814924
test_01624,0.37887377
test_01625,0.5471375
test_01626,0.99571574
test_01627,0.41245592
test_01628,0.018429335
test_01629,0.99997777
test_01630,0.51653636
test_01631,0.9999992
test_01632,3.2733034e-05
test_01633,0.9311252
test_01634,0.00087070226
test_01635,0.67595327
test_01636,0.8829678
test_01637,0.29758275
test_01638,0.94497913
test_01639,0.6688917
test_01640,0.004887414
test_01641,0.12399108
test_01642,0.98443735
test_01643,0.011707921
test_01644,0.9971799
test_01645,0.9427513
test_01646,0.503049
test_01647,0.91982377
test_01648,0.9517677
test_01649,0.00033273434
test_01650,0.4841367
test_01651,0.016608683
test_01652,0.9998828
test_01653,0.0025161803
test_01654,0.9736104
test_01655,0.9967869
test_01656,0.76781905
test_01657,0.34116992
test_01658,0.0826723
test_01659,0.0034499324
test_01660,0.9955799
test_01661,4.540776e-06
test_01662,0.51816887
test_01663,0.0005689839
test_01664,0.7457942
test_01665,0.9170482
test_01666,0.0036913175
test_01667,0.068389624
test_01668,0.5782228
test_01669,0.06297112
test_01670,0.44662288
test_01671,0.9944537
test_01672,0.99985206
test_01673,0.063694105
test_01674,5.0201896e-05
test_01675,2.084019e-05
test_01676,0.9995464
test_01677,0.5352352
test_01678,0.92639315
test_01679,0.9728837
test_01680,0.00041258705
test_01681,0.35944688
test_01682,0.9019876
test_01683,0.005300674
test_01684,0.47564048
test_01685,0.99990964
test_01686,0.75518656
test_01687,0.50721097
test_01688,0.0044181775
test_01689,0.027687036
test_01690,0.8143122
test_01691,0.8205621
test_01692,0.042868126
test_01693,0.47214648
test_01694,0.03506921
test_01695,0.4103462
test_01696,0.25480682
test_01697,0.8702234
test_01698,0.9753473
test_01699,0.8084153
test_01700,0.8194455
test_01701,0.0058428743
test_01702,0.0035455003
test_01703,0.9280015
test_01704,5.973544e-05
test_01705,0.45433453
test_01706,0.7758825
test_01707,0.50766206
test_01708,0.9997998
test_01709,0.99857885
test_01710,0.87510324
test_01711,7.76753e-05
test_01712,0.9288345
test_01713,0.0011586903
test_01714,0.11696838
test_01715,0.99999464
test_01716,0.96439224
test_01717,0.9998622
test_01718,1.2483753e-05
test_01719,0.48730797
test_01720,0.9433986
test_01721,3.4048528e-05
test_01722,0.72423685
test_01723,0.075480714
test_01724,0.10713453
test_01725,0.00578725
test_01726,0.15369952
test_01727,0.6897491
test_01728,0.2672493
test_01729,0.9749671
test_01730,0.2085458
test_01731,0.32837892
test_01732,0.0653504
test_01733,0.9973188
test_01734,0.7411026
test_01735,0.9991738
test_01736,0.9851515
test_01737,0.9999998
test_01738,0.9002734
test_01739,0.5329772
test_01740,0.79302406
test_01741,0.32093143
test_01742,0.007630902
test_01743,0.9949067
test_01744,0.99307525
test_01745,0.004672043
test_01746,0.21541458
test_01747,0.99986887
test_01748,0.19485152
test_01749,0.7293015
test_01750,0.9995603
test_01751,0.14040808
test_01752,0.2969217
test_01753,0.63659966
test_01754,0.13289376
test_01755,0.5305159
test_01756,0.85810107
test_01757,0.73158324
test_01758,0.029625218
test_01759,0.8612611
test_01760,0.98688287
test_01761,0.00082017854
test_01762,0.0055511636
test_01763,1.7862083e-05
test_01764,0.9973515
test_01765,0.97248375
test_01766,1.8182984e-05
test_01767,0.02665389
test_01768,0.00061680155
test_01769,0.84827363
test_01770,0.49076784
test_01771,0.0007267983
test_01772,0.13343132
test_01773,0.9041182
test_01774,0.99715805
test_01775,0.9983593
test_01776,0.96926606
test_01777,0.9139131
test_01778,0.9987224
test_01779,0.48497593
test_01780,0.33137625
test_01781,0.9286948
test_01782,0.2631893
test_01783,0.9925608
test_01784,0.48076317
test_01785,0.8790531
test_01786,0.8766204
test_01787,0.5433378
test_01788,1.0
test_01789,0.62605166
test_01790,0.0023214207
test_01791,0.8591398
test_01792,0.40619195
test_01793,0.02401874
test_01794,0.21161854
test_01795,0.00042116852
test_01796,0.20671672
test_01797,0.046948332
test_01798,0.8245201
test_01799,0.8246497
test_01800,0.97011673
test_01801,0.996405
test_01802,0.003880687
test_01803,0.98964655
test_01804,0.9787821
test_01805,2.4486585e-08
test_01806,0.0804044
test_01807,0.99999964
test_01808,0.9994424
test_01809,0.9345156
test_01810,0.9923702
test_01811,0.9999305
test_01812,0.99999976
test_01813,0.17044118
test_01814,0.0022593914
test_01815,1.0
test_01816,0.92802644
test_01817,0.00035431675
test_01818,0.99967813
test_01819,0.78247386
test_01820,0.012786217
test_01821,0.99996775
test_01822,0.7612741
test_01823,2.2290496e-06
test_01824,0.9085534
test_01825,0.13536511
test_01826,0.9326019
test_01827,7.4426005e-08
test_01828,0.97813946
test_01829,0.031182948
test_01830,0.9294952
test_01831,0.0015563087
test_01832,1.5791367e-05
test_01833,0.0022193762
test_01834,0.017176013
test_01835,0.42216465
test_01836,6.964817e-06
test_01837,0.99999404
test_01838,8.880102e-06
test_01839,0.98701394
test_01840,0.0062020933
test_01841,0.96732175
test_01842,0.97297406
test_01843,0.0015779559
test_01844,0.9799938
test_01845,0.792074
test_01846,0.9957806
test_01847,0.9999981
test_01848,0.0011137228
test_01849,0.77134454
test_01850,0.9191719
test_01851,0.983464
test_01852,0.001131393
test_01853,0.03430644
test_01854,0.9225461
test_01855,0.0034395421
test_01856,0.32795253
test_01857,4.3538685e-06
test_01858,0.19176705
test_01859,0.5905123
test_01860,0.98880327
test_01861,0.104585715
test_01862,0.7612366
test_01863,0.49100274
test_01864,1.1268926e-06
test_01865,0.9951848
test_01866,0.28032392
test_01867,0.015239486
test_01868,0.0004963126
test_01869,0.99997926
test_01870,0.052758206
test_01871,0.23413688
test_01872,0.79658425
test_01873,0.9647969
test_01874,0.7595404
test_01875,0.022624556
test_01876,0.9677055
test_01877,1.0
test_01878,0.27834713
test_01879,0.99999064
test_01880,0.98079765
test_01881,0.93542254
test_01882,0.0015357289
test_01883,0.2159327
test_01884,7.449306e-05
test_01885,0.22940132
test_01886,0.12426843
test_01887,0.6330925
test_01888,0.7185745
test_01889,0.3445489
test_01890,0.84443825
test_01891,0.27269202
test_01892,0.0044099893
test_01893,0.73237604
test_01894,0.060412303
test_01895,0.002637359
test_01896,0.49321854
test_01897,0.91134703
test_01898,0.9428749
test_01899,0.32144934
test_01900,0.99384236
test_01901,0.45318907
test_01902,0.9179519
test_01903,4.1676913e-07
test_01904,0.0040567555
test_01905,0.99762243
test_01906,0.005315251
test_01907,0.999015
test_01908,0.98964643
test_01909,0.10914621
test_01910,1.4705655e-08
test_01911,0.6468902
test_01912,0.9993007
test_01913,0.0030629064
test_01914,0.7977091
test_01915,0.2889137
test_01916,0.9314532
test_01917,0.9588198
test_01918,0.91360164
test_01919,0.5271301
test_01920,0.8916507
test_01921,0.026632598
test_01922,0.88440007
test_01923,0.5002383
test_01924,0.99999183
test_01925,0.9717289
test_01926,4.4710556e-05
test_01927,0.9805876
test_01928,0.04618888
test_01929,0.10911529
test_01930,0.99996483
test_01931,0.11452808
test_01932,0.9994843
test_01933,0.60826755
test_01934,0.7377636
test_01935,0.0136611685
test_01936,0.0018446213
test_01937,0.17784408
test_01938,0.041983258
test_01939,0.999964
test_01940,8.56243e-07
test_01941,0.9327706
test_01942,0.9995335
test_01943,0.198863
test_01944,0.72647303
test_01945,0.01727432
test_01946,0.16452332
test_01947,0.10411835
test_01948,0.31871736
test_01949,0.37125045
test_01950,0.81168056
test_01951,0.4370019
test_01952,0.9999996
test_01953,0.029840138
test_01954,0.99980474
test_01955,0.072378024
test_01956,0.99992883
test_01957,0.9797089
test_01958,0.79261076
test_01959,0.0020049622
test_01960,0.9976206
test_01961,0.7654247
test_01962,0.00018106813
test_01963,0.24630201
test_01964,0.0005607869
test_01965,0.6601715
test_01966,0.0008220264
test_01967,0.31013793
test_01968,0.99995804
test_01969,1.4705655e-08
test_01970,0.012321974
test_01971,0.9997877
test_01972,0.99648845
test_01973,4.6382145e-05
test_01974,0.15102488
test_01975,0.9776923
test_01976,0.99998343
test_01977,0.00079167564
test_01978,0.994305
test_01979,0.0077358345
test_01980,0.35548818
test_01981,0.32029194
test_01982,0.001113928
test_01983,0.54775345
test_01984,0.899884
test_01985,0.9988537
test_01986,0.53691995
test_01987,0.00021028276
test_01988,0.00041695734
test_01989,0.9560901
test_01990,0.035000417
test_01991,0.99761987
test_01992,0.15205088
test_01993,0.97248214
test_01994,0.747704
test_01995,0.9999913
test_01996,0.999982
test_01997,0.37964514
test_01998,0.09339027
test_01999,0.07238965
test_02000,0.9859938
test_02001,0.04046815
test_02002,0.00014378766
test_02003,0.9789837
test_02004,0.0001424526
test_02005,0.6022552
test_02006,0.0045701587
test_02007,0.37317416
test_02008,0.5321923
test_02009,0.9366298
test_02010,0.9994339
test_02011,0.9998053
test_02012,0.6324034
test_02013,0.5540132
test_02014,2.3748176e-05
test_02015,0.006477771
test_02016,0.38792974
test_02017,0.41692474
test_02018,0.9049029
test_02019,0.6267475
test_02020,0.06736235
test_02021,0.99951816
test_02022,0.064585224
test_02023,0.21109593
test_02024,0.022894347
test_02025,0.99875396
test_02026,0.997416
test_02027,0.71646297
test_02028,0.99932826
test_02029,0.73012304
test_02030,0.44891077
test_02031,0.47584626
test_02032,0.14783736
test_02033,3.003116e-06
test_02034,0.20099708
test_02035,0.9991313
test_02036,0.060353752
test_02037,0.019451056
test_02038,0.5818159
test_02039,0.99891394
test_02040,0.5584083
test_02041,0.99995697
test_02042,0.00030678266
test_02043,0.0011358152
test_02044,0.44570467
test_02045,0.9931966
test_02046,0.05347804
test_02047,0.052468553
test_02048,0.9994543
test_02049,0.15891966
test_02050,0.9152379
test_02051,0.99997866
test_02052,0.5157609
test_02053,0.2640443
test_02054,0.4404248
test_02055,0.9157393
test_02056,0.9985703
test_02057,0.9949671
test_02058,0.9019462
test_02059,0.99762106
test_02060,0.9999914
test_02061,0.9592289
test_02062,0.0077817547
test_02063,0.0016958986
test_02064,0.9896431
test_02065,0.99060786
test_02066,0.9994212
test_02067,0.00083134277
test_02068,0.033557057
test_02069,0.9746805
test_02070,0.086437054
test_02071,0.8787211
test_02072,0.31213623
test_02073,0.22808295
test_02074,0.96808404
test_02075,0.32359952
test_02076,0.2942495
test_02077,0.008807298
test_02078,0.9332388
test_02079,0.09349545
test_02080,0.9999273
test_02081,0.010874736
test_02082,0.9976533
test_02083,0.014458265
test_02084,0.19807738
test_02085,0.5048538
test_02086,0.46501416
test_02087,3.9824035e-06
test_02088,0.63744
test_02089,0.0121347
test_02090,0.68089134
test_02091,0.03362748
test_02092,0.11816445
test_02093,6.9956513e-06
test_02094,0.99999493
test_02095,0.0027845236
test_02096,0.0006784194
test_02097,0.10166884
test_02098,0.9990689
test_02099,0.9957311
test_02100,0.7221557
test_02101,0.95196426
test_02102,0.8236804
test_02103,0.13112885
test_02104,0.8831887
test_02105,0.9108162
test_02106,0.99755657
test_02107,0.048018582
test_02108,0.00016118093
test_02109,0.0012849469
test_02110,0.99285007
test_02111,7.104254e-06
test_02112,0.57553124
test_02113,0.8086115
test_02114,0.9999684
test_02115,0.41343153
test_02116,0.9994917
test_02117,0.00216629
test_02118,0.32402778
test_02119,0.8538656
test_02120,0.5784867
test_02121,0.38827303
test_02122,0.00028458578
test_02123,0.027510507
test_02124,0.026707048
test_02125,0.62978303
test_02126,0.16503471
test_02127,0.007752334
test_02128,0.00012716459
test_02129,0.2548828
test_02130,0.9998275
test_02131,0.80163705
test_02132,0.9804256
test_02133,0.9964701
test_02134,0.000477562
test_02135,0.997823
test_02136,0.38764536
test_02137,0.028530777
test_02138,0.70557535
test_02139,0.5725895
test_02140,0.015982058
test_02141,0.99999416
test_02142,0.999997
test_02143,0.019879702
test_02144,0.8251879
test_02145,0.0015688462
test_02146,0.0013061512
test_02147,0.27312884
test_02148,0.8737888
test_02149,2.2935976e-06
test_02150,0.9999968
test_02151,0.0014560358
test_02152,0.10653264
test_02153,0.9969054
test_02154,0.9985702
test_02155,0.99736357
test_02156,0.5532301
test_02157,0.00015804471
test_02158,0.015267424
test_02159,0.99960005
test_02160,0.99991286
test_02161,0.9516734
test_02162,0.9987285
test_02163,0.4093587
test_02164,0.44822532
test_02165,0.83288777
test_02166,0.0009891097
test_02167,0.083362505
test_02168,0.007673588
test_02169,0.00017165887
test_02170,0.9969665
test_02171,0.08427182
test_02172,0.8523836
test_02173,0.00094072917
test_02174,0.12526727
test_02175,0.8434633
test_02176,0.30379337
test_02177,0.17936338
test_02178,0.46122
test_02179,0.4900724
test_02180,0.9998604
test_02181,0.9999229
test_02182,0.07129195
test_02183,0.12982145
test_02184,3.5573316e-06
test_02185,0.99999475
test_02186,0.08085729
test_02187,0.9756936
test_02188,0.043666236
test_02189,0.9976034
test_02190,1.0
test_02191,0.22085063
test_02192,0.0449276
test_02193,0.0020192808
test_02194,0.98839456
test_02195,0.9698205
test_02196,0.00020424256
test_02197,0.8776879
test_02198,0.27098888
test_02199,0.60256284
test_02200,0.7127686
test_02201,0.108700916
test_02202,0.00020778106
test_02203,0.02508089
test_02204,0.575953
test_02205,0.6343683
test_02206,0.6225591
test_02207,0.06903827
test_02208,0.59544885
test_02209,0.71983814
test_02210,0.0003021959
test_02211,0.3532461
test_02212,0.13366821
test_02213,0.9960077
test_02214,0.9982593
test_02215,0.14592837
test_02216,0.000723601
test_02217,8.2929455e-07
test_02218,0.8740642
test_02219,0.0047013494
test_02220,0.08270254
test_02221,0.062972255
test_02222,0.1798012
test_02223,0.3618502
test_02224,0.9960856
test_02225,0.0033659516
test_02226,0.00039913616
test_02227,0.6333425
test_02228,0.6047684
test_02229,0.9970458
test_02230,0.13973448
test_02231,0.18510129
test_02232,0.8774
test_02233,0.998105
test_02234,0.0014284808
test_02235,0.99255794
test_02236,0.705024
test_02237,0.9849285
test_02238,0.28714955
test_02239,0.5362724
test_02240,0.9089845
test_02241,0.95044684
test_02242,0.07876051
test_02243,0.00017030285
test_02244,0.8840252
test_02245,0.014702153
test_02246,0.97116745
test_02247,0.99985904
test_02248,0.99998784
test_02249,0.99696255
test_02250,1.0
test_02251,0.00073037494
test_02252,0.99997056
test_02253,0.8220959
test_02254,0.011021094
test_02255,0.6407001
test_02256,0.18838492
test_02257,0.43162608
test_02258,0.039711975
test_02259,0.89365804
test_02260,0.8418461
test_02261,0.007406812
test_02262,0.0005036163
test_02263,0.93457377
test_02264,0.49759477
test_02265,0.99999917
test_02266,0.8969917
test_02267,1.1495667e-06
test_02268,0.0010426568
test_02269,0.9900026
test_02270,0.99829453
test_02271,0.0024275105
test_02272,0.00022286778
test_02273,0.13460936
test_02274,0.737041
test_02275,0.9995929
test_02276,0.99630404
test_02277,0.9999994
test_02278,0.9734268
test_02279,0.990343
test_02280,5.0529945e-07
test_02281,0.3476439
test_02282,0.067224376
test_02283,0.2827167
test_02284,0.13072896
test_02285,0.72327363
test_02286,0.0029814793
test_02287,0.028386679
test_02288,1.3543848e-05
test_02289,6.2696614e-05
test_02290,0.19112523
test_02291,0.16607861
test_02292,0.11685684
test_02293,0.001878423
test_02294,0.8547263
test_02295,0.4361766
test_02296,0.98450863
test_02297,0.9407153
test_02298,0.79168755
test_02299,0.99550664
test_02300,8.2919576e-07
test_02301,0.7486814
test_02302,0.9987403
test_02303,0.99808145
test_02304,0.1102318
test_02305,0.871165
test_02306,0.9691193
test_02307,0.06942569
test_02308,0.0037794427
test_02309,0.0607578
test_02310,0.9945661
test_02311,0.9881446
test_02312,0.68203276
test_02313,0.9991438
test_02314,0.10224579
test_02315,0.4469784
test_02316,0.6988424
test_02317,0.008342142
test_02318,0.9969969
test_02319,0.92457926
test_02320,0.4871233
test_02321,0.9964707
test_02322,0.9999298
test_02323,1.5298788e-07
test_02324,0.63042283
test_02325,0.7352324
test_02326,0.2517919
test_02327,0.23106337
test_02328,0.07628919
test_02329,5.6957396e-07
test_02330,0.008265096
test_02331,5.1485138e-05
test_02332,0.0025925243
test_02333,1.5377972e-06
test_02334,0.6350839
test_02335,0.9745214
test_02336,0.99969685
test_02337,0.02405489
test_02338,0.034120712
test_02339,0.9778151
test_02340,0.96519697
test_02341,0.47975126
test_02342,0.09711
test_02343,0.90210944
test_02344,1.662233e-05
test_02345,0.00023546274
test_02346,0.92262685
test_02347,0.919379
test_02348,0.9365287
test_02349,0.9999994
test_02350,0.0018337062
test_02351,0.0006707257
test_02352,0.03585327
test_02353,0.1455051
test_02354,0.9400134
test_02355,0.536917
test_02356,0.74711263
test_02357,7.332873e-05
test_02358,0.06950332
test_02359,0.99994004
test_02360,0.17843363
test_02361,0.5921007
test_02362,0.9470168
test_02363,0.99705565
test_02364,0.9988333
test_02365,0.99817127
test_02366,0.00077999715
test_02367,0.9227909
test_02368,0.006837188
test_02369,2.7107682e-05
test_02370,0.96569914
test_02371,0.7728252
test_02372,0.0033653425
test_02373,0.0021977772
test_02374,0.9869666
test_02375,0.98449963
test_02376,0.6073182
test_02377,0.059686992
test_02378,0.21214047
test_02379,0.0048089726
test_02380,0.9870864
test_02381,0.9974372
test_02382,0.9794949
test_02383,0.78782994
test_02384,1.1570508e-05
test_02385,0.89537555
test_02386,0.035477664
test_02387,0.9998653
test_02388,0.0008182199
test_02389,1.2566151e-07
test_02390,0.29963863
test_02391,0.009482346
test_02392,0.9998014
test_02393,0.0056852256
test_02394,0.000110474044
test_02395,0.99953055
test_02396,1.6520139e-07
test_02397,0.9310998
test_02398,0.9999995
test_02399,0.13011879
test_02400,0.98646414
test_02401,0.99981993
test_02402,0.79138803
test_02403,0.046250906
test_02404,0.9999686
test_02405,0.9391366
test_02406,0.8312259
test_02407,0.9999045
test_02408,0.20809123
test_02409,0.3706268
test_02410,2.4128407e-05
test_02411,0.9948324
test_02412,0.939423
test_02413,0.9842283
test_02414,0.9881237
test_02415,0.9994975
test_02416,0.0018204909
test_02417,0.9998976
test_02418,0.001731637
test_02419,0.33005312
test_02420,0.19048792
test_02421,0.95850873
test_02422,0.2701782
test_02423,0.9880939
test_02424,3.2175398e-05
test_02425,0.012040293
test_02426,0.9999995
test_02427,0.9998131
test_02428,0.00021004427
test_02429,0.00947349
test_02430,0.9834666
test_02431,0.2921896
test_02432,0.43379217
test_02433,0.99994916
test_02434,0.99994504
test_02435,0.26716554
test_02436,0.533862
test_02437,0.20798962
test_02438,0.9549024
test_02439,0.998839
test_02440,0.9915351
test_02441,0.9947007
test_02442,0.07394856
test_02443,0.8089901
test_02444,0.19193166
test_02445,0.30807632
test_02446,0.5212601
test_02447,0.9617833
test_02448,0.9823278
test_02449,3.9499384e-05
test_02450,0.99941456
test_02451,0.99974155
test_02452,0.0013553911
test_02453,0.986743
test_02454,0.15856555
test_02455,0.90392035
test_02456,1.15198845e-05
test_02457,0.8400177
test_02458,0.9617837
test_02459,0.02146892
test_02460,0.4670359
test_02461,0.99997485
test_02462,0.99999875
test_02463,0.12626408
test_02464,0.72453094
test_02465,0.022438925
test_02466,0.027413553
test_02467,0.00038360275
test_02468,0.92686266
test_02469,0.08812008
test_02470,0.9735669
test_02471,0.9999229
test_02472,0.0011356556
test_02473,0.9963536
test_02474,0.00022781896
test_02475,0.6178529
test_02476,0.0041215587
test_02477,0.62869644
test_02478,0.99875283
test_02479,0.99996364
test_02480,0.9999688
test_02481,0.9986
test_02482,0.7226051
test_02483,0.010226604
test_02484,0.7283312
test_02485,0.0024302057
test_02486,0.99000823
test_02487,0.9402882
test_02488,0.012102977
test_02489,0.9983351
test_02490,0.9997449
test_02491,0.4350803
test_02492,0.05550714
test_02493,5.7272162e-05
test_02494,0.9839027
test_02495,0.0015699354
test_02496,0.99676585
test_02497,0.74850786
test_02498,0.7449484
test_02499,0.08085483
test_02500,0.83205676
test_02501,0.008697122
test_02502,0.047613632
test_02503,0.6053694
test_02504,0.99271435
test_02505,0.122707196
test_02506,0.037817616
test_02507,0.99870735
test_02508,0.00020144833
test_02509,0.99058104
test_02510,0.104614265
test_02511,0.8601702
test_02512,0.9984537
test_02513,0.9999299
test_02514,0.0033815792
test_02515,0.99999285
test_02516,0.997854
test_02517,0.3825749
test_02518,2.597796e-05
test_02519,0.7222929
test_02520,0.00016823786
test_02521,0.1372663
test_02522,0.9872806
test_02523,0.0006694565
test_02524,0.94001824
test_02525,0.9999992
test_02526,0.8082584
test_02527,0.84059095
test_02528,0.82807076
test_02529,0.7089478
test_02530,0.9978286
test_02531,0.995378
test_02532,0.7543056
test_02533,0.6380701
test_02534,0.015842289
test_02535,0.85698724
test_02536,0.99998343
test_02537,0.68783927
test_02538,0.48262602
test_02539,0.9999554
test_02540,2.7272854e-06
test_02541,0.33314934
test_02542,0.6065488
test_02543,0.30500627
test_02544,0.78396094
test_02545,0.8401344
test_02546,0.00024824968
test_02547,0.9999833
test_02548,0.2024162
test_02549,0.9918903
test_02550,0.9998672
test_02551,0.003431106
test_02552,0.76971126
test_02553,0.93482065
test_02554,0.9235689
test_02555,0.92922497
test_02556,0.4315068
test_02557,0.7256145
test_02558,0.99943274
test_02559,0.005958773
test_02560,0.14018549
test_02561,0.9416255
test_02562,0.1918478
test_02563,0.9997548
test_02564,0.44258934
test_02565,0.9967464
test_02566,0.23683202
test_02567,0.36689734
test_02568,0.3972748
test_02569,0.05736339
test_02570,0.99806225
test_02571,0.0004697877
test_02572,0.76584125
test_02573,0.015053775
test_02574,0.9959224
test_02575,0.22063494
test_02576,0.9856828
test_02577,0.2814998
test_02578,0.9998776
test_02579,0.000765135
test_02580,0.60839725
test_02581,0.107761174
test_02582,0.042536903
test_02583,0.8472216
test_02584,0.9958286
test_02585,7.1574623e-06
test_02586,0.72114694
test_02587,0.29540724
test_02588,0.69694597
test_02589,0.0054567996
test_02590,0.902504
test_02591,0.63317376
test_02592,0.80055594
test_02593,0.57156235
test_02594,0.99706495
test_02595,0.99444515
test_02596,3.6367e-06
test_02597,0.9999856
test_02598,0.8898457
test_02599,0.58304167
test_02600,0.81236005
test_02601,4.9910777e-05
test_02602,0.015774403
test_02603,0.0054247654
test_02604,0.0006513396
test_02605,0.010266168
test_02606,0.66110504
test_02607,0.99997914
test_02608,0.9475866
test_02609,0.8591528
test_02610,0.18642524
test_02611,0.90830153
test_02612,0.18376584
test_02613,0.49786928
test_02614,0.1385448
test_02615,0.00045467424
test_02616,0.5239167
test_02617,0.9999157
test_02618,0.16089234
test_02619,0.98667216
test_02620,1.4705655e-08
test_02621,0.999948
test_02622,0.18349293
test_02623,0.99444294
test_02624,0.99985033
test_02625,0.0002555354
test_02626,0.95949864
test_02627,0.99837476
test_02628,0.06883421
test_02629,1.531606e-05
test_02630,0.9997605
test_02631,0.19797626
test_02632,0.12306306
test_02633,0.9999999
test_02634,0.00044784902
test_02635,0.79850996
test_02636,0.05512096
test_02637,0.99999833
test_02638,0.92210156
test_02639,0.00010304698
test_02640,0.99587536
test_02641,0.9999981
test_02642,0.00090719474
test_02643,0.99975634
test_02644,0.57136506
test_02645,0.4161577
test_02646,0.025144136
test_02647,0.03930892
test_02648,0.00021227788
test_02649,0.996217
test_02650,0.0117036505
test_02651,0.99355876
test_02652,0.579987
test_02653,0.9583325
test_02654,0.61276114
test_02655,0.0017479915
test_02656,0.038412854
test_02657,0.23671174
test_02658,0.9812658
test_02659,0.61046803
test_02660,0.44312313
test_02661,0.9996395
test_02662,0.9606497
test_02663,1.1153126e-05
test_02664,0.99287367
test_02665,0.9328296
test_02666,0.96487427
test_02667,0.3339924
test_02668,0.97739637
test_02669,0.71114117
test_02670,0.7614232
test_02671,0.0006568029
test_02672,0.96594167
test_02673,0.9999685
test_02674,0.60073036
test_02675,0.8363471
test_02676,0.9999021
test_02677,0.029726874
test_02678,0.99972
test_02679,0.9318652
test_02680,0.007523003
test_02681,0.011154931
test_02682,0.07558891
test_02683,0.7813455
test_02684,0.17863399
test_02685,0.36097297
test_02686,0.99997973
test_02687,0.17286599
test_02688,0.9999342
test_02689,0.89413893
test_02690,0.34746665
test_02691,0.3288451
test_02692,0.9459344
test_02693,0.7204171
test_02694,0.9998821
test_02695,0.4197966
test_02696,0.9686574
test_02697,1.7451833e-06
test_02698,0.00020993334
test_02699,0.99999154
test_02700,0.0053567886
test_02701,0.18867883
test_02702,0.35735652
test_02703,0.14403895
test_02704,0.013006141
test_02705,0.99970543
test_02706,7.2921744e-06
test_02707,0.99958503
test_02708,0.55495334
test_02709,0.95341706
test_02710,0.8882328
test_02711,0.012905423
test_02712,0.9228028
test_02713,0.353883
test_02714,0.037551593
test_02715,0.6155812
test_02716,0.00412658
test_02717,0.9978184
test_02718,0.00025291828
test_02719,0.6933881
test_02720,0.095382355
test_02721,0.043270618
test_02722,0.04922098
test_02723,0.9691073
test_02724,0.0069913636
test_02725,0.6815441
test_02726,0.9921354
test_02727,0.06627733
test_02728,0.10057282
test_02729,0.49566948
test_02730,0.9999808
test_02731,0.718824
test_02732,0.99249655
test_02733,0.4697121
test_02734,0.00025460633
test_02735,0.9999506
test_02736,0.019964367
test_02737,0.99481386
test_02738,0.3937565
test_02739,0.63881654
test_02740,0.99999607
test_02741,0.00093058584
test_02742,0.7667623
test_02743,0.006177116
test_02744,5.6402573e-06
test_02745,0.9833287
test_02746,0.5960026
test_02747,0.034504984
test_02748,0.00051047286
test_02749,0.78836465
test_02750,0.9967686
test_02751,0.85422707
test_02752,0.86989194
test_02753,0.9333192
test_02754,2.8549903e-05
test_02755,0.86776805
test_02756,0.9878063
test_02757,0.39608306
test_02758,0.55917454
test_02759,0.711903
test_02760,6.125142e-08
test_02761,0.99999964
test_02762,1.9895193e-05
test_02763,0.10619155
test_02764,0.7850032
test_02765,0.00035849615
test_02766,0.04192882
test_02767,8.2152925e-05
test_02768,0.8066774
test_02769,1.8377112e-07
test_02770,0.10249631
test_02771,0.9806987
test_02772,0.5861083
test_02773,0.29854587
test_02774,0.97877455
test_02775,0.29435834
test_02776,0.9787506
test_02777,0.991006
test_02778,0.4858384
test_02779,0.13452345
test_02780,0.8992998
test_02781,0.44864112
test_02782,0.7567228
test_02783,0.2503792
test_02784,0.999321
test_02785,0.9325441
test_02786,0.0002610343
test_02787,0.0016221602
test_02788,0.97822416
test_02789,0.086939625
test_02790,0.06487541
test_02791,0.0011735831
test_02792,0.33308846
test_02793,0.44474202
test_02794,0.00040431437
test_02795,0.98743284
test_02796,0.96606994
test_02797,0.023073565
test_02798,0.41691023
test_02799,0.9539332
test_02800,0.42979306
test_02801,9.0660134e-05
test_02802,0.005561758
test_02803,0.36545628
test_02804,0.14519401
test_02805,0.055233724
test_02806,0.99098635
test_02807,0.0025779812
test_02808,0.8987378
test_02809,0.15637589
test_02810,0.073318765
test_02811,3.9745544e-05
test_02812,0.9177032
test_02813,0.794779
test_02814,1.0
test_02815,0.24173935
test_02816,0.59644234
test_02817,8.331097e-06
test_02818,0.004120953
test_02819,0.47211346
test_02820,0.20765088
test_02821,0.13886169
test_02822,0.85619324
test_02823,0.8473162
test_02824,1.3668277e-06
test_02825,0.9804222
test_02826,0.9995668
test_02827,0.99731874
test_02828,1.0
test_02829,0.99407595
test_02830,0.9763952
test_02831,0.94164026
test_02832,0.6207079
test_02833,0.03160394
test_02834,0.7449559
test_02835,1.4705655e-08
test_02836,0.9745151
test_02837,0.99997467
test_02838,0.011273481
test_02839,0.9999583
test_02840,0.95518166
test_02841,1.0
test_02842,0.9999937
test_02843,9.5643685e-05
test_02844,3.0755882e-07
test_02845,0.06175725
test_02846,0.8701662
test_02847,0.9885858
test_02848,0.00022700692
test_02849,0.24071434
test_02850,0.19216928
test_02851,0.9999944
test_02852,5.1234963e-07
test_02853,0.0006563598
test_02854,0.566553
test_02855,0.69553924
test_02856,0.02296654
test_02857,0.9823866
test_02858,0.47538516
test_02859,0.9999819
test_02860,0.071649015
test_02861,0.9999322
test_02862,0.072992384
test_02863,0.3900529
test_02864,0.4807637
test_02865,0.9976981
test_02866,0.9991237
test_02867,0.99692976
test_02868,2.1409652e-07
test_02869,0.24055482
test_02870,0.34155315
test_02871,0.98179877
test_02872,0.6858728
test_02873,0.9973304
test_02874,0.37390304
test_02875,0.6948477
test_02876,0.9901917
test_02877,0.2396
test_02878,0.0057584234
test_02879,0.22074646
test_02880,0.98346627
test_02881,0.09081921
test_02882,0.026058078
test_02883,0.9999857
test_02884,0.57184863
test_02885,0.41037554
test_02886,0.06911709
test_02887,0.17586009
test_02888,2.951265e-06
test_02889,0.002811563
test_02890,2.3988914e-06
test_02891,0.00032739682
test_02892,0.6430809
test_02893,0.015428981
test_02894,0.22361828
test_02895,0.74103624
test_02896,0.82538366
test_02897,0.059230477
test_02898,0.87333727
test_02899,0.19904208
test_02900,0.99861795
test_02901,0.589114
test_02902,0.0030487922
test_02903,0.0068662288
test_02904,0.50227225
test_02905,0.99151605
test_02906,0.94872165
test_02907,0.66303056
test_02908,0.9913416
test_02909,0.5226356
test_02910,0.00015613057
test_02911,0.060966756
test_02912,0.81626654
test_02913,0.0006002048
test_02914,0.94034004
test_02915,0.9635689
test_02916,0.99808717
test_02917,0.0060129515
test_02918,0.055143297
test_02919,0.20845287
test_02920,6.8034424e-05
test_02921,0.83219385
test_02922,0.99978846
test_02923,0.0011287099
test_02924,0.30279773
test_02925,0.13909072
test_02926,0.9841368
test_02927,0.7987611
test_02928,0.42331588
test_02929,0.043566957
test_02930,0.99980557
test_02931,0.99616295
test_02932,0.93335664
test_02933,0.102826685
test_02934,0.29958978
test_02935,0.6470336
test_02936,0.91161704
test_02937,0.0046959715
test_02938,0.5042361
test_02939,0.99986637
test_02940,0.18858075
test_02941,0.8904568
test_02942,0.48930538
test_02943,0.9870851
test_02944,0.29416874
test_02945,0.6695599
test_02946,7.571534e-05
test_02947,0.41953647
test_02948,0.0639096
test_02949,0.39469427
test_02950,0.33887187
test_02951,0.24808209
test_02952,0.9438224
test_02953,0.7696109
test_02954,0.9999504
test_02955,0.00025365577
test_02956,0.0032628747
test_02957,1.4705655e-08
test_02958,0.9373001
test_02959,0.0024972677
test_02960,0.254567
test_02961,0.15033814
test_02962,0.9937198
test_02963,0.15233852
test_02964,0.6342323
test_02965,0.0017445368
test_02966,0.00022441667
test_02967,0.056550805
test_02968,0.9999789
test_02969,0.95070636
test_02970,0.53148645
test_02971,0.9977739
test_02972,0.9995319
test_02973,0.0005193624
test_02974,0.7691375
test_02975,0.0010058982
test_02976,0.0040232847
test_02977,0.9561324
test_02978,0.9999999
test_02979,0.9876801
test_02980,0.003315375
test_02981,0.99276555
test_02982,0.9379711
test_02983,0.629877
test_02984,0.8624456
test_02985,0.103594795
test_02986,0.5605086
test_02987,0.014961212
test_02988,0.0023499378
test_02989,0.4204291
test_02990,0.99130756
test_02991,0.7880723
test_02992,0.00016654163
test_02993,0.28551432
test_02994,0.99514806
test_02995,2.4777057e-05
test_02996,0.733796
test_02997,0.9707268
test_02998,0.097165614
test_02999,0.9999112
test_03000,0.9986372
test_03001,0.9962759
test_03002,0.7973875
test_03003,0.60267335
test_03004,0.029398015
test_03005,2.0892872e-05
test_03006,0.69660306
test_03007,0.22616917
test_03008,0.4536591
test_03009,0.07752755
test_03010,0.7282832
test_03011,0.6666456
test_03012,0.00036625253
test_03013,0.9475821
test_03014,0.97771007
test_03015,0.09061885
test_03016,0.0024763478
test_03017,0.6355138
test_03018,6.856354e-05
test_03019,0.03887604
test_03020,0.38173437
test_03021,0.15710577
test_03022,0.8353059
test_03023,0.40211412
test_03024,0.98314345
test_03025,0.3212266
test_03026,0.10043544
test_03027,0.0014236385
test_03028,9.722273e-05
test_03029,1.2111901e-05
test_03030,0.09098276
test_03031,0.17160177
test_03032,0.023498537
test_03033,0.61028695
test_03034,0.3817876
test_03035,0.6480441
test_03036,0.022151193
test_03037,0.6204822
test_03038,0.28457123
test_03039,0.001386604
test_03040,0.99939954
test_03041,0.99982053
test_03042,0.2010782
test_03043,0.9484284
test_03044,0.9473525
test_03045,0.027455892
test_03046,0.5181086
test_03047,0.9990139
test_03048,0.007812668
test_03049,0.7249492
test_03050,0.121397585
test_03051,0.0018902295
test_03052,0.22841153
test_03053,0.03191619
test_03054,0.31248274
test_03055,0.8932172
test_03056,0.99999845
test_03057,0.00032909302
test_03058,0.07264217
test_03059,0.9999987
test_03060,0.9543997
test_03061,0.98272645
test_03062,0.9654001
test_03063,0.0081820395
test_03064,0.9707775
test_03065,0.04061712
test_03066,0.99226415
test_03067,0.8615342
test_03068,0.034502454
test_03069,0.99975604
test_03070,0.95474714
test_03071,0.9998753
test_03072,0.0028718489
test_03073,0.010420352
test_03074,0.38553986
test_03075,0.9972887
test_03076,0.050390907
test_03077,0.60341144
test_03078,0.006134546
test_03079,0.92700446
test_03080,0.057112575
test_03081,0.5384931
test_03082,0.81630576
test_03083,0.58596706
test_03084,0.6982423
test_03085,0.7995288
test_03086,0.2324884
test_03087,0.08938484
test_03088,0.6658668
test_03089,0.090106145
test_03090,0.999987
test_03091,0.21060406
test_03092,5.9190745e-05
test_03093,0.7544426
test_03094,0.9998777
test_03095,0.88170594
test_03096,0.9974039
test_03097,0.037933916
test_03098,0.00025853174
test_03099,0.47870362
test_03100,0.98151964
test_03101,0.59536016
test_03102,0.99642813
test_03103,0.09629758
test_03104,0.26698732
test_03105,0.007485735
test_03106,0.019351233
test_03107,0.03836876
test_03108,0.014608413
test_03109,0.07120706
test_03110,0.0001836846
test_03111,0.00011358392
test_03112,2.7207825e-06
test_03113,0.06515812
test_03114,0.0047470727
test_03115,0.4285074
test_03116,0.9931873
test_03117,0.008855925
test_03118,0.60281
test_03119,0.9076451
test_03120,0.0019781727
test_03121,0.0015095893
test_03122,0.88942933
test_03123,0.99999624
test_03124,0.994569
test_03125,0.5558809
test_03126,0.99771565
test_03127,0.71788776
test_03128,1.4705655e-08
test_03129,0.04018456
test_03130,1.0
test_03131,0.07650341
test_03132,0.9288592
test_03133,0.7469307
test_03134,0.65968287
test_03135,0.9943467
test_03136,0.51141024
test_03137,0.17952351
test_03138,2.2799275e-05
test_03139,0.0076807793
test_03140,0.11501912
test_03141,0.5421195
test_03142,0.9747255
test_03143,0.039971232
test_03144,0.843201
test_03145,0.9999958
test_03146,0.00029361533
test_03147,0.000116150746
test_03148,0.16416131
test_03149,0.7441741
test_03150,0.9131633
test_03151,0.0047392435
test_03152,0.159562
test_03153,0.00071076024
test_03154,0.9999646
test_03155,0.0009763034
test_03156,0.9995529
test_03157,0.099693686
test_03158,0.9968029
test_03159,0.91664386
test_03160,0.049701814
test_03161,0.097558
test_03162,0.9868373
test_03163,0.062299017
test_03164,0.99985003
test_03165,3.2717378e-06
test_03166,0.0009481104
test_03167,0.0023536293
test_03168,1.707963e-05
test_03169,0.8695998
test_03170,0.005301096
test_03171,0.9801198
test_03172,0.109403096
test_03173,0.9793632
test_03174,0.6647893
test_03175,0.7179366
test_03176,0.98433536
test_03177,0.9602539
test_03178,0.999887
test_03179,0.23666976
test_03180,0.99976504
test_03181,0.9995289
test_03182,0.00044877705
test_03183,0.98826104
test_03184,0.55624294
test_03185,0.9959401
test_03186,0.0032669883
test_03187,0.9993172
test_03188,0.5703535
test_03189,0.9188274
test_03190,0.25791636
test_03191,0.049832337
test_03192,0.8924402
test_03193,0.15257841
test_03194,0.6183779
test_03195,0.5573949
test_03196,0.91174614
test_03197,0.0011791409
test_03198,0.17433518
test_03199,0.23799342
test_03200,0.038349193
test_03201,0.11350849
test_03202,0.069765426
test_03203,0.09684209
test_03204,0.99901253
test_03205,0.7847359
test_03206,0.16721995
test_03207,0.9815111
test_03208,0.062065918
test_03209,0.49892083
test_03210,0.7623533
test_03211,0.0009353976
test_03212,0.6757785
test_03213,0.9962549
test_03214,0.0018491177
test_03215,0.96114576
test_03216,0.3061279
test_03217,0.007854916
test_03218,3.7233352e-07
test_03219,0.9994838
test_03220,0.9042427
test_03221,0.88429475
test_03222,0.03796147
test_03223,0.8565724
test_03224,0.99999905
test_03225,0.8677372
test_03226,4.652517e-07
test_03227,0.9806495
test_03228,0.9995637
test_03229,0.5196233
test_03230,0.9955292
test_03231,0.9999985
test_03232,0.790899
test_03233,0.011881333
test_03234,0.17199154
test_03235,0.9018676
test_03236,0.00011535055
test_03237,0.9380621
test_03238,0.13148747
test_03239,0.031329192
test_03240,0.0007424272
test_03241,0.6198741
test_03242,0.006476598
test_03243,1.4039906e-06
test_03244,0.5207542
test_03245,0.895082
test_03246,0.8949017
test_03247,0.99292624
test_03248,0.15419401
test_03249,0.98955405
test_03250,0.048879534
test_03251,1.4705655e-08
test_03252,0.6353536
test_03253,0.99581695
test_03254,0.06880112
test_03255,0.2624719
test_03256,0.9796763
test_03257,0.846326
test_03258,0.0055706217
test_03259,0.96497643
test_03260,0.000992312
test_03261,1.4705655e-08
test_03262,0.99008656
test_03263,0.8924476
test_03264,0.22994146
test_03265,0.03653924
test_03266,0.99986315
test_03267,0.99680805
test_03268,0.2500563
test_03269,0.99992716
test_03270,0.0012032936
test_03271,0.985771
test_03272,0.9987291
test_03273,0.0002609485
test_03274,0.0004566859
test_03275,0.31319565
test_03276,0.033625975
test_03277,0.07440476
test_03278,0.67509735
test_03279,0.6435298
test_03280,0.7259779
test_03281,0.9994168
test_03282,0.93026495
test_03283,0.54248667
test_03284,2.7442786e-05
test_03285,0.99998856
test_03286,0.35932022
test_03287,0.999731
test_03288,0.53055644
test_03289,0.9502571
test_03290,0.0018538751
test_03291,0.90587205
test_03292,0.6842549
test_03293,0.99640304
test_03294,0.96453553
test_03295,0.00044451305
test_03296,0.0005643126
test_03297,0.99999374
test_03298,0.19455384
test_03299,0.9997432
test_03300,0.4917174
test_03301,0.08340174
test_03302,0.6521883
test_03303,0.0328911
test_03304,0.30553484
test_03305,0.9941813
test_03306,0.98422444
test_03307,0.56200755
test_03308,0.9988768
test_03309,0.02124523
test_03310,0.9999522
test_03311,0.18404865
test_03312,0.93745005
test_03313,1.17537165e-05
test_03314,0.0018729479
test_03315,0.4956803
test_03316,0.92364323
test_03317,0.98223495
test_03318,0.008102101
test_03319,1.0622018e-05
test_03320,0.9999829
test_03321,0.8142436
test_03322,0.9955886
test_03323,0.98145807
test_03324,0.03320115
test_03325,0.018148135
test_03326,0.5708154
test_03327,0.9475645
test_03328,0.008770266
test_03329,0.041051
test_03330,0.816627
test_03331,0.0073986356
test_03332,0.999979
test_03333,0.61514807
test_03334,0.95954823
test_03335,0.96919763
test_03336,0.0004537499
test_03337,2.8946765e-06
test_03338,0.60014427
test_03339,0.9955832
test_03340,0.45144698
test_03341,0.0018028544
test_03342,0.032064117
test_03343,0.1507495
test_03344,0.9929413
test_03345,0.005722764
test_03346,0.919062
test_03347,0.030747816
test_03348,0.0046794787
test_03349,0.98708403
test_03350,0.06980519
test_03351,0.2932628
test_03352,0.99984354
test_03353,0.17594732
test_03354,0.0055692904
test_03355,0.78347456
test_03356,0.62723565
test_03357,0.99992836
test_03358,0.0013388587
test_03359,0.9996147
test_03360,0.42360198
test_03361,0.016542954
test_03362,0.99503076
test_03363,0.88663745
test_03364,0.5003997
test_03365,0.74013346
test_03366,0.5581517
test_03367,0.9271789
test_03368,0.5013218
test_03369,0.3822205
test_03370,0.35800692
test_03371,0.976634
test_03372,0.31846812
test_03373,0.43603843
test_03374,0.3601054
test_03375,0.00015635183
test_03376,0.86787796
test_03377,0.038661733
test_03378,0.0001472779
test_03379,0.950588
test_03380,0.9999932
test_03381,0.9815657
test_03382,0.73435235
test_03383,0.2533747
test_03384,0.44742703
test_03385,0.9205977
test_03386,0.24686562
test_03387,0.9958954
test_03388,0.12751088
test_03389,0.9977882
test_03390,0.61173093
test_03391,0.99984753
test_03392,0.27519894
test_03393,0.0093466835
test_03394,0.47744432
test_03395,0.49516585
test_03396,0.032947764
test_03397,0.0023109692
test_03398,0.8978644
test_03399,0.91767484
test_03400,9.140716e-05
test_03401,0.11096488
test_03402,0.7828373
test_03403,0.03451854
test_03404,0.1923743
test_03405,0.056448385
test_03406,0.18770504
test_03407,0.002278887
test_03408,0.17900854
test_03409,0.1805871
test_03410,0.4805093
test_03411,0.58935803
test_03412,0.9371454
test_03413,0.0194005
test_03414,0.025070688
test_03415,0.7975439
test_03416,0.8021916
test_03417,0.17238364
test_03418,0.1752235
test_03419,0.00053235056
test_03420,0.99931467
test_03421,0.25759578
test_03422,0.9149114
test_03423,0.00013446664
test_03424,0.010162111
test_03425,5.5821547e-05
test_03426,0.9074944
test_03427,0.914402
test_03428,0.003952823
test_03429,0.81650674
test_03430,0.97990924
test_03431,0.9999856
test_03432,0.089877196
test_03433,0.987432
test_03434,0.17837407
test_03435,0.25818497
test_03436,0.51501465
test_03437,0.015590879
test_03438,0.0040476983
test_03439,0.99836665
test_03440,0.04526287
test_03441,0.9960775
test_03442,0.87802273
test_03443,0.8811314
test_03444,0.27193427
test_03445,0.081778936
test_03446,0.97961235
test_03447,0.6770052
test_03448,0.6973427
test_03449,0.9999694
test_03450,0.12764256
test_03451,0.03013849
test_03452,1.5131487e-06
test_03453,0.0003299097
test_03454,0.12300875
test_03455,8.614788e-07
test_03456,0.008135693
test_03457,0.27338094
test_03458,0.99974954
test_03459,5.5317112e-05
test_03460,0.054568257
test_03461,0.5240913
test_03462,0.9999999
test_03463,0.016852139
test_03464,0.4257395
test_03465,0.05792911
test_03466,0.603055
test_03467,0.22795096
test_03468,0.00018307829
test_03469,0.00011566465
test_03470,3.2513435e-06
test_03471,0.122006126
test_03472,0.99874073
test_03473,0.9928881
test_03474,0.9993195
test_03475,0.9545531
test_03476,0.029621834
test_03477,0.0061918222
test_03478,0.19694644
test_03479,0.04248936
test_03480,0.9931302
test_03481,0.39274862
test_03482,0.7309273
test_03483,0.028417652
test_03484,0.038806662
test_03485,0.64711356
test_03486,0.986992
test_03487,0.9996277
test_03488,0.9039451
test_03489,0.20315605
test_03490,0.9927181
test_03491,0.9994223
test_03492,0.99861884
test_03493,0.99996984
test_03494,0.013412986
test_03495,0.01623414
test_03496,0.054668725
test_03497,0.99692446
test_03498,0.9998169
test_03499,0.99993324
test_03500,0.62146103
test_03501,0.026023014
test_03502,0.5784497
test_03503,0.08426225
test_03504,0.32146206
test_03505,0.0017065661
test_03506,0.28389
test_03507,0.034773886
test_03508,0.20281634
test_03509,0.23410481
test_03510,0.9235387
test_03511,0.013003694
test_03512,0.34576175
test_03513,0.039042987
test_03514,0.6008042
test_03515,0.84599614
test_03516,0.054361686
test_03517,0.99444175
test_03518,0.10065449
test_03519,0.5561038
test_03520,0.9120634
test_03521,0.99769336
test_03522,0.6216684
test_03523,0.99975306
test_03524,0.022742487
test_03525,0.87898874
test_03526,1.0
test_03527,0.6215619
test_03528,0.022598494
test_03529,1.1645857e-05
test_03530,0.0007236112
test_03531,0.02561273
test_03532,0.9964001
test_03533,6.39928e-05
test_03534,0.91775024
test_03535,0.0007956887
test_03536,0.99919105
test_03537,0.7138519
test_03538,0.0016351298
test_03539,0.08260171
test_03540,0.3860438
test_03541,0.16776785
test_03542,0.48149619
test_03543,0.8859576
test_03544,0.00038691954
test_03545,0.10886856
test_03546,0.48573917
test_03547,0.99999994
test_03548,0.99961305
test_03549,0.19947655
test_03550,0.83852637
test_03551,0.9887315
test_03552,0.7161025
test_03553,0.99926543
test_03554,0.99934983
test_03555,0.0022324182
test_03556,0.56034124
test_03557,0.99966943
test_03558,0.9951641
test_03559,3.173122e-05
test_03560,0.81499994
test_03561,0.8165623
test_03562,0.90978897
test_03563,0.8976935
test_03564,0.97834855
test_03565,0.5329747
test_03566,0.0011360683
test_03567,0.6813301
test_03568,0.010198502
test_03569,0.1630136
test_03570,0.9945573
test_03571,1.4705655e-08
test_03572,0.021617485
test_03573,0.6009477
test_03574,0.3571067
test_03575,0.9755564
test_03576,0.9997558
test_03577,0.37157562
test_03578,1.4705655e-08
test_03579,2.6340811e-05
test_03580,0.3387615
test_03581,0.00013615776
test_03582,0.35617417
test_03583,1.0
test_03584,0.00027326494
test_03585,0.26436287
test_03586,0.45213333
test_03587,0.95272404
test_03588,0.3794062
test_03589,0.6635568
test_03590,0.0027424903
test_03591,0.0027275528
test_03592,0.9999794
test_03593,0.94074416
test_03594,0.00012049505
test_03595,0.99304646
test_03596,0.81016314
test_03597,1.4705655e-08
test_03598,0.43614504
test_03599,0.9987414
test_03600,0.17993063
test_03601,0.99994206
test_03602,2.6319842e-06
test_03603,0.9999962
test_03604,0.9999993
test_03605,0.6612338
test_03606,0.019031258
test_03607,0.00018208301
test_03608,0.9169741
test_03609,0.00065335655
test_03610,0.48429725
test_03611,0.73657876
test_03612,0.99998415
test_03613,0.7831414
test_03614,9.595806e-05
test_03615,0.6796243
test_03616,0.013399747
test_03617,1.4705655e-08
test_03618,0.9999745
test_03619,0.0070513594
test_03620,0.025249686
test_03621,0.0057184673
test_03622,0.08156566
test_03623,0.0028977725
test_03624,0.06189892
test_03625,0.9999646
test_03626,0.3677755
test_03627,0.7113511
test_03628,1.4705655e-08
test_03629,0.84787995
test_03630,0.92980313
test_03631,0.16958088
test_03632,0.94028175
test_03633,0.102417395
test_03634,7.543527e-05
test_03635,0.98474073
test_03636,0.2541548
test_03637,0.0049914015
test_03638,0.49507478
test_03639,0.017321682
test_03640,0.21585178
test_03641,0.7680477
test_03642,0.47783062
test_03643,0.95866364
test_03644,0.03675531
test_03645,1.0
test_03646,0.96988386
test_03647,0.124182984
test_03648,0.4355542
test_03649,0.9830123
test_03650,0.99999356
test_03651,0.12206654
test_03652,1.4705655e-08
test_03653,0.37539268
test_03654,0.96123147
test_03655,0.88980716
test_03656,0.8510507
test_03657,0.30919918
test_03658,0.8483816
test_03659,1.0
test_03660,0.9356947
test_03661,0.04091197
test_03662,0.99936134
test_03663,0.45351192
test_03664,0.4438834
test_03665,0.9999962
test_03666,0.63464135
test_03667,0.15934506
test_03668,1.0
test_03669,0.79700744
test_03670,0.8289964
test_03671,2.3755879e-06
test_03672,0.8382559
test_03673,0.9512178
test_03674,0.71479017
test_03675,0.9997593
test_03676,0.99995625
test_03677,0.9632736
test_03678,0.65175927
test_03679,9.796119e-06
test_03680,0.99542606
test_03681,0.05641533
test_03682,0.93634385
test_03683,0.9998716
test_03684,1.0
test_03685,0.9944043
test_03686,0.9995226
test_03687,0.52243465
test_03688,0.7079245
test_03689,3.135131e-05
test_03690,0.6381651
test_03691,0.99994946
test_03692,0.00017096792
test_03693,0.9416145
test_03694,0.9753241
test_03695,0.00034375585
test_03696,0.0002915951
test_03697,0.53841174
test_03698,0.9892936
test_03699,0.9708282
test_03700,0.9562787
test_03701,0.029397592
test_03702,0.9999995
test_03703,0.99980044
test_03704,0.0010035916
test_03705,0.1805222
test_03706,4.668266e-06
test_03707,0.9993243
test_03708,0.25042686
test_03709,0.99963427
test_03710,0.9832105
test_03711,0.7849044
test_03712,0.980026
test_03713,0.086633034
test_03714,0.0030018708
test_03715,0.9999999
test_03716,0.9999912
test_03717,0.0005352075
test_03718,0.12770203
test_03719,0.9999982
test_03720,0.13953029
test_03721,0.26949924
test_03722,0.029404076
test_03723,0.024482386
test_03724,0.9934757
test_03725,0.0007395197
test_03726,0.18200253
test_03727,0.0011108104
test_03728,0.54286385
test_03729,0.04375703
test_03730,0.94339204
test_03731,0.19073229
test_03732,0.8106793
test_03733,0.76353323
test_03734,0.8892639
test_03735,0.019577065
test_03736,0.11494766
test_03737,0.9874007
test_03738,0.59067774
test_03739,0.99822885
test_03740,0.023650998
test_03741,0.03668133
test_03742,0.85327816
test_03743,0.9335041
test_03744,0.51267093
test_03745,0.92752385
test_03746,0.0019638385
test_03747,0.62956214
test_03748,0.75952774
test_03749,0.6933601
test_03750,0.99793684
test_03751,0.989988
test_03752,0.9408224
test_03753,0.8709841
test_03754,0.858848
test_03755,0.42465454
test_03756,0.9883659
test_03757,0.115445524
test_03758,0.46142066
test_03759,0.11591502
test_03760,0.66488814
test_03761,0.0025515016
test_03762,0.9599457
test_03763,0.46088997
test_03764,0.9999809
test_03765,0.06088905
test_03766,0.9999703
test_03767,0.552101
test_03768,0.0003832565
test_03769,0.0008635483
test_03770,0.92866385
test_03771,0.91420674
test_03772,0.980963
test_03773,0.6212458
test_03774,0.9893189
test_03775,0.99872756
test_03776,0.00019877656
test_03777,0.019223288
test_03778,0.9966366
test_03779,0.069615975
test_03780,2.763184e-05
test_03781,0.040871873
test_03782,0.05179335
test_03783,2.3041921e-05
test_03784,0.0019898978
test_03785,0.9999855
test_03786,0.54935396
test_03787,0.00020492013
test_03788,1.4705655e-08
test_03789,0.5297538
test_03790,0.5197362
test_03791,0.7190198
test_03792,0.99988437
test_03793,0.0023218342
test_03794,0.6276624
test_03795,0.561744
test_03796,0.58333683
test_03797,0.01064311
test_03798,0.9842664
test_03799,0.049761467
test_03800,0.97867674
test_03801,0.19421998
test_03802,0.21076846
test_03803,0.49269247
test_03804,0.053561274
test_03805,0.83691007
test_03806,0.0012580503
test_03807,0.69452083
test_03808,0.2910385
test_03809,0.8519696
test_03810,3.0383416e-07
test_03811,0.05237852
test_03812,0.00017042567
test_03813,0.9999141
test_03814,0.002046756
test_03815,0.5743379
test_03816,0.00010512613
test_03817,0.7609718
test_03818,0.00030146394
test_03819,0.48690227
test_03820,0.6323628
test_03821,0.99824977
test_03822,0.5584377
test_03823,0.00047045297
test_03824,0.45947325
test_03825,0.41549984
test_03826,0.9999955
test_03827,0.000895239
test_03828,0.58369434
test_03829,0.055968463
test_03830,0.8326944
test_03831,0.0006620759
test_03832,0.030091353
test_03833,0.63507664
test_03834,0.9999958
test_03835,0.7554014
test_03836,0.01412835
test_03837,0.0909079
test_03838,0.0029909303
test_03839,0.22205202
test_03840,0.99970436
test_03841,0.9418146
test_03842,0.12763868
test_03843,0.17468975
test_03844,0.026383534
test_03845,0.99643826
test_03846,0.9988302
test_03847,0.0020642222
test_03848,0.99396646
test_03849,0.5348308
test_03850,0.3931432
test_03851,0.3506984
test_03852,0.9236164
test_03853,0.9999893
test_03854,0.94512725
test_03855,0.0013298828
test_03856,0.46483475
test_03857,6.6127325e-07
test_03858,1.4705655e-08
test_03859,0.5233792
test_03860,0.033742134
test_03861,0.3365108
test_03862,0.9999845
test_03863,0.9685118
test_03864,0.9986738
test_03865,0.47401586
test_03866,0.9999955
test_03867,0.036352303
test_03868,4.905748e-05
test_03869,0.99379206
test_03870,0.1681463
test_03871,0.00055102434
test_03872,0.00023553285
test_03873,0.3331177
test_03874,0.0012598349
test_03875,0.3948617
test_03876,0.99991655
test_03877,0.1762796
test_03878,0.98875284
test_03879,0.99977756
test_03880,0.9988811
test_03881,4.002977e-05
test_03882,0.9857841
test_03883,0.3045737
test_03884,0.9988474
test_03885,0.0024837495
test_03886,0.032349497
test_03887,0.18190277
test_03888,0.92968047
test_03889,2.199171e-08
test_03890,0.49536428
test_03891,0.0048638997
test_03892,0.06533212
test_03893,0.20172873
test_03894,0.0029202201
test_03895,0.5027066
test_03896,0.9568245
test_03897,0.9938048
test_03898,0.8031326
test_03899,0.64677095
test_03900,0.18398446
test_03901,0.012829452
test_03902,4.806714e-06
test_03903,0.83380914
test_03904,2.7195052e-05
test_03905,0.7216597
test_03906,0.07828401
test_03907,0.99996924
test_03908,0.74114287
test_03909,0.56174463
test_03910,0.43822676
test_03911,0.25573692
test_03912,0.99982905
test_03913,0.027383931
test_03914,0.28047118
test_03915,0.13141274
test_03916,0.99997175
test_03917,0.82555443
test_03918,0.99824655
test_03919,0.9953531
test_03920,0.8064673
test_03921,0.6563535
test_03922,0.0013725705
test_03923,0.9981374
test_03924,0.2136799
test_03925,7.43103e-08
test_03926,0.6119683
test_03927,0.0022249208
test_03928,0.00012993164
test_03929,0.5619101
test_03930,0.9758379
test_03931,0.9875635
test_03932,0.00011540192
test_03933,4.160481e-05
test_03934,0.9871037
test_03935,0.0007551835
test_03936,0.3865763
test_03937,0.12342287
test_03938,0.80981976
test_03939,0.0033175212
test_03940,0.0029148841
test_03941,0.31973034
test_03942,0.022838626
test_03943,0.830256
test_03944,0.8020562
test_03945,0.993706
test_03946,0.014527896
test_03947,0.36074096
test_03948,0.9998554
test_03949,0.09176278
test_03950,0.9888404
test_03951,4.9154283e-07
test_03952,0.68377995
test_03953,1.0
test_03954,0.997404
test_03955,0.15073013
test_03956,0.0004070807
test_03957,0.3064965
test_03958,0.9978707
test_03959,0.23713037
test_03960,0.0007565229
test_03961,0.99992216
test_03962,0.98144853
test_03963,0.27411765
test_03964,0.7505437
test_03965,3.3765588e-07
test_03966,0.020158742
test_03967,0.00088044954
test_03968,0.9889381
test_03969,0.8407427
test_03970,0.62852806
test_03971,0.034590773
test_03972,0.002682181
test_03973,0.9945719
test_03974,0.26736134
test_03975,0.89796937
test_03976,0.99986196
test_03977,0.99971914
test_03978,0.03504505
test_03979,0.89484394
test_03980,0.50060344
test_03981,0.949265
test_03982,0.8799188
test_03983,0.9881859
test_03984,0.6670952
test_03985,0.083491914
test_03986,6.1015977e-05
test_03987,0.0055959974
test_03988,0.9995959
test_03989,0.17947513
test_03990,0.0016319837
test_03991,3.417696e-06
test_03992,0.9285631
test_03993,0.31986344
test_03994,0.050962612
test_03995,0.5785135
test_03996,0.99540293
test_03997,0.6475008
test_03998,0.99018806
test_03999,0.99999475
test_04000,0.54646885
test_04001,0.5214895
test_04002,1.0
test_04003,0.19999981
test_04004,0.23871908
test_04005,0.00036154687
test_04006,0.43476507
test_04007,0.014050393
test_04008,0.053720374
test_04009,1.4705655e-08
test_04010,0.36739957
test_04011,0.19773531
test_04012,1.4408245e-06
test_04013,0.17807718
test_04014,0.7933649
test_04015,0.9994494
test_04016,0.9999869
test_04017,0.20861298
test_04018,0.9998221
test_04019,0.3339274
test_04020,0.9998404
test_04021,0.16002993
test_04022,8.191848e-06
test_04023,0.46045786
test_04024,0.006055249
test_04025,5.1362214e-05
test_04026,0.99998415
test_04027,0.005489286
test_04028,0.47893548
test_04029,0.6391921
test_04030,0.9906481
test_04031,0.00027939162
test_04032,0.45261866
test_04033,0.9740318
test_04034,0.9995539
test_04035,0.34215954
test_04036,0.89921737
test_04037,0.9999994
test_04038,0.008537913
test_04039,0.016616173
test_04040,0.8329192
test_04041,0.91024476
test_04042,0.99958396
test_04043,0.12935264
test_04044,0.03233813
test_04045,0.026981812
test_04046,0.00071670336
test_04047,0.9841833
test_04048,0.9260291
test_04049,0.9429096
test_04050,0.062264968
test_04051,0.99999505
test_04052,0.897725
test_04053,0.3089618
test_04054,0.0008629621
test_04055,0.98836553
test_04056,0.96418977
test_04057,0.9992652
test_04058,0.95244443
test_04059,0.35486546
test_04060,0.999933
test_04061,0.33098394
test_04062,0.0022397926
test_04063,0.0031669731
test_04064,0.32941914
test_04065,0.49883202
test_04066,0.9999994
test_04067,0.29592654
test_04068,0.9094068
test_04069,0.0002472304
test_04070,1.0917673e-05
test_04071,0.29878995
test_04072,0.0004665274
test_04073,0.17841344
test_04074,0.053669177
test_04075,0.9995848
test_04076,0.17115195
test_04077,0.80973035
test_04078,0.99963766
test_04079,0.01885308
test_04080,0.86572695
test_04081,0.79346395
test_04082,0.00032576275
test_04083,0.42429185
test_04084,0.5735432
test_04085,0.335191
test_04086,0.2518778
test_04087,0.98382616
test_04088,0.9999999
test_04089,0.39439547
test_04090,0.998226
test_04091,0.70345014
test_04092,0.99950874
test_04093,0.96858466
test_04094,0.0012492139
test_04095,0.5674429
test_04096,8.894545e-05
test_04097,0.90591526
test_04098,0.0060461415
test_04099,0.99990916
test_04100,0.9847286
test_04101,0.0007865758
test_04102,2.9128478e-05
test_04103,0.003439331
test_04104,0.73803556
test_04105,0.052963283
test_04106,0.006598774
test_04107,0.30050883
test_04108,0.14236392
test_04109,0.99325556
test_04110,0.1981979
test_04111,0.9915094
test_04112,0.38148957
test_04113,0.98506737
test_04114,0.98740315
test_04115,0.025305688
test_04116,0.99913025
test_04117,0.9993469
test_04118,0.17678457
test_04119,0.012172289
test_04120,0.95334584
test_04121,0.30533963
test_04122,0.069981486
test_04123,0.8472305
test_04124,0.99959666
test_04125,0.0007577246
test_04126,0.0045304894
test_04127,0.3559335
test_04128,0.9800532
test_04129,0.9001845
test_04130,0.00016258468
test_04131,8.0771946e-07
test_04132,0.041456133
test_04133,3.7796108e-05
test_04134,0.9827651
test_04135,0.999882
test_04136,0.5272497
test_04137,0.004958252
test_04138,0.71433884
test_04139,0.48643517
test_04140,0.9993619
test_04141,0.123972446
test_04142,0.48898798
test_04143,0.4860568
test_04144,0.99958485
test_04145,0.8977343
test_04146,0.06463749
test_04147,0.00058618735
test_04148,0.99639875
test_04149,0.8007431
test_04150,0.055083316
test_04151,0.65722543
test_04152,0.8530585
test_04153,0.63681734
test_04154,0.0043209456
test_04155,0.69919866
test_04156,0.98988336
test_04157,0.93206257
test_04158,0.96968544
test_04159,0.48814207
test_04160,0.1545643
test_04161,0.3231944
test_04162,0.9972153
test_04163,0.045362595
test_04164,0.62460196
test_04165,0.9987161
test_04166,0.040648017
test_04167,0.0059081702
test_04168,6.242569e-05
test_04169,0.9938529
test_04170,0.8851178
test_04171,0.9687778
test_04172,0.009779521
test_04173,0.8966311
test_04174,0.07693328
test_04175,0.7007415
test_04176,0.32323632
test_04177,0.0039804075
test_04178,0.98962885
test_04179,0.39872885
test_04180,0.00924374
test_04181,0.9918932
test_04182,0.8450397
test_04183,0.47177288
test_04184,0.4218584
test_04185,0.5986872
test_04186,0.8217293
test_04187,0.05173212
test_04188,0.34929144
test_04189,0.00074700004
test_04190,0.9875634
test_04191,0.9641403
test_04192,0.0036955397
test_04193,0.039806716
test_04194,0.34809276
test_04195,0.25524622
test_04196,0.65465987
test_04197,0.050562017
test_04198,0.9995034
test_04199,0.5774245
test_04200,0.10190148
test_04201,0.68541694
test_04202,0.42050898
test_04203,0.8393191
test_04204,0.52862763
test_04205,0.02825827
test_04206,3.9197454e-05
test_04207,0.9985989
test_04208,0.0016907259
test_04209,0.6201248
test_04210,0.70718455
test_04211,0.98867905
test_04212,0.5895558
test_04213,0.002499774
test_04214,0.99967444
test_04215,0.6694907
test_04216,0.00028438162
test_04217,1.0
test_04218,0.015439774
test_04219,0.7714703
test_04220,0.025472848
test_04221,0.5000744
test_04222,0.9759743
test_04223,0.9998381
test_04224,0.99999726
test_04225,0.88362676
test_04226,0.88683915
test_04227,0.99865675
test_04228,0.9997541
test_04229,0.5395068
test_04230,0.19937843
test_04231,0.41250598
test_04232,0.999996
test_04233,0.9999958
test_04234,0.8934065
test_04235,0.9992248
test_04236,0.0024055736
test_04237,0.47639188
test_04238,0.26629952
test_04239,0.70761514
test_04240,0.5530343
test_04241,0.99993426
test_04242,0.37364233
test_04243,0.7211334
test_04244,0.91081595
test_04245,0.72763354
test_04246,0.9999355
test_04247,0.9914761
test_04248,0.9971091
test_04249,0.99250585
test_04250,0.533725
test_04251,0.998903
test_04252,3.4283346e-06
test_04253,0.15506867
test_04254,0.22098796
test_04255,0.7761941
test_04256,0.99764645
test_04257,0.0015949646
test_04258,0.13229218
test_04259,0.96545744
test_04260,0.25898886
test_04261,0.7332717
test_04262,0.39634258
test_04263,0.23326384
test_04264,0.9514893
test_04265,0.99646485
test_04266,0.44077277
test_04267,0.10756281
test_04268,0.82944345
test_04269,0.9247893
test_04270,0.07780603
test_04271,0.31690764
test_04272,0.113565676
test_04273,0.37420982
test_04274,0.42056185
test_04275,0.58658576
test_04276,0.9999991
test_04277,0.03180353
test_04278,0.020075753
test_04279,0.067029506
test_04280,0.0015194432
test_04281,0.83589447
test_04282,0.6138685
test_04283,9.064496e-06
test_04284,0.00041721953
test_04285,0.7523205
test_04286,0.00066870515
test_04287,0.99999785
test_04288,0.025001476
test_04289,0.99999917
test_04290,0.14249682
test_04291,0.0010481257
test_04292,0.44343254
test_04293,0.98253626
test_04294,0.5538385
test_04295,0.00012046705
test_04296,0.51895547
test_04297,0.86832565
test_04298,0.99651754
test_04299,0.36307627
test_04300,8.851825e-05
test_04301,0.9476144
test_04302,0.059067465
test_04303,0.80970895
test_04304,0.9892649
test_04305,0.5992099
test_04306,0.00090306497
test_04307,0.5247556
test_04308,0.00390766
test_04309,0.9766906
test_04310,0.9999982
test_04311,0.9980621
test_04312,0.49724233
test_04313,0.008621326
test_04314,0.96079123
test_04315,0.99920744
test_04316,3.3078454e-06
test_04317,0.079568386
test_04318,0.2158686
test_04319,4.25929e-05
test_04320,0.006213013
test_04321,0.886217
test_04322,0.64118767
test_04323,0.30746415
test_04324,0.7099866
test_04325,0.9857017
test_04326,0.8844861
test_04327,0.26360118
test_04328,0.0016426464
test_04329,0.9999939
test_04330,0.9944805
test_04331,0.99610364
test_04332,0.02346171
test_04333,0.030017972
test_04334,0.8020201
test_04335,0.3631301
test_04336,0.068736225
test_04337,0.9965646
test_04338,0.8535724
test_04339,0.9957072
test_04340,0.06644507
test_04341,0.989144
test_04342,0.005621557
test_04343,0.36791903
test_04344,0.6205309
test_04345,0.8714441
test_04346,0.00812447
test_04347,0.17504996
test_04348,0.97230613
test_04349,0.6789244
test_04350,0.97407913
test_04351,0.0024696735
test_04352,0.5873008
test_04353,0.987009
test_04354,0.16339311
test_04355,0.9261248
test_04356,0.24632742
test_04357,0.50382614
test_04358,4.4010994e-05
test_04359,0.03964165
test_04360,0.63712096
test_04361,0.06674418
test_04362,0.00025866507
test_04363,0.9980599
test_04364,0.88504684
test_04365,0.045233592
test_04366,0.0024733907
test_04367,0.4313376
test_04368,0.21169999
test_04369,0.6655512
test_04370,0.0021689495
test_04371,0.999637
test_04372,0.075912766
test_04373,0.35429862
test_04374,0.003888983
test_04375,0.9999988
test_04376,0.216331
test_04377,0.038242284
test_04378,0.99978936
test_04379,1.4415048e-05
test_04380,0.16444317
test_04381,0.9999119
test_04382,6.510472e-05
test_04383,0.8518992
test_04384,0.9935043
test_04385,0.5099225
test_04386,0.012723039
test_04387,0.0066641066
test_04388,0.0003937944
test_04389,0.04716956
test_04390,0.39621666
test_04391,0.8816985
test_04392,0.89211583
test_04393,0.9999244
test_04394,0.99998164
test_04395,0.6237499
test_04396,0.5442616
test_04397,0.83149815
test_04398,0.00014846785
test_04399,0.029022608
test_04400,0.19881251
test_04401,0.000847934
test_04402,0.93709934
test_04403,0.83676416
test_04404,0.091057755
test_04405,0.9999443
test_04406,0.84246105
test_04407,1.4264292e-06
test_04408,0.9279959
test_04409,0.99692214
test_04410,0.9476883
test_04411,0.99782157
test_04412,0.1750619
test_04413,0.9999999
test_04414,0.99999994
test_04415,0.0019037671
test_04416,0.3328608
test_04417,0.019616218
test_04418,0.0001996228
test_04419,0.15027523
test_04420,0.012272606
test_04421,0.66011006
test_04422,0.5582905
test_04423,0.05493875
test_04424,0.050847583
test_04425,1.0
test_04426,0.4152951
test_04427,0.9773562
test_04428,0.024332268
test_04429,0.9966413
test_04430,0.842351
test_04431,0.9981849
test_04432,0.025317132
test_04433,0.008190908
test_04434,0.9999996
test_04435,0.07281087
test_04436,0.230194
test_04437,0.8637935
test_04438,0.84816766
test_04439,0.015715472
test_04440,0.9998779
test_04441,0.9976898
test_04442,0.86837554
test_04443,0.000117186646
test_04444,0.45396215
test_04445,0.99959314
test_04446,0.054408092
test_04447,0.6045779
test_04448,8.847879e-06
test_04449,0.23429075
test_04450,0.99955344
test_04451,7.649635e-06
test_04452,0.0066398373
test_04453,0.99923205
test_04454,0.09570663
test_04455,0.8936779
test_04456,0.0120692225
test_04457,0.91688514
test_04458,0.9308733
test_04459,0.35884959
test_04460,0.00017737379
test_04461,0.98929805
test_04462,0.10894659
test_04463,0.6371364
test_04464,0.9957069
test_04465,0.1489967
test_04466,5.152857e-08
test_04467,0.99961007
test_04468,0.02121934
test_04469,0.09511465
test_04470,0.7281225
test_04471,0.72992146
test_04472,0.8950125
test_04473,1.9351958e-07
test_04474,0.7040411
test_04475,0.011232028
test_04476,0.017806344
test_04477,0.24864773
test_04478,0.94438756
test_04479,0.698648
test_04480,0.7047426
test_04481,0.9999631
test_04482,0.0012448765
test_04483,0.9903016
test_04484,0.81275403
test_04485,0.99623346
test_04486,0.9111205
test_04487,1.2674484e-07
test_04488,0.88127494
test_04489,0.0030974175
test_04490,0.6764292
test_04491,0.40497315
test_04492,0.00044366374
test_04493,0.008340334
test_04494,0.09568948
test_04495,0.7726271
test_04496,1.311258e-07
test_04497,0.00030317306
test_04498,0.064210646
test_04499,0.028283099
test_04500,0.91323334
test_04501,0.038808584
test_04502,0.9873024
test_04503,0.06453822
test_04504,0.16644238
test_04505,0.07887152
test_04506,0.9971287
test_04507,0.0027560883
test_04508,3.2831867e-05
test_04509,0.00032744746
test_04510,8.090608e-06
test_04511,0.27497068
test_04512,0.9999641
test_04513,0.33790398
test_04514,0.9663775
test_04515,6.241333e-05
test_04516,0.6674663
test_04517,0.9805817
test_04518,0.0031290934
test_04519,0.008244887
test_04520,0.028701346
test_04521,0.99815476
test_04522,0.97931397
test_04523,0.018271856
test_04524,0.97267723
test_04525,0.019018061
test_04526,0.9999981
test_04527,0.1792433
test_04528,0.57875717
test_04529,0.00023434781
test_04530,0.12367698
test_04531,0.11765556
test_04532,0.9271993
test_04533,1.1810687e-05
test_04534,0.1934782
test_04535,0.88425034
test_04536,0.55010575
test_04537,0.3891906
test_04538,0.95991576
test_04539,0.9967314
test_04540,0.15736869
test_04541,0.70779383
test_04542,0.099075
test_04543,0.03075245
test_04544,0.8577701
test_04545,0.9994695
test_04546,0.9398003
test_04547,0.9831849
test_04548,0.9991728
test_04549,0.00029624268
test_04550,0.9967285
test_04551,0.9921378
test_04552,0.33942744
test_04553,0.05932917
test_04554,0.448236
test_04555,0.31259108
test_04556,0.18784319
test_04557,0.0051286686
test_04558,5.5127845e-07
test_04559,0.0003700907
test_04560,0.019886794
test_04561,6.1230436e-05
test_04562,0.024001017
test_04563,0.9997765
test_04564,6.838147e-05
test_04565,0.99933016
test_04566,5.115666e-05
test_04567,0.78008497
test_04568,0.12939408
test_04569,0.9987739
test_04570,0.42855704
test_04571,9.4268544e-05
test_04572,0.9989059
test_04573,0.73213995
test_04574,0.069571495
test_04575,0.9979847
test_04576,0.8511027
test_04577,0.40001938
test_04578,0.99936765
test_04579,0.24680373
test_04580,2.0205141e-05
test_04581,0.48724288
test_04582,0.09294305
test_04583,0.9353137
test_04584,0.8165388
test_04585,0.8523288
test_04586,0.15592258
test_04587,0.9972808
test_04588,0.86893743
test_04589,0.8463868
test_04590,1.0
test_04591,0.9697255
test_04592,0.0034156495
test_04593,0.28553212
test_04594,0.04643454
test_04595,0.41538274
test_04596,0.0007258644
test_04597,0.013930218
test_04598,0.017693855
test_04599,0.53292966
test_04600,0.024308097
test_04601,0.055764217
test_04602,0.23080699
test_04603,0.9999919
test_04604,0.012121966
test_04605,0.9748776
test_04606,0.9425976
test_04607,0.33593583
test_04608,0.12330753
test_04609,0.7946062
test_04610,0.01927355
test_04611,0.9998505
test_04612,0.9999899
test_04613,0.9985416
test_04614,0.9999659
test_04615,0.98679745
test_04616,0.97820413
test_04617,0.001135697
test_04618,0.9980953
test_04619,0.16285954
test_04620,0.19322604
test_04621,0.9352834
test_04622,0.979501
test_04623,0.9099497
test_04624,0.9841207
test_04625,0.99649096
test_04626,0.00750282
test_04627,0.0015517246
test_04628,0.9577831
test_04629,0.99517447
test_04630,0.91138744
test_04631,0.9861649
test_04632,0.004849765
test_04633,0.04217776
test_04634,0.9999342
test_04635,0.9215053
test_04636,0.88665
test_04637,0.91400373
test_04638,0.54795074
test_04639,0.99720407
test_04640,0.9763848
test_04641,0.6594977
test_04642,0.008848175
test_04643,0.45673552
test_04644,0.1545867
test_04645,0.76032495
test_04646,0.7548487
test_04647,0.70531255
test_04648,0.9529445
test_04649,0.9640195
test_04650,0.0004939671
test_04651,0.9778836
test_04652,0.009702694
test_04653,0.7057599
test_04654,0.011598718
test_04655,0.80957097
test_04656,0.0005494413
test_04657,0.998374
test_04658,0.9953065
test_04659,0.9629631
test_04660,0.79665524
test_04661,0.12387452
test_04662,0.020436615
test_04663,0.17330779
test_04664,0.010271426
test_04665,0.99999607
test_04666,2.9612602e-05
test_04667,0.9995227
test_04668,0.0007141518
test_04669,0.99364686
test_04670,0.92285234
test_04671,0.14693621
test_04672,0.24431393
test_04673,0.056397595
test_04674,0.008114629
test_04675,0.02751501
test_04676,0.096582994
test_04677,0.9900129
test_04678,0.98352504
test_04679,0.03528659
test_04680,0.5679107
test_04681,0.9829393
test_04682,0.0027069726
test_04683,0.00035662047
test_04684,0.013274414
test_04685,0.9187298
test_04686,0.85146487
test_04687,0.9387331
test_04688,0.07619579
test_04689,0.6715582
test_04690,0.9735832
test_04691,0.010899679
test_04692,4.602653e-06
test_04693,0.99831825
test_04694,0.6056464
test_04695,0.017761318
test_04696,0.9960476
test_04697,0.00057784485
test_04698,0.010019584
test_04699,0.046643253
test_04700,0.99955356
test_04701,0.7914443
test_04702,0.24503408
test_04703,0.9977648
test_04704,0.047512338
test_04705,0.0044724434
test_04706,0.00092810596
test_04707,0.407307
test_04708,0.014967448
test_04709,0.14160289
test_04710,0.7532166
test_04711,0.6586362
test_04712,0.999992
test_04713,0.15380515
test_04714,0.3854005
test_04715,0.8695886
test_04716,9.392107e-06
test_04717,0.056636885
test_04718,0.24690512
test_04719,0.2456268
test_04720,0.99331176
test_04721,0.9997997
test_04722,0.9998591
test_04723,0.995743
test_04724,0.7982503
test_04725,0.7273913
test_04726,0.1150696
test_04727,0.99851847
test_04728,0.48111162
test_04729,0.005506127
test_04730,0.00068760617
test_04731,0.061057735
test_04732,0.84804285
test_04733,0.019905675
test_04734,0.99990857
test_04735,0.98631525
test_04736,0.1933836
test_04737,0.011844471
test_04738,0.010164644
test_04739,0.043873087
test_04740,0.98793757
test_04741,0.9508153
test_04742,0.996199
test_04743,0.6240801
test_04744,0.21736541
test_04745,0.9825512
test_04746,0.00091659965
test_04747,0.45791298
test_04748,0.7650312
test_04749,0.09413415
test_04750,0.86761326
test_04751,0.9985813
test_04752,0.41227645
test_04753,0.9848321
test_04754,0.0070157996
test_04755,0.8250307
test_04756,7.254287e-07
test_04757,0.047453523
test_04758,0.00038519787
test_04759,0.9822346
test_04760,0.67475444
test_04761,0.93556464
test_04762,1.844639e-06
test_04763,0.26368234
test_04764,0.98684657
test_04765,0.99827003
test_04766,0.059623193
test_04767,0.988215
test_04768,0.42758608
test_04769,0.5293374
test_04770,0.98425865
test_04771,0.15942165
test_04772,0.7783607
test_04773,0.9999912
test_04774,0.00046683408
test_04775,0.5748194
test_04776,0.9936478
test_04777,0.004912367
test_04778,0.21275964
test_04779,0.1087183
test_04780,0.7332858
test_04781,0.16764945
test_04782,0.0033092247
test_04783,0.98321974
test_04784,0.011498205
test_04785,0.9998517
test_04786,0.004185776
test_04787,0.96737015
test_04788,0.20415916
test_04789,0.049236283
test_04790,0.9358496
test_04791,0.0034540612
test_04792,0.95907843
test_04793,0.9476507
test_04794,0.07104103
test_04795,0.018354751
test_04796,0.14162713
test_04797,0.9999107
test_04798,0.8208451
test_04799,0.32550132
test_04800,1.0
test_04801,0.5356185
test_04802,0.0716441
test_04803,0.9999981
test_04804,0.76721823
test_04805,0.006340317
test_04806,0.056092158
test_04807,0.28385097
test_04808,0.9993403
test_04809,0.98562855
test_04810,0.3206861
test_04811,0.00022152188
test_04812,0.99811137
test_04813,0.99952024
test_04814,0.05243139
test_04815,0.8607393
test_04816,0.43853882
test_04817,0.0001523358
test_04818,0.5025909
test_04819,0.28731504
test_04820,0.010895464
test_04821,0.9999142
test_04822,0.9055572
test_04823,0.9994601
test_04824,5.3360384e-07
test_04825,0.07073638
test_04826,0.9999942
test_04827,0.00025254657
test_04828,0.874496
test_04829,0.5894478
test_04830,0.04931623
test_04831,0.05134373
test_04832,0.9844346
test_04833,0.30956066
test_04834,0.09993272
test_04835,0.9963567
test_04836,0.0007405819
test_04837,0.84363246
test_04838,0.077631146
test_04839,0.5382467
test_04840,0.0006169993
test_04841,0.12716915
test_04842,0.8935845
test_04843,0.3819214
test_04844,2.0971971e-05
test_04845,0.9998032
test_04846,0.1617831
test_04847,0.46161324
test_04848,0.7786305
test_04849,0.61564744
test_04850,0.9842279
test_04851,0.91999346
test_04852,0.9998485
test_04853,0.068341956
test_04854,0.23370129
test_04855,0.9999983
test_04856,0.07300997
test_04857,0.3195731
test_04858,0.9998838
test_04859,0.70047855
test_04860,0.048244633
test_04861,0.9238176
test_04862,0.018636202
test_04863,0.57951826
test_04864,0.84708154
test_04865,0.7446437
test_04866,0.024673043
test_04867,0.07150768
test_04868,1.0874781e-05
test_04869,0.013943238
test_04870,0.9988694
test_04871,0.75462687
test_04872,0.48115936
test_04873,0.9988977
test_04874,0.005534598
test_04875,0.6394787
test_04876,0.19158405
test_04877,0.9806485
test_04878,0.11367278
test_04879,0.9079595
test_04880,0.005290042
test_04881,0.030983029
test_04882,0.39172032
test_04883,0.9999575
test_04884,0.592394
test_04885,0.2442689
test_04886,0.9996445
test_04887,0.13678558
test_04888,0.015816014
test_04889,0.6769482
test_04890,0.017975207
test_04891,0.8323121
test_04892,0.013679517
test_04893,0.095109805
test_04894,0.00010028503
test_04895,1.4705655e-08
test_04896,0.00096334127
test_04897,0.1767776
test_04898,0.014139662
test_04899,0.37116188
test_04900,0.9999425
test_04901,0.76157224
test_04902,0.0051255324
test_04903,0.99992526
test_04904,0.99119294
test_04905,0.21635339
test_04906,0.98530495
test_04907,0.9160969
test_04908,0.12854645
test_04909,0.9990567
test_04910,0.87950516
test_04911,0.97161245
test_04912,0.9934561
test_04913,0.9128423
test_04914,0.0007621528
test_04915,0.99497813
test_04916,0.0051988643
test_04917,0.9948909
test_04918,0.99021566
test_04919,0.6386198
test_04920,0.6645306
test_04921,0.8497751
test_04922,1.4705655e-08
test_04923,0.21780919
test_04924,0.029918421
test_04925,0.42894605
test_04926,1.0
test_04927,0.3086816
test_04928,0.00028314962
test_04929,0.99984074
test_04930,0.5069196
test_04931,0.9998747
test_04932,0.43022525
test_04933,0.99732673
test_04934,0.18344055
test_04935,1.507953e-07
test_04936,0.9979993
test_04937,2.368301e-05
test_04938,0.0047922228
test_04939,0.2559091
test_04940,0.96700823
test_04941,0.99929816
test_04942,0.15499607
test_04943,0.88464034
test_04944,0.99795204
test_04945,0.03108768
test_04946,1.4705655e-08
test_04947,0.99606895
test_04948,0.9968098
test_04949,0.9994029
test_04950,0.37977815
test_04951,0.1960644
test_04952,0.99854743
test_04953,0.122366205
test_04954,0.9971421
test_04955,0.9999902
test_04956,0.96564
test_04957,0.6320808
test_04958,3.725287e-05
test_04959,0.028887881
test_04960,0.93937516
test_04961,0.5307276
test_04962,0.9637004
test_04963,1.3480565e-05
test_04964,0.9329504
test_04965,0.77276826
test_04966,0.9997953
test_04967,0.58068824
test_04968,0.32804513
test_04969,0.25681442
test_04970,0.9999988
test_04971,0.9999926
test_04972,9.005861e-05
test_04973,0.99969786
test_04974,0.97297466
test_04975,0.8980105
test_04976,0.7234261
test_04977,0.00025242488
test_04978,0.19811983
test_04979,0.013372696
test_04980,0.99597836
test_04981,0.9999995
test_04982,0.99948776
test_04983,0.44110346
test_04984,0.97389174
test_04985,0.7622675
test_04986,0.027138261
test_04987,0.99387485
test_04988,0.0010915467
test_04989,0.018823361
test_04990,0.9992422
test_04991,0.75138366
test_04992,0.3359354
test_04993,0.9999935
test_04994,0.014787847
test_04995,0.9358573
test_04996,0.18707208
test_04997,0.034826107
test_04998,0.036253043
test_04999,0.17868847
test_05000,0.9998559
test_05001,0.97842324
test_05002,0.8702931
test_05003,0.9485936
test_05004,0.5428606
test_05005,0.9441705
test_05006,5.249236e-05
test_05007,0.48880833
test_05008,0.57479405
test_05009,0.97382
test_05010,0.27472103
test_05011,0.285378
test_05012,0.9996834
test_05013,0.99456894
test_05014,0.9999993
test_05015,0.9424678
test_05016,8.735835e-05
test_05017,0.9513465
test_05018,0.04866219
test_05019,0.22660601
test_05020,0.818327
test_05021,0.6027391
test_05022,0.8408334
test_05023,0.25258797
test_05024,0.99971807
test_05025,0.40278667
test_05026,0.9844699
test_05027,0.6803211
test_05028,0.984406
test_05029,0.83490515
test_05030,0.8314621
test_05031,0.48709926
test_05032,0.98291373
test_05033,0.987944
test_05034,0.19188932
test_05035,0.2323676
test_05036,0.7144493
test_05037,0.9996675
test_05038,2.3780383e-06
test_05039,0.9459052
test_05040,0.093387425
test_05041,0.9908225
test_05042,0.9920424
test_05043,0.86491346
test_05044,0.8316503
test_05045,0.77699524
test_05046,0.0076330393
test_05047,0.999998
test_05048,0.4727185
test_05049,0.99975026
test_05050,0.014745404
test_05051,0.3881197
test_05052,0.76006687
test_05053,0.99963206
test_05054,2.0946661e-06
test_05055,0.25319353
test_05056,0.6658058
test_05057,0.9433743
test_05058,0.95936775
test_05059,0.62192965
test_05060,0.981784
test_05061,0.9999762
test_05062,0.0046191695
test_05063,0.99711835
test_05064,0.60582435
test_05065,0.010522754
test_05066,0.0038530244
test_05067,0.9981691
test_05068,0.9967777
test_05069,0.87961423
test_05070,0.13430901
test_05071,7.37295e-05
test_05072,0.34032282
test_05073,0.2855095
test_05074,0.13824478
test_05075,0.8584416
test_05076,0.9953933
test_05077,0.00094799575
test_05078,0.99150777
test_05079,0.043572206
test_05080,1.0
test_05081,0.06975878
test_05082,0.34800053
test_05083,0.9365342
test_05084,0.998989
test_05085,0.7297442
test_05086,0.93148494
test_05087,0.66335887
test_05088,0.8873365
test_05089,0.38678393
test_05090,0.68946594
test_05091,0.9999343
test_05092,0.08117156
test_05093,1.4845785e-05
test_05094,0.575094
test_05095,0.99428403
test_05096,0.015380059
test_05097,0.9999815
test_05098,0.008676788
test_05099,0.99999523
test_05100,0.000709937
test_05101,0.022173539
test_05102,4.2198648e-05
test_05103,0.88730586
test_05104,0.0011680488
test_05105,0.8841059
test_05106,0.9458894
test_05107,0.00010775686
test_05108,0.077254415
test_05109,0.00087092776
test_05110,0.99963784
test_05111,0.93931484
test_05112,0.796779
test_05113,0.92427015
test_05114,0.75156915
test_05115,0.0027134256
test_05116,0.6959481
test_05117,0.28632253
test_05118,0.053012416
test_05119,0.99647677
test_05120,0.99372125
test_05121,0.07616733
test_05122,0.20545204
test_05123,0.393386
test_05124,0.052926213
test_05125,0.80711937
test_05126,0.9866649
test_05127,0.99921787
test_05128,0.058381684
test_05129,0.56031454
test_05130,0.010890727
test_05131,0.33546138
test_05132,0.006290802
test_05133,0.02308346
test_05134,0.7399673
test_05135,0.18534043
test_05136,0.5399752
test_05137,0.99597955
test_05138,0.3607517
test_05139,0.90498936
test_05140,0.7876303
test_05141,0.74482095
test_05142,0.7834648
test_05143,0.9995239
test_05144,0.094078235
test_05145,0.9998306
test_05146,0.9999373
test_05147,0.5249898
test_05148,0.2204156
test_05149,0.05829152
test_05150,0.024150226
test_05151,0.99983245
test_05152,0.98629874
test_05153,0.0039658938
test_05154,0.489944
test_05155,0.9310732
test_05156,0.9950708
test_05157,0.022643056
test_05158,0.95623565
test_05159,7.7608405e-05
test_05160,0.59605277
test_05161,0.8650948
test_05162,0.07252452
test_05163,0.00018074001
test_05164,0.013184431
test_05165,0.0028301866
test_05166,0.9855623
test_05167,0.99939334
test_05168,0.88523436
test_05169,0.8221211
test_05170,2.4909886e-07
test_05171,0.9875491
test_05172,0.48623502
test_05173,0.00023110842
test_05174,0.94549024
test_05175,0.15013011
test_05176,0.34005848
test_05177,0.98587584
test_05178,0.8389656
test_05179,0.032680377
test_05180,0.015726492
test_05181,0.18808344
test_05182,0.07535229
test_05183,0.03983271
test_05184,0.661278
test_05185,0.9999691
test_05186,0.99893516
test_05187,1.0
test_05188,0.9780489
test_05189,0.011201514
test_05190,0.9637982
test_05191,0.9843482
test_05192,0.021423602
test_05193,0.00017826533
test_05194,0.28928813
test_05195,0.21119961
test_05196,0.10736438
test_05197,0.66976005
test_05198,0.9921286
test_05199,0.28774422
test_05200,0.9999113
test_05201,1.0
test_05202,0.3973778
test_05203,0.21553934
test_05204,0.11261578
test_05205,0.47994506
test_05206,0.62654424
test_05207,0.0039314483
test_05208,0.6001426
test_05209,0.022814639
test_05210,0.9940864
test_05211,0.944281
test_05212,0.9960139
test_05213,0.009136742
test_05214,0.28659555
test_05215,0.9660411
test_05216,0.51110184
test_05217,0.18941285
test_05218,0.9999091
test_05219,0.3094427
test_05220,0.9995954
test_05221,0.0002832488
test_05222,0.09962614
test_05223,0.6166662
test_05224,0.49695253
test_05225,0.99974716
test_05226,1.8074714e-07
test_05227,0.9998765
test_05228,0.666467
test_05229,0.86108637
test_05230,0.04200235
test_05231,0.578645
test_05232,0.012015597
test_05233,0.4808211
test_05234,0.20799947
test_05235,0.980244
test_05236,0.33106253
test_05237,0.9387742
test_05238,0.004395048
test_05239,0.9919293
test_05240,0.73307407
test_05241,3.725417e-05
test_05242,0.22526903
test_05243,0.95558286
test_05244,0.6335583
test_05245,0.13226739
test_05246,0.7354246
test_05247,0.5842635
test_05248,0.080546275
test_05249,0.429406
test_05250,0.693637
test_05251,0.9997742
test_05252,0.0107408445
test_05253,0.005095667
test_05254,0.99482334
test_05255,0.20973256
test_05256,0.005476376
test_05257,0.021641238
test_05258,0.55852556
test_05259,1.4705655e-08
test_05260,0.68728596
test_05261,0.9976169
test_05262,0.884668
test_05263,0.9999977
test_05264,0.41596118
test_05265,0.00088200334
test_05266,0.99826455
test_05267,0.9989571
test_05268,0.98266274
test_05269,0.6479932
test_05270,0.9399351
test_05271,0.9345523
test_05272,0.9999585
test_05273,0.01375126
test_05274,0.008386206
test_05275,0.2182474
test_05276,0.9524096
test_05277,0.8032744
test_05278,0.9629537
test_05279,1.0068782e-06
test_05280,0.6420823
test_05281,0.9996806
test_05282,0.16541131
test_05283,0.9682546
test_05284,0.84537023
test_05285,0.005180955
test_05286,0.9995521
test_05287,4.5142174e-06
test_05288,0.93831897
test_05289,0.99999976
test_05290,0.49267894
test_05291,2.4351715e-05
test_05292,0.99999607
test_05293,0.32852516
test_05294,0.1434545
test_05295,0.99992037
test_05296,0.75175697
test_05297,0.0005902309
test_05298,0.9953512
test_05299,0.6611823
test_05300,0.3104817
test_05301,1.4452171e-06
test_05302,0.00062846264
test_05303,0.9867808
test_05304,0.14135852
test_05305,0.9828728
test_05306,0.83059394
test_05307,0.92282057
test_05308,0.9999815
test_05309,3.8989206e-06
test_05310,0.0091036325
test_05311,0.9693141
test_05312,0.7550239
test_05313,0.9997274
test_05314,0.7279901
test_05315,0.8537053
test_05316,0.99648714
test_05317,0.9800935
test_05318,0.034976758
test_05319,0.99821556
test_05320,0.99992645
test_05321,0.9999981
test_05322,0.50882107
test_05323,0.45601344
test_05324,1.0
test_05325,0.9995818
test_05326,0.9994806
test_05327,0.97448885
test_05328,0.030066544
test_05329,0.9996675
test_05330,0.0004419632
test_05331,0.0008465345
test_05332,0.018769827
test_05333,0.8881564
test_05334,0.025507726
test_05335,0.34450927
test_05336,0.9958373
test_05337,1.0
test_05338,0.9754058
test_05339,0.006338882
test_05340,0.86503476
test_05341,0.24889983
test_05342,0.0024906825
test_05343,0.7930669
test_05344,0.008160099
test_05345,0.009499799
test_05346,0.8131457
test_05347,0.2427608
test_05348,0.88511086
test_05349,0.4887668
test_05350,0.036815166
test_05351,0.9999568
test_05352,0.037738204
test_05353,0.2506892
test_05354,0.0054205703
test_05355,0.11096752
test_05356,0.29480964
test_05357,0.70903325
test_05358,0.00093648233
test_05359,9.902925e-06
test_05360,1.2753233e-05
test_05361,0.9798417
test_05362,0.9851562
test_05363,0.29555574
test_05364,0.99841976
test_05365,0.0004025764
test_05366,0.043240804
test_05367,6.214578e-07
test_05368,0.334315
test_05369,0.2287447
test_05370,0.9991785
test_05371,0.015518407
test_05372,0.91682464
test_05373,0.9982506
test_05374,0.41962108
test_05375,1.1444448e-07
test_05376,0.116038725
test_05377,0.8377883
test_05378,0.99573153
test_05379,0.7619244
test_05380,0.030543178
test_05381,0.9380599
test_05382,0.54372746
test_05383,0.98425955
test_05384,0.00046026066
test_05385,0.9594206
test_05386,0.07558122
test_05387,0.9999587
test_05388,0.997993
test_05389,7.387723e-06
test_05390,0.9999857
test_05391,0.99967647
test_05392,0.5482388
test_05393,0.083935216
test_05394,0.89991564
test_05395,0.84259593
test_05396,0.0038624962
test_05397,0.045846954
test_05398,0.9978199
test_05399,0.778918
test_05400,0.40602246
test_05401,0.29227597
test_05402,0.51780105
test_05403,0.880652
test_05404,0.56558716
test_05405,0.023086358
test_05406,0.98207057
test_05407,0.13881537
test_05408,0.9903057
test_05409,0.00014498393
test_05410,0.99993503
test_05411,0.999954
test_05412,0.9965483
test_05413,0.0051879347
test_05414,0.0021086112
test_05415,0.3938221
test_05416,0.8833996
test_05417,0.004219531
test_05418,0.99190396
test_05419,0.88746166
test_05420,0.06887673
test_05421,0.59055895
test_05422,0.46684915
test_05423,0.19942537
test_05424,7.6835226e-05
test_05425,0.48706478
test_05426,1.4705655e-08
test_05427,1.4705655e-08
test_05428,0.9999466
test_05429,0.9989569
test_05430,0.99894375
test_05431,0.018306391
test_05432,0.99999917
test_05433,0.99322927
test_05434,0.99932134
test_05435,0.7901396
test_05436,0.16405116
test_05437,0.6097467
test_05438,0.4464939
test_05439,0.27918437
test_05440,0.003120005
test_05441,1.0
test_05442,0.26249364
test_05443,0.00025148015
test_05444,0.99999946
test_05445,0.7882057
test_05446,0.011108967
test_05447,0.77175605
test_05448,0.99815965
test_05449,0.00078455877
test_05450,0.9999583
test_05451,0.12814862
test_05452,0.9974532
test_05453,0.9995395
test_05454,0.013351929
test_05455,0.00801797
test_05456,3.7565438e-05
test_05457,1.593045e-07
test_05458,0.8291421
test_05459,0.018998919
test_05460,0.946714
test_05461,0.19517502
test_05462,0.99977463
test_05463,0.96954
test_05464,0.9999989
test_05465,0.004043442
test_05466,0.968905
test_05467,0.6202035
test_05468,0.8986907
test_05469,0.011435769
test_05470,0.047884054
test_05471,0.5628569
test_05472,0.8859718
test_05473,0.60996825
test_05474,0.17475206
test_05475,0.12116795
test_05476,5.5791915e-08
test_05477,0.21792452
test_05478,0.51126236
test_05479,0.8499027
test_05480,0.33163333
test_05481,0.91006315
test_05482,0.002741075
test_05483,0.99515843
test_05484,0.000562461
test_05485,0.005620745
test_05486,0.16858011
test_05487,0.5843179
test_05488,0.9999504
test_05489,0.18563549
test_05490,0.0036816725
test_05491,0.19897494
test_05492,0.00034756563
test_05493,0.010427774
test_05494,0.54651594
test_05495,0.9995976
test_05496,0.9601973
test_05497,0.00029559128
test_05498,0.0067264633
test_05499,0.0006552341
test_05500,0.89776456
test_05501,0.99932647
test_05502,1.4921478e-05
test_05503,0.06764622
test_05504,0.9998795
test_05505,0.97295415
test_05506,0.30111688
test_05507,0.00311691
test_05508,1.0
test_05509,0.07788462
test_05510,0.988256
test_05511,0.94346356
test_05512,0.0068755513
test_05513,0.026046634
test_05514,0.0011244973
test_05515,0.0047317203
test_05516,0.004054768
test_05517,0.0008904823
test_05518,0.022752762
test_05519,0.61500734
test_05520,0.94726086
test_05521,0.8346715
test_05522,0.0034193585
test_05523,0.96990955
test_05524,0.9378092
test_05525,0.30680192
test_05526,0.016586307
test_05527,0.16515839
test_05528,0.00010869818
test_05529,0.99974656
test_05530,0.19398601
test_05531,0.011737948
test_05532,0.9705981
test_05533,0.15616846
test_05534,0.9992476
test_05535,0.99889845
test_05536,0.57122576
test_05537,0.9998468
test_05538,0.05674374
test_05539,0.9967539
test_05540,0.80711186
test_05541,0.6104731
test_05542,0.22090234
test_05543,6.553305e-06
test_05544,0.9998796
test_05545,0.00081101246
test_05546,0.013879836
test_05547,0.018707797
test_05548,0.53208864
test_05549,0.13829917
test_05550,0.0032792992
test_05551,0.4329528
test_05552,0.029776303
test_05553,0.96552753
test_05554,0.9475869
test_05555,0.72817767
test_05556,0.25879267
test_05557,0.9925915
test_05558,0.013971947
test_05559,1.4705655e-08
test_05560,0.93081445
test_05561,0.10458752
test_05562,0.9994847
test_05563,0.62271035
test_05564,0.553063
test_05565,0.71967155
test_05566,0.06469616
test_05567,0.99998647
test_05568,0.99989295
test_05569,0.87364054
test_05570,0.0015484197
test_05571,0.2985081
test_05572,0.9999235
test_05573,1.0
test_05574,0.3896242
test_05575,0.9942111
test_05576,0.21922527
test_05577,0.80714554
test_05578,0.9665489
test_05579,0.00039251955
test_05580,0.14625981
test_05581,0.12185677
test_05582,0.96856666
test_05583,6.099638e-05
test_05584,0.9960154
test_05585,0.09874249
test_05586,0.3777194
test_05587,3.9240826e-05
test_05588,0.99963534
test_05589,1.4705655e-08
test_05590,0.69379425
test_05591,0.3073188
test_05592,0.026353769
test_05593,1.0
test_05594,0.8621229
test_05595,0.9999944
test_05596,0.7063657
test_05597,0.00042831944
test_05598,0.49598312
test_05599,0.018601038
test_05600,0.99611336
test_05601,0.92690736
test_05602,0.024631798
test_05603,0.10936257
test_05604,0.99290025
test_05605,0.8807148
test_05606,0.0005228139
test_05607,0.12370164
test_05608,0.13172841
test_05609,0.14307277
test_05610,0.99947596
test_05611,0.064474866
test_05612,0.511152
test_05613,0.18158825
test_05614,0.59395313
test_05615,0.9998081
test_05616,0.017675653
test_05617,0.32977197
test_05618,0.00049373065
test_05619,0.25280604
test_05620,0.052971974
test_05621,0.117491506
test_05622,0.9946294
test_05623,0.02618989
test_05624,0.66808593
test_05625,0.0023952967
test_05626,0.99265623
test_05627,0.0010624367
test_05628,0.6847119
test_05629,0.7077264
test_05630,0.0025119588
test_05631,3.7824002e-06
test_05632,0.9703994
test_05633,0.998798
test_05634,0.9114084
test_05635,0.05718902
test_05636,0.93859184
test_05637,0.6715299
test_05638,0.6578929
test_05639,0.74764293
test_05640,0.9999937
test_05641,0.6841278
test_05642,0.9924755
test_05643,0.24152133
test_05644,0.35476676
test_05645,0.97238296
test_05646,0.3290525
test_05647,0.0049869576
test_05648,9.425275e-05
test_05649,0.0015133586
test_05650,0.9999714
test_05651,0.04803855
test_05652,0.5821135
test_05653,0.01583758
test_05654,0.73938656
test_05655,0.99151707
test_05656,0.2980106
test_05657,0.12119703
test_05658,0.0015848998
test_05659,0.99999416
test_05660,0.99262536
test_05661,0.33245888
test_05662,0.9991534
test_05663,0.42930156
test_05664,0.70246434
test_05665,0.79448885
test_05666,0.009476391
test_05667,0.15050612
test_05668,0.32022393
test_05669,0.99989915
test_05670,0.009428637
test_05671,0.5209373
test_05672,0.996274
test_05673,0.05017076
test_05674,0.018155139
test_05675,0.9942911
test_05676,1.5115972e-05
test_05677,0.00176898
test_05678,1.4705655e-08
test_05679,0.86124045
test_05680,1.329168e-05
test_05681,0.0003406498
test_05682,0.9500906
test_05683,0.09275256
test_05684,0.016077057
test_05685,0.0052972487
test_05686,0.9962832
test_05687,0.002732866
test_05688,0.30233032
test_05689,0.98527455
test_05690,9.757022e-05
test_05691,0.8789677
test_05692,0.34512585
test_05693,0.8163249
test_05694,0.80269384
test_05695,3.877863e-06
test_05696,0.99091697
test_05697,0.9866738
test_05698,0.00089702837
test_05699,0.9797627
test_05700,0.9999765
test_05701,0.999503
test_05702,0.5345453
test_05703,0.99823916
test_05704,0.99999595
test_05705,0.0018854039
test_05706,0.009736147
test_05707,0.42571867
test_05708,0.00040553368
test_05709,0.35038322
test_05710,0.75663805
test_05711,0.0077050678
test_05712,0.92561775
test_05713,0.28667605
test_05714,0.9742317
test_05715,0.6171367
test_05716,0.9971582
test_05717,0.71278024
test_05718,0.99998444
test_05719,2.6028054e-05
test_05720,2.633021e-06
test_05721,0.9999726
test_05722,0.806262
test_05723,0.0007100597
test_05724,0.75770354
test_05725,0.42270508
test_05726,0.0012099526
test_05727,0.40337306
test_05728,0.943134
test_05729,0.0024987573
test_05730,0.99912274
test_05731,0.99988914
test_05732,1.8844549e-08
test_05733,0.9436703
test_05734,0.84113204
test_05735,0.17019136
test_05736,0.45570737
test_05737,0.3924526
test_05738,0.30008838
test_05739,0.113469064
test_05740,0.67299026
test_05741,0.035850126
test_05742,0.0006244178
test_05743,0.0031884064
test_05744,0.30128533
test_05745,0.5468352
test_05746,0.33206743
test_05747,0.80004644
test_05748,0.14384924
test_05749,0.9999851
test_05750,0.009604992
test_05751,0.0026782623
test_05752,0.96645105
test_05753,0.0001696325
test_05754,0.9852625
test_05755,0.98902917
test_05756,0.8052683
test_05757,0.86567545
test_05758,0.22008458
test_05759,0.56873107
test_05760,0.13851577
test_05761,0.59584874
test_05762,0.00012335923
test_05763,0.98929644
test_05764,0.69840384
test_05765,0.9896862
test_05766,0.015045928
test_05767,0.0011297693
test_05768,0.0055556633
test_05769,0.28667358
test_05770,0.99997115
test_05771,0.9693998
test_05772,0.5740286
test_05773,0.9999622
test_05774,0.7381121
test_05775,0.49860817
test_05776,0.0044677025
test_05777,0.5568185
test_05778,0.9884789
test_05779,0.5410923
test_05780,0.26917636
test_05781,0.9304521
test_05782,0.043747254
test_05783,0.8155983
test_05784,0.67675227
test_05785,0.9999618
test_05786,0.7699576
test_05787,0.60546607
test_05788,0.979323
test_05789,0.6112067
test_05790,0.47898954
test_05791,0.10359129
test_05792,5.7432724e-05
test_05793,0.9999902
test_05794,0.20845525
test_05795,0.82386315
test_05796,0.9824693
test_05797,0.8750171
test_05798,0.8591646
test_05799,0.9974512
test_05800,0.96278936
test_05801,0.6829372
test_05802,0.0012757686
test_05803,0.97691983
test_05804,0.9996687
test_05805,0.9956161
test_05806,0.1017502
test_05807,0.032073013
test_05808,0.8253293
test_05809,0.49004912
test_05810,0.99347484
test_05811,0.46189448
test_05812,0.9929719
test_05813,0.9958395
test_05814,0.47112748
test_05815,0.9740224
test_05816,0.0027993296
test_05817,0.62926257
test_05818,0.779738
test_05819,0.9999987
test_05820,0.000100444624
test_05821,0.0016984034
test_05822,0.018104523
test_05823,0.89980006
test_05824,0.042899888
test_05825,0.0028452822
test_05826,0.9277799
test_05827,1.3487215e-05
test_05828,0.0065536634
test_05829,0.00069158006
test_05830,0.003250456
test_05831,0.0068127904
test_05832,0.7218761
test_05833,0.2904663
test_05834,0.0018123772
test_05835,0.99987626
test_05836,0.98870873
test_05837,1.4705655e-08
test_05838,0.692031
test_05839,0.99874526
test_05840,0.99985737
test_05841,0.053963725
test_05842,0.0082330005
test_05843,0.94170654
test_05844,5.3236727e-05
test_05845,2.1948084e-05
test_05846,0.401874
test_05847,0.99894786
test_05848,0.10588793
test_05849,0.0014356514
test_05850,0.24130993
test_05851,0.5089599
test_05852,0.9549569
test_05853,0.7266731
test_05854,0.60654676
test_05855,0.88913465
test_05856,0.9925773
test_05857,0.78280437
test_05858,0.21236652
test_05859,0.1054031
test_05860,0.0011405348
test_05861,1.80039e-05
test_05862,0.06122109
test_05863,0.08654784
test_05864,0.30206424
test_05865,0.07125607
test_05866,0.59996736
test_05867,0.9997164
test_05868,0.506987
test_05869,0.74092555
test_05870,0.002708384
test_05871,0.9961185
test_05872,0.898506
test_05873,0.0419808
test_05874,0.97766
test_05875,0.25232708
test_05876,0.055800833
test_05877,0.97956824
test_05878,0.99908614
test_05879,0.78357446
test_05880,0.974983
test_05881,0.9999995
test_05882,0.99972796
test_05883,0.99998564
test_05884,0.431053
test_05885,0.030066466
test_05886,0.751706
test_05887,0.0041989544
test_05888,2.4792087e-06
test_05889,0.0463854
test_05890,2.9978578e-06
test_05891,0.009084327
test_05892,0.9959103
test_05893,0.0019249561
test_05894,0.9956167
test_05895,0.33718678
test_05896,0.9449618
test_05897,0.9997438
test_05898,5.2534037e-05
test_05899,0.99999964
test_05900,0.8400394
test_05901,0.15011069
test_05902,0.9987658
test_05903,0.008650556
test_05904,0.0028166464
test_05905,0.027543148
test_05906,0.04105976
test_05907,0.7321078
test_05908,0.00023424743
test_05909,0.28776664
test_05910,0.94573367
test_05911,0.07634007
test_05912,0.18693417
test_05913,0.014344642
test_05914,0.0006947851
test_05915,0.8295003
test_05916,0.7561257
test_05917,0.6085279
test_05918,0.60737103
test_05919,0.9942185
test_05920,0.29480228
test_05921,0.999997
test_05922,0.733443
test_05923,0.9985272
test_05924,0.00837598
test_05925,0.16966538
test_05926,0.00017435494
test_05927,0.0052366834
test_05928,0.99915063
test_05929,6.581513e-07
test_05930,0.15358856
test_05931,0.99415296
test_05932,1.6858081e-05
test_05933,0.015222402
test_05934,0.0031943826
test_05935,0.067394
test_05936,0.9911883
test_05937,0.47175974
test_05938,0.9999993
test_05939,8.093865e-08
test_05940,0.11669377
test_05941,0.99999654
test_05942,6.2149566e-06
test_05943,0.96059155
test_05944,0.998878
test_05945,0.8681375
test_05946,0.19794175
test_05947,0.93652004
test_05948,0.9912003
test_05949,0.96001935
test_05950,0.0002234113
test_05951,0.11783687
test_05952,2.2053251e-05
test_05953,0.99990284
test_05954,9.778786e-05
test_05955,0.9983982
test_05956,0.09075167
test_05957,0.23861478
test_05958,1.4705655e-08
test_05959,0.99989796
test_05960,0.05575355
test_05961,0.8358173
test_05962,0.99999774
test_05963,1.0
test_05964,0.62191707
test_05965,0.0001590614
test_05966,0.0005401373
test_05967,0.4952895
test_05968,0.7958659
test_05969,0.0010607048
test_05970,0.94296265
test_05971,0.043967143
test_05972,0.6501667
test_05973,0.00028858383
test_05974,0.07760099
test_05975,0.4026416
test_05976,0.46953934
test_05977,0.7491704
test_05978,0.9236189
test_05979,0.024962587
test_05980,0.022995284
test_05981,0.8142507
test_05982,0.99921095
test_05983,1.4798072e-05
test_05984,0.53726757
test_05985,0.22051713
test_05986,0.7663164
test_05987,0.9964087
test_05988,0.9999443
test_05989,0.97894883
test_05990,0.8536117
test_05991,0.22096905
test_05992,0.7495299
test_05993,0.57208896
test_05994,0.014861737
test_05995,0.060824055
test_05996,0.31901455
test_05997,0.94680256
test_05998,0.1107497
test_05999,0.33252206
test_06000,0.996879
test_06001,0.886119
test_06002,0.98709965
test_06003,0.9998081
test_06004,0.017814681
test_06005,0.9885678
test_06006,0.999845
test_06007,0.0017517495
test_06008,0.018362364
test_06009,0.44247353
test_06010,0.3980298
test_06011,0.56516546
test_06012,0.7468944
test_06013,0.12041828
test_06014,0.07357317
test_06015,0.0019807871
test_06016,0.098800465
test_06017,0.5032037
test_06018,0.041708957
test_06019,0.97233516
test_06020,0.009624166
test_06021,0.052962746
test_06022,0.013098055
test_06023,0.23091374
test_06024,0.7334048
test_06025,0.8967552
test_06026,0.17329061
test_06027,0.995937
test_06028,0.00019310837
test_06029,0.26215035
test_06030,0.95574415
test_06031,0.032901205
test_06032,0.0009466214
test_06033,0.0006397042
test_06034,0.87202716
test_06035,0.19901304
test_06036,0.944475
test_06037,0.10674957
test_06038,0.91736853
test_06039,0.0015538067
test_06040,0.52997565
test_06041,0.1328976
test_06042,0.8644825
test_06043,0.030559128
test_06044,0.99997807
test_06045,0.55589783
test_06046,0.4272592
test_06047,0.35240006
test_06048,0.95155513
test_06049,0.048038777
test_06050,0.044125184
test_06051,0.033014752
test_06052,0.9996767
test_06053,0.0035697506
test_06054,0.7748614
test_06055,2.1210756e-06
test_06056,0.99890924
test_06057,0.9886237
test_06058,0.9988884
test_06059,0.99970454
test_06060,0.9998304
test_06061,1.5632068e-08
test_06062,0.57411337
test_06063,0.80846
test_06064,0.9977592
test_06065,0.32261783
test_06066,0.08383594
test_06067,0.35344452
test_06068,0.72458315
test_06069,0.85761905
test_06070,0.008107378
test_06071,0.0022919618
test_06072,0.9999993
test_06073,0.9380417
test_06074,0.45245114
test_06075,4.4206326e-06
test_06076,0.9999804
test_06077,0.6496633
test_06078,0.8666712
test_06079,0.999506
test_06080,0.9992025
test_06081,0.91989076
test_06082,0.089340076
test_06083,0.8899202
test_06084,0.0002665506
test_06085,0.9996829
test_06086,0.46072432
test_06087,0.9995873
test_06088,0.03869374
test_06089,0.94023347
test_06090,0.99992436
test_06091,0.9633939
test_06092,0.00027179605
test_06093,0.08943058
test_06094,0.99988437
test_06095,0.68569934
test_06096,0.99951553
test_06097,0.034581948
test_06098,0.00068900106
test_06099,0.42671508
test_06100,0.027017012
test_06101,0.0001020187
test_06102,0.777733
test_06103,0.99999845
test_06104,0.99999833
test_06105,0.9999955
test_06106,0.9908006
test_06107,0.44618568
test_06108,0.5856448
test_06109,0.4614023
test_06110,0.86248684
test_06111,0.00021598961
test_06112,0.8090472
test_06113,0.0053415084
test_06114,0.00040071577
test_06115,1.0
test_06116,0.71654487
test_06117,0.008957084
test_06118,0.94490784
test_06119,0.99998504
test_06120,0.8191478
test_06121,0.52273154
test_06122,0.23413199
test_06123,0.00059071113
test_06124,0.5127406
test_06125,0.9765856
test_06126,0.36969227
test_06127,0.40181544
test_06128,0.6050487
test_06129,0.047951207
test_06130,0.6229285
test_06131,0.03865494
test_06132,0.99996173
test_06133,0.2035045
test_06134,5.901399e-05
test_06135,9.5427546e-05
test_06136,0.9612451
test_06137,0.9511547
test_06138,0.7834953
test_06139,0.9999989
test_06140,0.46181333
test_06141,0.93408656
test_06142,0.9818368
test_06143,0.23109524
test_06144,0.94102275
test_06145,0.0068594245
test_06146,1.4917388e-05
test_06147,0.9617249
test_06148,0.00041922124
test_06149,0.00029206084
test_06150,0.015134484
test_06151,0.3524977
test_06152,0.0018113832
test_06153,0.95681787
test_06154,0.47533357
test_06155,0.9942094
test_06156,0.0004224506
test_06157,0.023258502
test_06158,0.12297954
test_06159,0.40199667
test_06160,0.99998534
test_06161,0.0018705018
test_06162,0.7791028
test_06163,0.57763094
test_06164,0.9950777
test_06165,0.2636727
test_06166,0.38219747
test_06167,0.8550527
test_06168,0.4719589
test_06169,0.9164156
test_06170,0.9908279
test_06171,0.571146
test_06172,0.9995862
test_06173,0.3153429
test_06174,0.0013243535
test_06175,2.846875e-05
test_06176,0.12993766
test_06177,0.9999997
test_06178,0.9901161
test_06179,0.9223166
test_06180,0.99145174
test_06181,6.7530827e-06
test_06182,0.3956134
test_06183,0.999997
test_06184,0.37922525
test_06185,0.5195248
test_06186,1.0
test_06187,0.009933652
test_06188,0.5338398
test_06189,0.00054936873
test_06190,0.12252152
test_06191,0.06177359
test_06192,6.5412365e-08
test_06193,0.7881899
test_06194,0.91737163
test_06195,0.6806687
test_06196,5.9231483e-05
test_06197,0.99773204
test_06198,0.15129714
test_06199,0.45490262
test_06200,0.9998492
test_06201,0.99963176
test_06202,0.18418753
test_06203,0.025275107
test_06204,0.6317092
test_06205,0.80241287
test_06206,0.03352119
test_06207,0.33462682
test_06208,0.050447278
test_06209,0.89537525
test_06210,0.9999652
test_06211,0.052553132
test_06212,0.99997675
test_06213,0.112147756
test_06214,0.9621046
test_06215,0.9479885
test_06216,0.2791025
test_06217,0.9976485
test_06218,0.6733049
test_06219,0.09133212
test_06220,0.00062972924
test_06221,1.0932428e-05
test_06222,8.179684e-06
test_06223,0.045558512
test_06224,0.9826857
test_06225,0.99533623
test_06226,0.8872675
test_06227,0.031828318
test_06228,0.9862553
test_06229,1.3941437e-06
test_06230,0.39379212
test_06231,0.008110529
test_06232,0.028386928
test_06233,0.011728282
test_06234,0.99727374
test_06235,0.00026846828
test_06236,0.12380178
test_06237,0.34834373
test_06238,0.009196149
test_06239,0.7630063
test_06240,0.9920163
test_06241,0.9691089
test_06242,0.18488778
test_06243,0.9999999
test_06244,0.03071158
test_06245,0.41339758
test_06246,0.99539506
test_06247,0.85325456
test_06248,0.9997972
test_06249,0.943846
test_06250,0.9998594
test_06251,0.030225739
test_06252,0.90517277
test_06253,0.6001176
test_06254,0.85434234
test_06255,0.0159565
test_06256,0.9998106
test_06257,0.50344694
test_06258,0.9699998
test_06259,0.82038134
test_06260,0.99984086
test_06261,0.06379837
test_06262,0.99986875
test_06263,0.90769076
test_06264,0.7162062
test_06265,0.37298042
test_06266,0.99869764
test_06267,0.3023967
test_06268,0.99998045
test_06269,0.7201921
test_06270,0.7300067
test_06271,0.98999393
test_06272,0.9999598
test_06273,0.10377033
test_06274,0.8861265
test_06275,0.9847357
test_06276,0.13809037
test_06277,0.99773216
test_06278,0.022835793
test_06279,0.22998208
test_06280,0.48796183
test_06281,0.99280006
test_06282,0.9999958
test_06283,0.022112548
test_06284,0.25490057
test_06285,0.16952293
test_06286,0.9991411
test_06287,0.04420387
test_06288,0.8962023
test_06289,0.15737936
test_06290,0.22589177
test_06291,0.1487337
test_06292,0.0001739073
test_06293,0.00013071336
test_06294,0.2902029
test_06295,4.0301606e-05
test_06296,0.08445289
test_06297,0.9826968
test_06298,0.9999187
test_06299,0.6807856
test_06300,0.9995035
test_06301,0.1012202
test_06302,0.36608815
test_06303,0.008424591
test_06304,0.975093
test_06305,0.5385542
test_06306,0.2621513
test_06307,0.80160296
test_06308,0.9979454
test_06309,0.9954672
test_06310,2.7467597e-05
test_06311,0.0014744692
test_06312,0.2823037
test_06313,0.94740415
test_06314,0.0028454156
test_06315,0.4288039
test_06316,0.18954325
test_06317,0.74975425
test_06318,0.9999888
test_06319,0.29126954
test_06320,0.99996495
test_06321,0.036670018
test_06322,0.9951432
test_06323,0.36572218
test_06324,3.272989e-05
test_06325,0.9431634
test_06326,0.97946167
test_06327,0.07383166
test_06328,0.89542687
test_06329,0.13684249
test_06330,1.4705655e-08
test_06331,0.00014600973
test_06332,0.00029170292
test_06333,0.99006486
test_06334,0.15373191
test_06335,0.5567069
test_06336,0.36819124
test_06337,0.12757005
test_06338,0.68703735
test_06339,0.9969224
test_06340,0.9999655
test_06341,0.24130763
test_06342,0.9328616
test_06343,0.12570383
test_06344,0.088487335
test_06345,0.51809317
test_06346,0.872596
test_06347,0.046524845
test_06348,0.9999949
test_06349,0.59858656
test_06350,5.1436773e-06
test_06351,0.9991306
test_06352,0.26476598
test_06353,0.046310153
test_06354,0.97525436
test_06355,0.36047438
test_06356,0.9949802
test_06357,0.010475833
test_06358,0.97197044
test_06359,0.9986119
test_06360,1.0
test_06361,0.18195358
test_06362,1.0185012e-05
test_06363,0.3954555
test_06364,0.59080523
test_06365,0.065992296
test_06366,0.033993106
test_06367,0.984095
test_06368,0.95261765
test_06369,0.9601455
test_06370,0.99892056
test_06371,0.028459258
test_06372,0.8177068
test_06373,0.9713539
test_06374,0.96114475
test_06375,0.11430002
test_06376,0.042443443
test_06377,0.72706455
test_06378,0.9057629
test_06379,0.0006387966
test_06380,0.014088161
test_06381,0.0013836287
test_06382,0.99988705
test_06383,0.7416034
test_06384,0.51293933
test_06385,0.00037098583
test_06386,0.9934804
test_06387,0.9660759
test_06388,0.6395998
test_06389,0.00044245573
test_06390,0.98921955
test_06391,0.073029146
test_06392,0.01896473
test_06393,0.0003930188
test_06394,0.9905782
test_06395,0.82952344
test_06396,0.14273606
test_06397,0.006051016
test_06398,0.99579394
test_06399,0.046092972
test_06400,0.0033421493
test_06401,0.60850745
test_06402,0.9972036
test_06403,0.7011638
test_06404,0.27730632
test_06405,0.0009795206
test_06406,0.0011473816
test_06407,0.35806236
test_06408,0.0043222057
test_06409,0.9859331
test_06410,0.8098398
test_06411,0.85067564
test_06412,0.30933067
test_06413,0.11295387
test_06414,0.9995481
test_06415,0.6941284
test_06416,0.9790424
test_06417,0.714447
test_06418,0.02626159
test_06419,0.8720044
test_06420,0.004786158
test_06421,0.8205616
test_06422,0.9702267
test_06423,0.90318763
test_06424,0.1934038
test_06425,0.37616307
test_06426,0.00064887304
test_06427,0.018640762
test_06428,0.6725564
test_06429,0.14657962
test_06430,0.95875514
test_06431,0.9862278
test_06432,0.00019887951
test_06433,0.8581667
test_06434,0.8361505
test_06435,0.7515955
test_06436,0.008729028
test_06437,0.73651165
test_06438,0.0006943927
test_06439,0.9978803
test_06440,0.014464128
test_06441,0.3152896
test_06442,0.04994463
test_06443,0.08946927
test_06444,0.0022262132
test_06445,0.009368507
test_06446,0.66633767
test_06447,0.77753603
test_06448,0.85225755
test_06449,0.0002962843
test_06450,0.9038988
test_06451,0.99995136
test_06452,0.99997056
test_06453,0.30806464
test_06454,0.891096
test_06455,0.9830416
test_06456,0.04954442
test_06457,0.27178505
test_06458,0.14824916
test_06459,0.9999658
test_06460,0.109409556
test_06461,0.00011288473
test_06462,0.7369383
test_06463,0.9999942
test_06464,0.00020164598
test_06465,0.042933524
test_06466,0.082484365
test_06467,0.90044916
test_06468,3.6308674e-07
test_06469,0.9974961
test_06470,0.4961227
test_06471,9.209348e-06
test_06472,0.25071782
test_06473,0.9984518
test_06474,1.4705655e-08
test_06475,0.99084926
test_06476,0.0022052259
test_06477,2.995026e-05
test_06478,0.99984044
test_06479,0.96639764
test_06480,0.8908219
test_06481,0.22345617
test_06482,0.99993354
test_06483,0.0018554659
test_06484,0.0001334548
test_06485,0.9912236
test_06486,0.99716043
test_06487,0.5005387
test_06488,0.99980396
test_06489,0.0036198446
test_06490,0.9999945
test_06491,0.048241723
test_06492,0.7290256
test_06493,0.0008625335
test_06494,0.6541035
test_06495,0.0025965131
test_06496,0.03772881
test_06497,0.9554666
test_06498,0.9995432
test_06499,3.0406865e-05
test_06500,0.2968362
test_06501,0.016123228
test_06502,0.99637353
test_06503,0.045044117
test_06504,0.002932846
test_06505,0.0003934837
test_06506,0.60555446
test_06507,0.9494389
test_06508,0.999905
test_06509,0.8354291
test_06510,0.9991007
test_06511,0.7490448
test_06512,0.9162191
test_06513,0.9725946
test_06514,0.10255192
test_06515,0.972552
test_06516,0.9999999
test_06517,0.9990589
test_06518,0.5267837
test_06519,0.050842486
test_06520,4.5101726e-05
test_06521,0.9742564
test_06522,0.7032907
test_06523,0.99999803
test_06524,0.0006775373
test_06525,0.0012199099
test_06526,0.9865366
test_06527,0.001325915
test_06528,0.8451228
test_06529,0.10227221
test_06530,0.056657508
test_06531,0.7251322
test_06532,0.9887296
test_06533,0.9995793
test_06534,0.9810355
test_06535,0.9830681
test_06536,0.37217653
test_06537,0.07021008
test_06538,0.6870152
test_06539,0.36149257
test_06540,0.044985328
test_06541,0.53473306
test_06542,0.06726852
test_06543,0.5376969
test_06544,0.9991214
test_06545,0.94047767
test_06546,0.106132686
test_06547,0.84530556
test_06548,0.99999976
test_06549,0.12656617
test_06550,0.99396074
test_06551,0.002925435
test_06552,0.820073
test_06553,0.97800624
test_06554,0.51899326
test_06555,0.09820401
test_06556,0.99917346
test_06557,0.11395627
test_06558,0.69861
test_06559,0.35754472
test_06560,0.2749081
test_06561,0.3748691
test_06562,0.06622787
test_06563,0.025162382
test_06564,0.16754936
test_06565,0.599507
test_06566,0.73822105
test_06567,0.40084797
test_06568,0.17524819
test_06569,0.35904416
test_06570,0.2817572
test_06571,0.032869015
test_06572,0.19636318
test_06573,0.08760654
test_06574,0.06311098
test_06575,0.44962123
test_06576,0.4748228
test_06577,0.31726474
test_06578,0.99479485
test_06579,0.28925246
test_06580,0.9246038
test_06581,0.014896544
test_06582,0.9898974
test_06583,0.012417561
test_06584,0.18708922
test_06585,0.9527719
test_06586,0.000108654625
test_06587,0.99993443
test_06588,0.0076432736
test_06589,0.2764754
test_06590,0.057015732
test_06591,0.02033249
test_06592,0.5715686
test_06593,0.75625205
test_06594,0.9930573
test_06595,0.69453347
test_06596,0.41377866
test_06597,0.12697211
test_06598,1.3711312e-06
test_06599,0.0021789987
test_06600,0.121071994
test_06601,3.957396e-06
test_06602,0.014132265
test_06603,0.24728204
test_06604,0.21090621
test_06605,0.00069451635
test_06606,0.7442704
test_06607,0.41206378
test_06608,0.999982
test_06609,0.8977549
test_06610,0.011527188
test_06611,0.96679056
test_06612,3.0570402e-06
test_06613,0.00021467247
test_06614,1.6794277e-06
test_06615,0.1903462
test_06616,0.9384428
test_06617,0.51067966
test_06618,9.276099e-05
test_06619,0.011515912
test_06620,0.5471994
test_06621,1.4705655e-08
test_06622,6.235128e-06
test_06623,0.1672691
test_06624,0.9999983
test_06625,0.8242543
test_06626,0.00016954617
test_06627,0.00028483412
test_06628,0.36331642
test_06629,0.00042009715
test_06630,0.031197514
test_06631,0.8691568
test_06632,0.030644648
test_06633,0.14441541
test_06634,0.9551145
test_06635,0.5143347
test_06636,0.22627549
test_06637,0.0009241895
test_06638,0.13327846
test_06639,0.7942487
test_06640,0.88688236
test_06641,0.17710099
test_06642,0.8565372
test_06643,0.9782133
test_06644,0.9990746
test_06645,0.9993193
test_06646,0.9748045
test_06647,0.99992955
test_06648,0.012519366
test_06649,0.299189
test_06650,0.0047753314
test_06651,0.9757433
test_06652,1.4705655e-08
test_06653,0.999848
test_06654,0.011839347
test_06655,0.0036398422
test_06656,0.99993336
test_06657,0.99606574
test_06658,0.014401613
test_06659,0.25944358
test_06660,0.37685692
test_06661,0.021074
test_06662,0.099223696
test_06663,0.007839315
test_06664,1.1652668e-05
test_06665,0.027261004
test_06666,0.0012411904
test_06667,0.9837002
test_06668,0.32048196
test_06669,0.903057
test_06670,0.61604244
test_06671,0.9554869
test_06672,0.30383217
test_06673,0.054750398
test_06674,0.990624
test_06675,0.27361485
test_06676,0.94304895
test_06677,0.95522815
test_06678,0.9986528
test_06679,0.0001573205
test_06680,0.25366545
test_06681,0.8411427
test_06682,0.09801213
test_06683,0.5042366
test_06684,0.40237072
test_06685,0.95404506
test_06686,0.69667375
test_06687,0.017619746
test_06688,0.19291669
test_06689,0.9925232
test_06690,0.6225089
test_06691,3.0457177e-06
test_06692,0.6272609
test_06693,0.822595
test_06694,0.95395446
test_06695,0.16975847
test_06696,0.9952502
test_06697,0.9999999
test_06698,0.20775886
test_06699,0.18650596
test_06700,0.99979645
test_06701,0.98131156
test_06702,0.99983436
test_06703,6.392132e-06
test_06704,0.99771464
test_06705,0.9999919
test_06706,0.9002758
test_06707,0.15562424
test_06708,0.9991375
test_06709,0.67492115
test_06710,0.8790064
test_06711,0.9999889
test_06712,0.15026101
test_06713,0.99999064
test_06714,0.68815625
test_06715,0.35961097
test_06716,0.99705637
test_06717,0.96945
test_06718,0.93456554
test_06719,0.8362771
test_06720,0.9625801
test_06721,0.024032013
test_06722,0.19881526
test_06723,0.8550447
test_06724,5.394022e-05
test_06725,0.9857886
test_06726,0.71082413
test_06727,0.9906912
test_06728,0.21000648
test_06729,3.8027047e-05
test_06730,0.03809514
test_06731,0.38326558
test_06732,0.0018896781
test_06733,0.35506833
test_06734,0.010175552
test_06735,0.8837682
test_06736,0.9702717
test_06737,1.0
test_06738,0.9999999
test_06739,0.85996366
test_06740,0.9997053
test_06741,0.9582511
test_06742,0.999944
test_06743,0.700724
test_06744,0.7006391
test_06745,6.4639057e-06
test_06746,0.969713
test_06747,1.0
test_06748,0.01105042
test_06749,0.9991311
test_06750,0.95073926
test_06751,0.9101371
test_06752,0.0031504682
test_06753,0.00032851298
test_06754,0.004374503
test_06755,0.9993346
test_06756,0.022805767
test_06757,0.99999887
test_06758,0.0009859549
test_06759,0.16626412
test_06760,0.22939394
test_06761,0.9385903
test_06762,0.59444106
test_06763,0.9922091
test_06764,0.88601655
test_06765,0.99989367
test_06766,0.00014165508
test_06767,0.02571735
test_06768,0.9999997
test_06769,0.45060533
test_06770,0.0009632714
test_06771,0.8646536
test_06772,8.157561e-05
test_06773,0.9953302
test_06774,0.20456362
test_06775,0.045428123
test_06776,0.9908959
test_06777,0.99725205
test_06778,0.1427805
test_06779,0.86602914
test_06780,0.99988854
test_06781,0.9999771
test_06782,0.9654908
test_06783,0.48969513
test_06784,0.05043316
test_06785,0.9141077
test_06786,0.998109
test_06787,0.0020693003
test_06788,0.001475855
test_06789,0.6592858
test_06790,0.9827094
test_06791,0.8618857
test_06792,0.9978516
test_06793,0.046133917
test_06794,0.9949937
test_06795,1.08936365e-05
test_06796,0.99998987
test_06797,0.6144928
test_06798,0.9997084
test_06799,0.2353777
test_06800,0.0016018127
test_06801,0.72752726
test_06802,1.3997397e-06
test_06803,0.1139247
test_06804,0.57442313
test_06805,0.15273266
test_06806,0.96519494
test_06807,0.9979315
test_06808,0.996925
test_06809,0.99040043
test_06810,0.5212831
test_06811,0.9245589
test_06812,0.00025675696
test_06813,0.9782083
test_06814,0.98739195
test_06815,0.9886738
test_06816,0.9999559
test_06817,0.091039516
test_06818,0.3310211
test_06819,0.3334532
test_06820,0.016464602
test_06821,0.9864377
test_06822,0.025173174
test_06823,0.12870294
test_06824,0.49489957
test_06825,0.086653054
test_06826,0.010029795
test_06827,0.0022747172
test_06828,0.9976615
test_06829,0.9995619
test_06830,0.0065435907
test_06831,0.9912939
test_06832,7.2833654e-06
test_06833,0.04600821
test_06834,0.007678915
test_06835,6.2065067e-07
test_06836,0.23557925
test_06837,0.00074959814
test_06838,1.0808178e-05
test_06839,0.13534543
test_06840,0.99983716
test_06841,0.12378102
test_06842,0.9982898
test_06843,0.5182209
test_06844,0.0010097708
test_06845,0.000865134
test_06846,0.99340004
test_06847,0.9916774
test_06848,0.0024015054
test_06849,0.5405124
test_06850,0.40862095
test_06851,0.44650993
test_06852,0.005288819
test_06853,0.0071573695
test_06854,0.7571696
test_06855,2.9812714e-05
test_06856,0.011506928
test_06857,0.2240959
test_06858,0.00045322313
test_06859,0.15927728
test_06860,0.59808564
test_06861,0.026963623
test_06862,0.13690801
test_06863,0.6120992
test_06864,0.9652624
test_06865,0.94431156
test_06866,0.45824912
test_06867,0.42768705
test_06868,0.7751349
test_06869,0.4989704
test_06870,0.99969894
test_06871,0.8749298
test_06872,0.8316239
test_06873,0.46595705
test_06874,0.9952282
test_06875,0.024195502
test_06876,0.2546786
test_06877,0.20856456
test_06878,0.0012034588
test_06879,0.83078694
test_06880,0.41867083
test_06881,0.41047972
test_06882,3.8835213e-07
test_06883,0.74814713
test_06884,1.4705655e-08
test_06885,0.036826216
test_06886,0.045943376
test_06887,0.9984617
test_06888,0.63432837
test_06889,0.62742406
test_06890,0.5114171
test_06891,0.9115221
test_06892,0.0026566433
test_06893,0.3543298
test_06894,0.00021909626
test_06895,0.07720301
test_06896,0.9999984
test_06897,0.22378127
test_06898,0.65053356
test_06899,0.00016042026
test_06900,9.570887e-06
test_06901,0.8020601
test_06902,0.40099
test_06903,0.99946743
test_06904,0.94757575
test_06905,0.9999938
test_06906,0.028597362
test_06907,0.9837849
test_06908,0.9230428
test_06909,0.0010939992
test_06910,0.87455374
test_06911,0.98040366
test_06912,0.0002345585
test_06913,1.3185623e-05
test_06914,0.24999276
test_06915,0.35908437
test_06916,0.9998108
test_06917,0.00036725999
test_06918,0.9291739
test_06919,0.9955753
test_06920,0.00790619
test_06921,0.9589762
test_06922,0.9999892
test_06923,0.5890175
test_06924,0.28616297
test_06925,0.29702672
test_06926,0.058309652
test_06927,9.4038674e-05
test_06928,9.269902e-05
test_06929,0.59354675
test_06930,0.00068370166
test_06931,0.004392809
test_06932,0.9995515
test_06933,0.9708317
test_06934,0.053750973
test_06935,0.08612562
test_06936,0.91279566
test_06937,0.87914217
test_06938,0.002815348
test_06939,0.00050571834
test_06940,0.99975073
test_06941,0.8910326
test_06942,0.0017069681
test_06943,0.07717131
test_06944,0.47174126
test_06945,0.046488628
test_06946,0.19190897
test_06947,0.7889762
test_06948,0.74003935
test_06949,0.9979133
test_06950,0.41213888
test_06951,0.00026613355
test_06952,0.92247975
test_06953,0.0005926908
test_06954,0.14747486
test_06955,0.9999858
test_06956,0.57214415
test_06957,0.49093068
test_06958,0.9995016
test_06959,0.014259199
test_06960,1.8692217e-05
test_06961,0.81900495
test_06962,0.010574918
test_06963,0.27892852
test_06964,0.99999565
test_06965,0.09220492
test_06966,5.984106e-05
test_06967,0.14564894
test_06968,0.080102794
test_06969,1.8143503e-06
test_06970,0.9999638
test_06971,0.12985045
test_06972,5.2515905e-05
test_06973,0.99790764
test_06974,0.00978537
test_06975,0.979506
test_06976,0.9070582
test_06977,0.6886761
test_06978,0.0015738435
test_06979,0.5551427
test_06980,0.96729267
test_06981,0.99999595
test_06982,0.9968483
test_06983,0.00097377
test_06984,0.45676452
test_06985,0.011935892
test_06986,0.7327901
test_06987,0.0008909227
test_06988,0.01779485
test_06989,0.11265686
test_06990,0.9923527
test_06991,0.9908898
test_06992,0.31195003
test_06993,0.07107325
test_06994,7.8125986e-08
test_06995,0.052062966
test_06996,0.026778951
test_06997,0.42051744
test_06998,0.072987
test_06999,0.95295155
test_07000,0.11515487
test_07001,0.7905823
test_07002,1.0
test_07003,0.9676764
test_07004,0.5480354
test_07005,0.35447258
test_07006,0.04252092
test_07007,0.06773439
test_07008,0.048279073
test_07009,0.9498496
test_07010,0.7952274
test_07011,0.7413964
test_07012,0.88095415
test_07013,0.2344502
test_07014,0.99993694
test_07015,0.99746096
test_07016,0.8030729
test_07017,0.57357836
test_07018,0.99924135
test_07019,0.84756136
test_07020,0.88353956
test_07021,0.65338564
test_07022,5.8338253e-05
test_07023,0.60729885
test_07024,0.5677898
test_07025,0.9882465
test_07026,1.0
test_07027,0.079659455
test_07028,0.75023127
test_07029,0.5657091
test_07030,0.23455353
test_07031,0.004706416
test_07032,0.8026342
test_07033,0.99997
test_07034,0.0009305012
test_07035,0.0006100439
test_07036,0.040108293
test_07037,3.263534e-06
test_07038,0.99382186
test_07039,0.034530833
test_07040,0.009900202
test_07041,0.9861387
test_07042,0.9997407
test_07043,0.56961095
test_07044,0.9999827
test_07045,0.016393133
test_07046,0.84791064
test_07047,0.9211404
test_07048,5.100357e-06
test_07049,0.24613559
test_07050,0.392771
test_07051,0.016857672
test_07052,0.74215794
test_07053,0.12687942
test_07054,0.8132595
test_07055,0.999933
test_07056,0.89337784
test_07057,0.00852423
test_07058,0.32779175
test_07059,0.13509832
test_07060,0.9942157
test_07061,0.67056227
test_07062,3.737126e-05
test_07063,0.014733105
test_07064,0.000570726
test_07065,0.060167953
test_07066,0.4670813
test_07067,0.9998524
test_07068,0.7210437
test_07069,0.99152505
test_07070,0.27279752
test_07071,1.4705655e-08
test_07072,0.8666612
test_07073,0.6394741
test_07074,0.99839985
test_07075,0.9961298
test_07076,0.9999995
test_07077,0.033418693
test_07078,0.9999994
test_07079,0.99767905
test_07080,0.23757856
test_07081,0.75791883
test_07082,0.9020668
test_07083,0.0037411046
test_07084,0.083335936
test_07085,0.025279934
test_07086,0.9935478
test_07087,0.054743994
test_07088,0.9281244
test_07089,0.1387623
test_07090,0.9390869
test_07091,0.38210124
test_07092,0.9882301
test_07093,0.8355825
test_07094,0.9249621
test_07095,8.9331596e-05
test_07096,0.99793166
test_07097,0.00020002146
test_07098,0.0027370267
test_07099,5.7097825e-08
test_07100,0.02488345
test_07101,0.95670176
test_07102,0.76423895
test_07103,0.99238634
test_07104,0.7902814
test_07105,4.8292073e-08
test_07106,0.54951584
test_07107,0.0016051505
test_07108,0.32729757
test_07109,0.50307286
test_07110,0.34854233
test_07111,0.433644
test_07112,0.92511296
test_07113,0.008070193
test_07114,0.8466778
test_07115,0.99428463
test_07116,0.51154023
test_07117,0.077086255
test_07118,0.004552567
test_07119,0.7863188
test_07120,0.00074271346
test_07121,0.12755305
test_07122,0.710266
test_07123,0.662794
test_07124,0.9940784
test_07125,0.99994314
test_07126,0.9767261
test_07127,0.6888111
test_07128,0.03911787
test_07129,7.43103e-08
test_07130,0.9908575
test_07131,0.9999683
test_07132,0.1463659
test_07133,0.0010315443
test_07134,0.22296228
test_07135,1.7256683e-05
test_07136,0.999442
test_07137,0.93926203
test_07138,1.0832275e-07
test_07139,0.005938736
test_07140,0.0046639675
test_07141,0.28062183
test_07142,0.00028962418
test_07143,0.28284535
test_07144,2.4607449e-05
test_07145,0.0098181125
test_07146,0.99865985
test_07147,0.94761235
test_07148,0.34111533
test_07149,0.0044869203
test_07150,0.24898085
test_07151,0.67224634
test_07152,0.89370275
test_07153,0.42017335
test_07154,0.98484254
test_07155,0.17026207
test_07156,0.31208485
test_07157,0.999636
test_07158,0.98229873
test_07159,0.0056431666
test_07160,5.5653698e-05
test_07161,0.019852433
test_07162,0.9124767
test_07163,0.9842159
test_07164,0.6952869
test_07165,0.0936569
test_07166,0.9999317
test_07167,0.002841122
test_07168,0.9782748
test_07169,0.0001642122
test_07170,0.999992
test_07171,0.973896
test_07172,0.9999844
test_07173,0.99652445
test_07174,0.9371381
test_07175,0.96685964
test_07176,0.04727391
test_07177,0.018737791
test_07178,0.69796014
test_07179,0.21503721
test_07180,0.00018837296
test_07181,0.5122638
test_07182,0.020640764
test_07183,0.15965022
test_07184,0.15372089
test_07185,0.9231161
test_07186,1.0
test_07187,0.0008766196
test_07188,0.64197546
test_07189,0.0009066587
test_07190,0.35853824
test_07191,0.005277352
test_07192,1.4705655e-08
test_07193,0.0034118183
test_07194,0.6639956
test_07195,0.9143348
test_07196,0.8559798
test_07197,0.00015104326
test_07198,0.38067493
test_07199,4.169019e-05
test_07200,0.9999844
test_07201,0.24889782
test_07202,0.001256464
test_07203,0.999669
test_07204,0.6649451
test_07205,0.00011686807
test_07206,0.41928685
test_07207,0.96922284
test_07208,0.020117588
test_07209,0.14821291
test_07210,4.2399737e-05
test_07211,0.94077134
test_07212,0.3054642
test_07213,0.043143526
test_07214,0.9838634
test_07215,0.82666045
test_07216,0.4177832
test_07217,0.00535816
test_07218,0.7164851
test_07219,0.99497235
test_07220,0.23509854
test_07221,0.985296
test_07222,0.18746871
test_07223,0.5644744
test_07224,0.40523934
test_07225,0.7029585
test_07226,0.5579792
test_07227,0.946069
test_07228,0.0005296565
test_07229,0.0018028311
test_07230,0.18784755
test_07231,0.0033577005
test_07232,0.544638
test_07233,0.99211943
test_07234,0.99996877
test_07235,0.4697624
test_07236,5.5262153e-05
test_07237,0.9813088
test_07238,0.0035733937
test_07239,0.6955198
test_07240,0.47665718
test_07241,0.08358351
test_07242,0.29134053
test_07243,3.181474e-06
test_07244,0.99999994
test_07245,0.59674156
test_07246,0.24101484
test_07247,0.64448273
test_07248,0.91623306
test_07249,0.26781845
test_07250,0.12515414
test_07251,0.009666294
test_07252,0.9114357
test_07253,0.0012650365
test_07254,0.034394566
test_07255,0.69251966
test_07256,0.028962797
test_07257,0.9575283
test_07258,0.19667552
test_07259,0.4542257
test_07260,0.9232441
test_07261,0.1426476
test_07262,3.962922e-06
test_07263,0.9999114
test_07264,0.021090671
test_07265,0.9926373
test_07266,1.4705655e-08
test_07267,0.47151962
test_07268,0.94776136
test_07269,0.71330404
test_07270,0.45505202
test_07271,0.9996644
test_07272,0.8497144
test_07273,0.23449892
test_07274,0.3777265
test_07275,0.1810565
test_07276,0.027150938
test_07277,0.9999939
test_07278,0.37175146
test_07279,0.025586529
test_07280,0.00039368222
test_07281,0.063728884
test_07282,0.15579464
test_07283,6.3816046e-06
test_07284,0.0066993204
test_07285,0.94313514
test_07286,0.34678578
test_07287,0.28527915
test_07288,0.044248972
test_07289,0.04872375
test_07290,0.14922482
test_07291,0.2630806
test_07292,0.008737065
test_07293,0.054539703
test_07294,1.0
test_07295,0.47289556
test_07296,0.8536699
test_07297,0.9907665
test_07298,0.45034188
test_07299,0.10034666
test_07300,0.033988655
test_07301,0.99579716
test_07302,0.019552717
test_07303,0.9601889
test_07304,0.00010973177
test_07305,0.8580657
test_07306,0.09630303
test_07307,9.3067115e-08
test_07308,4.072695e-05
test_07309,0.018792074
test_07310,0.1971221
test_07311,0.015418101
test_07312,0.9797386
test_07313,0.008314662
test_07314,0.8719995
test_07315,0.8546879
test_07316,0.8463826
test_07317,0.9999395
test_07318,0.11259974
test_07319,0.9214894
test_07320,0.99957085
test_07321,0.0091069685
test_07322,0.7335954
test_07323,0.036620297
test_07324,0.8580177
test_07325,0.69986546
test_07326,0.99700093
test_07327,0.7241819
test_07328,0.9994146
test_07329,0.025199156
test_07330,0.848768
test_07331,4.7757323e-05
test_07332,0.09283646
test_07333,0.77696323
test_07334,0.5843122
test_07335,0.2951222
test_07336,0.14211833
test_07337,0.409562
test_07338,0.7000214
test_07339,0.9595081
test_07340,0.9976665
test_07341,0.12580061
test_07342,0.6415653
test_07343,0.83421445
test_07344,0.9240696
test_07345,4.7701706e-05
test_07346,0.26436657
test_07347,0.0029009036
test_07348,0.992887
test_07349,0.14382267
test_07350,0.9994142
test_07351,0.4891322
test_07352,0.57022035
test_07353,0.6146289
test_07354,0.81411815
test_07355,0.96693504
test_07356,0.9930194
test_07357,0.99532413
test_07358,0.7873231
test_07359,0.57752836
test_07360,0.21031028
test_07361,0.55382395
test_07362,0.1828894
test_07363,0.3467702
test_07364,0.016676879
test_07365,0.49598306
test_07366,0.9915724
test_07367,0.6613324
test_07368,0.77330536
test_07369,0.015632434
test_07370,0.97286314
test_07371,0.006579357
test_07372,0.0071658995
test_07373,0.99996233
test_07374,0.009390425
test_07375,0.4240666
test_07376,0.3550479
test_07377,0.00018025919
test_07378,0.9806472
test_07379,0.008272085
test_07380,0.9136617
test_07381,0.35161763
test_07382,0.21364349
test_07383,0.8637003
test_07384,0.9999852
test_07385,0.17333175
test_07386,0.0055129575
test_07387,3.3697822e-06
test_07388,0.8879219
test_07389,0.01476049
test_07390,0.0024913265
test_07391,0.992097
test_07392,0.08995759
test_07393,0.24518426
test_07394,0.9990691
test_07395,0.9999654
test_07396,2.3771136e-07
test_07397,0.9996593
test_07398,0.9953259
test_07399,0.96338797
test_07400,0.436875
test_07401,0.2481987
test_07402,0.9970304
test_07403,2.015748e-05
test_07404,3.2687345e-05
test_07405,0.31813508
test_07406,0.022870062
test_07407,0.003406443
test_07408,0.3665989
test_07409,0.069479614
test_07410,0.99967945
test_07411,0.0011078743
test_07412,5.098951e-05
test_07413,0.70332
test_07414,0.025580807
test_07415,0.34890258
test_07416,0.0718762
test_07417,0.0029533445
test_07418,0.9740874
test_07419,0.0759561
test_07420,0.00019077028
test_07421,0.015344419
test_07422,0.9903157
test_07423,0.99957454
test_07424,0.18167762
test_07425,0.61174226
test_07426,0.55048406
test_07427,0.047637694
test_07428,7.238046e-05
test_07429,0.53187346
test_07430,0.022787826
test_07431,0.99997735
test_07432,0.10210485
test_07433,0.2330577
test_07434,0.000987781
test_07435,3.6517926e-05
test_07436,2.8608918e-05
test_07437,0.6578959
test_07438,0.3759505
test_07439,0.3070944
test_07440,0.028830653
test_07441,0.056698907
test_07442,0.009182712
test_07443,0.50469494
test_07444,0.09705085
test_07445,0.006453417
test_07446,9.568021e-06
test_07447,1.4705655e-08
test_07448,0.02591222
test_07449,0.99853575
test_07450,0.9995432
test_07451,0.6166233
test_07452,0.025590235
test_07453,0.037539013
test_07454,0.9549137
test_07455,0.13643041
test_07456,0.9893519
test_07457,0.5789276
test_07458,0.99995315
test_07459,0.5184672
test_07460,0.26340157
test_07461,0.95925725
test_07462,0.884751
test_07463,0.0009955927
test_07464,0.0003815359
test_07465,0.882668
test_07466,0.22978574
test_07467,0.7864577
test_07468,0.73593396
test_07469,0.0033739493
test_07470,0.5568235
test_07471,0.7760041
test_07472,0.5749895
test_07473,0.009561765
test_07474,0.06483751
test_07475,0.7043859
test_07476,0.07213377
test_07477,0.0013899838
test_07478,0.9906155
test_07479,0.9956578
test_07480,0.18572319
test_07481,0.49268985
test_07482,0.9421072
test_07483,0.3376484
test_07484,0.37646496
test_07485,0.74661934
test_07486,0.99995244
test_07487,0.109773144
test_07488,0.015778884
test_07489,0.9999753
test_07490,0.78427684
test_07491,0.028579764
test_07492,0.1787658
test_07493,0.57786787
test_07494,0.61966515
test_07495,0.9956609
test_07496,0.106182955
test_07497,0.3254539
test_07498,0.47786835
test_07499,0.00028327704
test_07500,0.4935196
test_07501,0.00051813945
test_07502,0.9999454
test_07503,0.0039160606
test_07504,0.009831952
test_07505,0.72281253
test_07506,0.70358825
test_07507,0.11400005
test_07508,0.016306426
test_07509,0.7880734
test_07510,0.7156563
test_07511,0.9999975
test_07512,9.5195555e-06
test_07513,0.990397
test_07514,0.7194864
test_07515,0.995101
test_07516,0.9993346
test_07517,0.9999939
test_07518,0.0006965766
test_07519,0.31899586
test_07520,8.40145e-05
test_07521,0.046430983
test_07522,0.9657481
test_07523,2.3169567e-05
test_07524,0.9985504
test_07525,0.51386935
test_07526,0.31998247
test_07527,0.52693903
test_07528,0.9948346
test_07529,0.0030893902
test_07530,0.93849695
test_07531,0.43918958
test_07532,0.9996965
test_07533,0.46460998
test_07534,0.16673777
test_07535,0.72391844
test_07536,0.7122948
test_07537,0.0037253075
test_07538,0.3178833
test_07539,0.99960756
test_07540,0.00036603663
test_07541,0.27960715
test_07542,0.19136976
test_07543,0.08528729
test_07544,0.79733896
test_07545,0.6610979
test_07546,0.9102707
test_07547,0.99968016
test_07548,0.179415
test_07549,0.4740132
test_07550,0.984951
test_07551,0.99895644
test_07552,0.21956868
test_07553,0.9982904
test_07554,0.9154699
test_07555,0.000497596
test_07556,0.061212655
test_07557,0.9994309
test_07558,0.44594038
test_07559,0.99355066
test_07560,0.61415017
test_07561,0.0007063049
test_07562,0.39393464
test_07563,0.9909358
test_07564,0.94693094
test_07565,0.7847403
test_07566,0.41817862
test_07567,0.014793935
test_07568,0.0057126572
test_07569,0.41197288
test_07570,0.97144604
test_07571,0.965855
test_07572,0.6136917
test_07573,0.9999985
test_07574,0.6737306
test_07575,0.4799083
test_07576,0.00015641414
test_07577,0.15585254
test_07578,0.021768516
test_07579,4.2933125e-06
test_07580,0.92424923
test_07581,8.393147e-05
test_07582,1.4705655e-08
test_07583,0.93911827
test_07584,0.9999874
test_07585,0.84113026
test_07586,0.9999956
test_07587,0.32872564
test_07588,0.71507907
test_07589,0.86679757
test_07590,0.5562161
test_07591,0.9990506
test_07592,0.0033659427
test_07593,0.9998081
test_07594,0.79755074
test_07595,9.895867e-07
test_07596,1.1948448e-05
test_07597,0.67203116
test_07598,0.94578433
test_07599,0.9862303
test_07600,0.0008189065
test_07601,0.46503967
test_07602,0.1298567
test_07603,0.99094284
test_07604,0.03909123
test_07605,0.44496587
test_07606,8.634224e-05
test_07607,0.004809753
test_07608,0.6335133
test_07609,0.9928039
test_07610,0.0044459957
test_07611,0.057512913
test_07612,8.153816e-07
test_07613,0.10149475
test_07614,0.9999815
test_07615,0.99943185
test_07616,0.99928224
test_07617,0.2643822
test_07618,0.9921627
test_07619,1.0279846e-06
test_07620,0.0059479144
test_07621,0.0063758064
test_07622,0.22845916
test_07623,0.9998734
test_07624,0.007414342
test_07625,6.4311225e-06
test_07626,0.99984205
test_07627,0.9877832
test_07628,0.9507334
test_07629,0.001726787
test_07630,0.99488246
test_07631,0.009128219
test_07632,0.13104698
test_07633,0.30361697
test_07634,1.0
test_07635,0.9999999
test_07636,0.0014843239
test_07637,0.74734426
test_07638,0.9873208
test_07639,0.029054096
test_07640,0.44322503
test_07641,0.77165794
test_07642,0.23469248
test_07643,0.98853076
test_07644,0.99992275
test_07645,0.051598895
test_07646,0.3210737
test_07647,0.99999523
test_07648,1.2143022e-05
test_07649,0.21463294
test_07650,0.995939
test_07651,0.75402844
test_07652,0.34931162
test_07653,0.9745133
test_07654,0.9992689
test_07655,0.38248438
test_07656,0.013155534
test_07657,0.99998355
test_07658,4.9154283e-07
test_07659,0.99992555
test_07660,0.38191587
test_07661,0.98964906
test_07662,0.42630312
test_07663,0.2772611
test_07664,0.034972478
test_07665,0.0015347962
test_07666,0.86063266
test_07667,0.21342462
test_07668,0.08137256
test_07669,0.9999997
test_07670,0.00014691711
test_07671,0.14559765
test_07672,0.21571024
test_07673,0.003866786
test_07674,0.50101197
test_07675,2.9285188e-06
test_07676,0.9561045
test_07677,2.642385e-05
test_07678,0.17342359
test_07679,0.078741685
test_07680,0.7119092
test_07681,0.0013901088
test_07682,0.00022973379
test_07683,0.99970984
test_07684,0.25880232
test_07685,0.74391395
test_07686,0.10896991
test_07687,0.4147998
test_07688,0.9148582
test_07689,0.96360445
test_07690,0.71902406
test_07691,0.0048834467
test_07692,0.99886733
test_07693,0.99976605
test_07694,0.5751647
test_07695,0.18196017
test_07696,0.08787617
test_07697,0.5520733
test_07698,0.99639237
test_07699,0.00010860214
test_07700,0.98267174
test_07701,0.018024212
test_07702,0.07697023
test_07703,0.9037032
test_07704,0.9996693
test_07705,0.009395687
test_07706,0.9966396
test_07707,0.27443856
test_07708,0.9999937
test_07709,0.36063606
test_07710,0.99997234
test_07711,0.85320944
test_07712,0.0002799919
test_07713,9.374496e-05
test_07714,0.007962407
test_07715,0.9844506
test_07716,0.6699593
test_07717,0.0013694864
test_07718,0.0006590049
test_07719,0.0023789932
test_07720,0.1509794
test_07721,0.15105583
test_07722,0.028769037
test_07723,0.0042880154
test_07724,0.9999919
test_07725,0.9729923
test_07726,0.5479263
test_07727,0.0030751494
test_07728,0.28056264
test_07729,0.9951229
test_07730,0.3910483
test_07731,5.802854e-05
test_07732,0.4811604
test_07733,0.9998783
test_07734,0.09358004
test_07735,0.26628983
test_07736,8.356288e-05
test_07737,0.97860664
test_07738,0.2571218
test_07739,0.53322405
test_07740,0.11013484
test_07741,0.010977213
test_07742,0.35226923
test_07743,0.939219
test_07744,0.67553544
test_07745,0.49575818
test_07746,0.0206558
test_07747,0.41705084
test_07748,0.038838364
test_07749,0.314909
test_07750,0.99859715
test_07751,0.5714005
test_07752,3.642073e-05
test_07753,0.07278292
test_07754,0.0010177152
test_07755,0.12348531
test_07756,0.7555666
test_07757,0.0001380724
test_07758,0.14718074
test_07759,0.92915213
test_07760,0.002806112
test_07761,0.92092574
test_07762,0.702976
test_07763,0.99985695
test_07764,0.8333379
test_07765,0.0040264
test_07766,1.0
test_07767,0.0024577947
test_07768,0.6266376
test_07769,1.1439201e-06
test_07770,0.87650156
test_07771,0.44967416
test_07772,0.99567604
test_07773,0.9758312
test_07774,0.00019329399
test_07775,0.32822573
test_07776,0.5413165
test_07777,0.998332
test_07778,0.98650247
test_07779,0.7505022
test_07780,0.9692775
test_07781,2.4450776e-05
test_07782,0.25000873
test_07783,0.006873198
test_07784,0.13504995
test_07785,0.53512615
test_07786,0.22484168
test_07787,0.9197997
test_07788,0.99914926
test_07789,0.87651956
test_07790,0.10106444
test_07791,0.9189554
test_07792,0.12574378
test_07793,0.00017009843
test_07794,0.02809427
test_07795,0.5648898
test_07796,0.27239066
test_07797,0.014792694
test_07798,0.51311356
test_07799,0.9999989
test_07800,0.8063065
test_07801,9.091047e-05
test_07802,0.9382286
test_07803,0.8612858
test_07804,0.99997425
test_07805,0.00020581733
test_07806,0.003997442
test_07807,0.60796714
test_07808,0.00031009372
test_07809,6.40757e-06
test_07810,0.0254068
test_07811,0.6251855
test_07812,0.38130754
test_07813,0.99992836
test_07814,0.05351815
test_07815,1.0978091e-05
test_07816,0.030890359
test_07817,0.99809074
test_07818,0.005230517
test_07819,0.8491915
test_07820,2.5962345e-06
test_07821,0.9352813
test_07822,3.824779e-05
test_07823,0.0010919033
test_07824,0.99287283
test_07825,0.93544114
test_07826,0.005403537
test_07827,0.34116796
test_07828,0.0044396026
test_07829,0.8127578
test_07830,0.02139929
test_07831,0.99259126
test_07832,0.9720151
test_07833,0.29839072
test_07834,0.9998349
test_07835,0.9282577
test_07836,0.3384802
test_07837,0.0002087875
test_07838,0.38720185
test_07839,0.32169658
test_07840,0.4431525
test_07841,0.4742304
test_07842,0.1288535
test_07843,0.0013811013
test_07844,0.9030013
test_07845,0.9996779
test_07846,0.16693294
test_07847,0.76002365
test_07848,8.496398e-06
test_07849,0.9410675
test_07850,0.8199085
test_07851,0.41251048
test_07852,0.8014891
test_07853,0.0029762383
test_07854,0.98782194
test_07855,0.17205667
test_07856,0.0039767483
test_07857,0.09464985
test_07858,0.18996394
test_07859,0.99988174
test_07860,0.020382714
test_07861,0.76075166
test_07862,7.069783e-05
test_07863,0.059762865
test_07864,0.43734816
test_07865,0.99679554
test_07866,0.15173556
test_07867,0.6295544
test_07868,0.9999957
test_07869,0.4618612
test_07870,0.060040485
test_07871,0.9980851
test_07872,0.5418077
test_07873,0.0018338483
test_07874,0.042913303
test_07875,0.00078397174
test_07876,8.833478e-06
test_07877,0.589782
test_07878,2.1217684e-05
test_07879,1.4705655e-08
test_07880,0.81335175
test_07881,0.9610323
test_07882,0.92093337
test_07883,0.96606314
test_07884,0.54943407
test_07885,0.45312127
test_07886,6.557769e-05
test_07887,0.9996718
test_07888,0.025852576
test_07889,0.8883438
test_07890,0.7035644
test_07891,0.88783765
test_07892,0.6298123
test_07893,0.7890668
test_07894,0.004345227
test_07895,0.58912563
test_07896,0.99999106
test_07897,0.0015451367
test_07898,0.4646543
test_07899,0.9998429
test_07900,0.998806
test_07901,0.9970663
test_07902,0.0006940372
test_07903,0.93138015
test_07904,0.001652218
test_07905,0.9092313
test_07906,0.06513457
test_07907,0.6680135
test_07908,0.25518075
test_07909,0.75142515
test_07910,0.97987825
test_07911,0.99991834
test_07912,7.131336e-05
test_07913,4.239689e-06
test_07914,0.2193002
test_07915,0.001991049
test_07916,0.97574264
test_07917,0.00087017857
test_07918,0.02629777
test_07919,0.011385275
test_07920,0.001817943
test_07921,0.992183
test_07922,0.71304774
test_07923,0.99968904
test_07924,0.14344451
test_07925,0.042106632
test_07926,0.4208759
test_07927,0.7071987
test_07928,0.00010479253
test_07929,0.0001992263
test_07930,0.21282646
test_07931,0.0009815502
test_07932,0.9973925
test_07933,0.99441206
test_07934,0.2193608
test_07935,0.09568593
test_07936,0.00068629
test_07937,0.22780895
test_07938,0.82478845
test_07939,0.011699014
test_07940,0.0019059526
test_07941,0.12859485
test_07942,0.15017033
test_07943,0.8905548
test_07944,0.007054306
test_07945,0.01298883
test_07946,0.0040426883
test_07947,1.0
test_07948,0.7297231
test_07949,0.76575947
test_07950,0.9972273
test_07951,7.175462e-05
test_07952,0.6713401
test_07953,0.031455502
test_07954,0.27296618
test_07955,0.42933798
test_07956,0.15374602
test_07957,0.046113048
test_07958,0.77207685
test_07959,0.99915195
test_07960,0.032198876
test_07961,0.98882186
test_07962,0.0031384013
test_07963,0.6746693
test_07964,0.00022367713
test_07965,0.006926027
test_07966,0.99558544
test_07967,0.9990593
test_07968,0.05786404
test_07969,0.027730085
test_07970,0.19388218
test_07971,0.000974027
test_07972,0.9994017
test_07973,4.1387366e-06
test_07974,0.9632722
test_07975,0.00025729285
test_07976,0.6765189
test_07977,0.032489944
test_07978,0.8846288
test_07979,0.00031971827
test_07980,0.005208967
test_07981,0.76636577
test_07982,0.029407902
test_07983,0.009707469
test_07984,0.9942992
test_07985,1.0
test_07986,0.0018394429
test_07987,0.0049583525
test_07988,0.0047649443
test_07989,0.0006338256
test_07990,0.33160365
test_07991,0.9784055
test_07992,0.00016654882
test_07993,0.99999946
test_07994,0.43050298
test_07995,0.76317835
test_07996,0.73565036
test_07997,0.4567258
test_07998,0.39590484
test_07999,0.9933919
test_08000,0.15830043
test_08001,0.040834937
test_08002,0.33904234
test_08003,0.99938506
test_08004,0.1703187
test_08005,0.89406216
test_08006,0.49324143
test_08007,2.7607728e-06
test_08008,0.59852064
test_08009,0.26154584
test_08010,0.8430488
test_08011,0.52970093
test_08012,0.84097946
test_08013,3.979381e-05
test_08014,1.5534028e-05
test_08015,9.6487645e-05
test_08016,0.2761593
test_08017,0.2275837
test_08018,0.99974966
test_08019,0.999999
test_08020,0.9971505
test_08021,0.50543773
test_08022,0.051186964
test_08023,0.42391637
test_08024,0.012657306
test_08025,0.45313257
test_08026,0.9020208
test_08027,0.33471897
test_08028,0.011843697
test_08029,0.9967139
test_08030,0.5208804
test_08031,0.04692298
test_08032,0.7125114
test_08033,0.0023422027
test_08034,0.9999782
test_08035,0.26851392
test_08036,0.8726524
test_08037,0.0003005555
test_08038,0.1110387
test_08039,0.85050535
test_08040,0.6377302
test_08041,0.60005116
test_08042,0.9861552
test_08043,0.020512322
test_08044,0.19883098
test_08045,0.54091126
test_08046,0.22545916
test_08047,8.116059e-08
test_08048,0.0039203004
test_08049,0.6258316
test_08050,0.61727726
test_08051,0.008145156
test_08052,0.91878635
test_08053,0.434729
test_08054,0.026985804
test_08055,0.9819193
test_08056,0.99999964
test_08057,0.007565828
test_08058,0.124963224
test_08059,0.23329063
test_08060,0.99996936
test_08061,0.27699327
test_08062,0.9830101
test_08063,0.45658517
test_08064,0.04815675
test_08065,0.99999774
test_08066,0.31962794
test_08067,0.99994177
test_08068,0.65187037
test_08069,0.8110652
test_08070,0.04782782
test_08071,0.7331848
test_08072,0.003222336
test_08073,0.88446856
test_08074,0.5262406
test_08075,0.6615083
test_08076,0.0007106078
test_08077,0.23833184
test_08078,0.74400306
test_08079,0.002058885
test_08080,0.98221755
test_08081,0.0027310208
test_08082,0.25023243
test_08083,0.9971361
test_08084,0.020323135
test_08085,0.0025130208
test_08086,0.0061731036
test_08087,0.60051835
test_08088,0.86146015
test_08089,0.18679306
test_08090,0.08005072
test_08091,0.9999945
test_08092,0.7259647
test_08093,0.43263608
test_08094,0.035598725
test_08095,0.9834764
test_08096,0.0009702115
test_08097,0.99845874
test_08098,0.041077755
test_08099,0.027797444
test_08100,0.96269643
test_08101,2.8928667e-05
test_08102,5.2224437e-05
test_08103,0.99957025
test_08104,2.8819068e-05
test_08105,0.99999166
test_08106,0.9999989
test_08107,0.60770273
test_08108,0.21662039
test_08109,0.98068106
test_08110,0.99506533
test_08111,0.00096502865
test_08112,0.7653469
test_08113,0.11375263
test_08114,0.0003344467
test_08115,0.022128053
test_08116,0.9046984
test_08117,0.075824045
test_08118,0.058336142
test_08119,0.53485334
test_08120,0.007416394
test_08121,0.490538
test_08122,0.7249677
test_08123,0.7960323
test_08124,0.6259439
test_08125,0.9499575
test_08126,0.17039984
test_08127,0.021458367
test_08128,0.35558107
test_08129,0.31402305
test_08130,0.19952619
test_08131,0.9997422
test_08132,0.00017016499
test_08133,0.3403471
test_08134,0.03639768
test_08135,0.055499807
test_08136,0.99688894
test_08137,2.1761782e-05
test_08138,1.4705655e-08
test_08139,0.9922749
test_08140,0.90164226
test_08141,0.9982422
test_08142,0.999812
test_08143,0.93769276
test_08144,0.99851286
test_08145,0.03478115
test_08146,0.5015924
test_08147,0.023135576
test_08148,0.004699685
test_08149,0.0071709175
test_08150,0.9913542
test_08151,0.92139405
test_08152,0.12769255
test_08153,0.2939996
test_08154,0.008163927
test_08155,0.0026826297
test_08156,0.0040261606
test_08157,0.021651443
test_08158,0.001734032
test_08159,0.99986887
test_08160,1.0
test_08161,0.42167833
test_08162,0.13165459
test_08163,0.9969302
test_08164,0.0058384496
test_08165,0.27129057
test_08166,0.9899869
test_08167,1.0830041e-05
test_08168,0.6366105
test_08169,0.73320925
test_08170,0.00021161961
test_08171,0.97314954
test_08172,0.9584163
test_08173,0.1085026
test_08174,0.123645596
test_08175,0.71483874
test_08176,0.61548084
test_08177,0.9986415
test_08178,0.9999756
test_08179,0.91736674
test_08180,0.00014343103
test_08181,0.6072899
test_08182,0.17525265
test_08183,0.77217865
test_08184,0.99986297
test_08185,0.9505851
test_08186,0.91660523
test_08187,0.40413547
test_08188,4.8798596e-05
test_08189,0.00088111043
test_08190,0.00011445791
test_08191,0.8073691
test_08192,0.7716457
test_08193,1.0
test_08194,0.03349521
test_08195,4.333066e-05
test_08196,0.00020665851
test_08197,0.9993503
test_08198,0.9873237
test_08199,1.26384475e-05
test_08200,0.88929206
test_08201,0.0033593362
test_08202,0.9962529
test_08203,0.81187207
test_08204,0.23502058
test_08205,0.8159342
test_08206,0.508049
test_08207,0.999347
test_08208,0.24455608
test_08209,0.015083534
test_08210,0.15174858
test_08211,0.0005139685
test_08212,0.9565057
test_08213,0.99994147
test_08214,0.08523509
test_08215,0.13680927
test_08216,0.025352208
test_08217,0.99999714
test_08218,0.9911308
test_08219,0.96368355
test_08220,0.00023049749
test_08221,0.04677007
test_08222,0.96032923
test_08223,3.0385725e-06
test_08224,0.0002165948
test_08225,0.00036354852
test_08226,0.6912482
test_08227,0.9999831
test_08228,0.9626956
test_08229,0.0533165
test_08230,0.01682363
test_08231,0.0003700652
test_08232,0.039432593
test_08233,1.9313984e-06
test_08234,0.00016710389
test_08235,2.026616e-06
test_08236,0.19249147
test_08237,0.9753083
test_08238,0.99673927
test_08239,0.99980974
test_08240,0.76650274
test_08241,0.60974157
test_08242,0.9948089
test_08243,8.775183e-06
test_08244,0.99996966
test_08245,0.009775453
test_08246,0.40227646
test_08247,0.86524916
test_08248,0.005472171
test_08249,0.59317183
test_08250,0.3113395
test_08251,0.85743505
test_08252,0.7606125
test_08253,0.21466817
test_08254,0.49528915
test_08255,0.00072277535
test_08256,0.016702177
test_08257,0.022707755
test_08258,0.6150223
test_08259,0.9963222
test_08260,0.6252711
test_08261,0.9999122
test_08262,0.75377655
test_08263,0.98488
test_08264,0.7046175
test_08265,0.78424644
test_08266,0.9997291
test_08267,0.18111886
test_08268,0.0122958
test_08269,0.9989637
test_08270,0.3261578
test_08271,0.17188172
test_08272,0.6085379
test_08273,0.7369088
test_08274,0.9900749
test_08275,0.0002167535
test_08276,0.9995284
test_08277,0.14517748
test_08278,0.0056198123
test_08279,0.5607946
test_08280,0.0010059306
test_08281,0.30088073
test_08282,0.99147177
test_08283,0.8377099
test_08284,0.96371245
test_08285,0.9999582
test_08286,0.007981926
test_08287,0.29055816
test_08288,3.5747958e-06
test_08289,0.08232185
test_08290,0.0006549761
test_08291,0.81717527
test_08292,0.0013049986
test_08293,0.9377605
test_08294,0.11065797
test_08295,0.8648007
test_08296,0.6700133
test_08297,0.999995
test_08298,6.806834e-05
test_08299,0.0035606313
test_08300,0.8525649
test_08301,0.65458953
test_08302,0.9930677
test_08303,0.9999936
test_08304,0.9962057
test_08305,0.0075454926
test_08306,1.579043e-05
test_08307,0.29712853
test_08308,0.94064105
test_08309,0.38207144
test_08310,0.92861104
test_08311,0.0006040932
test_08312,0.9262054
test_08313,0.99992967
test_08314,0.0005455522
test_08315,0.9978225
test_08316,0.99988896
test_08317,0.9823642
test_08318,0.0044082
test_08319,0.99999976
test_08320,0.79753864
test_08321,0.6572275
test_08322,0.8178117
test_08323,0.99988765
test_08324,0.34644565
test_08325,1.0
test_08326,0.044370294
test_08327,0.38379386
test_08328,0.09383559
test_08329,0.793395
test_08330,0.9858076
test_08331,0.8028759
test_08332,0.049873147
test_08333,0.5742357
test_08334,0.9995254
test_08335,0.34832758
test_08336,0.5931308
test_08337,0.99398625
test_08338,0.9982144
test_08339,0.0002742725
test_08340,0.33172905
test_08341,0.99987584
test_08342,9.204228e-05
test_08343,0.4996012
test_08344,0.96872926
test_08345,0.9987161
test_08346,0.15113214
test_08347,0.008805061
test_08348,0.99865305
test_08349,0.026887102
test_08350,0.9989933
test_08351,0.99452436
test_08352,0.00010114139
test_08353,0.98812413
test_08354,2.4946968e-07
test_08355,0.7614312
test_08356,0.6260542
test_08357,0.00012545305
test_08358,0.99748546
test_08359,0.78077847
test_08360,0.9903144
test_08361,0.9532592
test_08362,0.00028900497
test_08363,0.9991086
test_08364,0.4163362
test_08365,0.0020750659
test_08366,0.05396087
test_08367,0.9184341
test_08368,0.985829
test_08369,6.509097e-06
test_08370,0.9982877
test_08371,0.00024913895
test_08372,0.001121146
test_08373,0.99196637
test_08374,0.9997771
test_08375,0.4254684
test_08376,0.99679863
test_08377,0.31400353
test_08378,0.3674051
test_08379,0.97642744
test_08380,0.75158143
test_08381,0.8443843
test_08382,0.9920493
test_08383,0.011729843
test_08384,0.025756322
test_08385,0.012846937
test_08386,2.5771842e-06
test_08387,0.0021752089
test_08388,1.4705655e-08
test_08389,0.8810669
test_08390,3.0549163e-05
test_08391,0.5884965
test_08392,0.071750194
test_08393,0.99979633
test_08394,6.896595e-06
test_08395,0.11176008
test_08396,0.5983428
test_08397,0.052775122
test_08398,0.77157414
test_08399,4.268163e-06
test_08400,1.359343e-07
test_08401,0.057301156
test_08402,0.0025736836
test_08403,0.020497173
test_08404,0.7782522
test_08405,0.23249815
test_08406,0.0056580016
test_08407,0.99850404
test_08408,0.09158845
test_08409,0.41671053
test_08410,0.84525484
test_08411,0.9989672
test_08412,0.9992279
test_08413,0.0072134905
test_08414,2.7739077e-05
test_08415,0.00023027636
test_08416,0.97971356
test_08417,0.8428224
test_08418,0.5823002
test_08419,0.2731727
test_08420,0.6769346
test_08421,0.23901182
test_08422,0.9929217
test_08423,0.99998146
test_08424,0.23246837
test_08425,0.00029476668
test_08426,0.002805892
test_08427,0.9976045
test_08428,0.99885154
test_08429,0.07500397
test_08430,0.9550427
test_08431,0.31744167
test_08432,0.40902793
test_08433,0.87511945
test_08434,0.9434666
test_08435,0.00080387935
test_08436,0.27737164
test_08437,0.12528136
test_08438,0.8412485
test_08439,0.15385054
test_08440,0.9984629
test_08441,0.07999126
test_08442,0.9211657
test_08443,0.0017406289
test_08444,0.13291347
test_08445,0.578295
test_08446,4.139021e-05
test_08447,0.0003308956
test_08448,0.61346495
test_08449,0.9679043
test_08450,0.6930001
test_08451,0.040744748
test_08452,0.042564277
test_08453,0.00069185504
test_08454,0.0022653234
test_08455,0.49627343
test_08456,0.99999946
test_08457,0.9996396
test_08458,0.0002405226
test_08459,0.76832825
test_08460,0.9883176
test_08461,2.4142904e-05
test_08462,0.014362048
test_08463,0.9992251
test_08464,0.0034856158
test_08465,0.99981475
test_08466,0.011342874
test_08467,0.03753173
test_08468,0.99740076
test_08469,0.06779428
test_08470,0.013965909
test_08471,0.0038681445
test_08472,0.9791913
test_08473,0.0010498109
test_08474,0.9987723
test_08475,0.007917676
test_08476,0.9970983
test_08477,0.9985044
test_08478,0.9943938
test_08479,0.75236595
test_08480,0.072113134
test_08481,0.31887314
test_08482,0.9999993
test_08483,0.13752031
test_08484,0.9980239
test_08485,0.86070204
test_08486,0.6670853
test_08487,0.08788233
test_08488,0.26108137
test_08489,0.51823986
test_08490,0.8896351
test_08491,0.9998884
test_08492,0.9999896
test_08493,0.28806716
test_08494,0.17577773
test_08495,0.58920467
test_08496,0.0056567835
test_08497,0.9696065
test_08498,0.10386545
test_08499,0.31843415
test_08500,0.49071223
test_08501,0.0075923484
test_08502,1.0
test_08503,0.068168275
test_08504,0.81296015
test_08505,0.036512583
test_08506,0.064070165
test_08507,0.00017842247
test_08508,0.9836894
test_08509,0.8579417
test_08510,0.92226106
test_08511,0.086806476
test_08512,0.94096
test_08513,0.99998724
test_08514,0.024330633
test_08515,0.76871514
test_08516,1.0
test_08517,0.99922985
test_08518,0.7889048
test_08519,0.9999999
test_08520,0.030088263
test_08521,4.4118453e-05
test_08522,0.012698038
test_08523,0.13229068
test_08524,0.008627956
test_08525,0.007549115
test_08526,0.053761624
test_08527,6.341688e-06
test_08528,0.001886895
test_08529,0.98248315
test_08530,3.16472e-05
test_08531,0.87970024
test_08532,0.9033374
test_08533,0.0031255689
test_08534,0.9435395
test_08535,0.99261904
test_08536,3.3620563e-05
test_08537,0.13761288
test_08538,0.69638366
test_08539,0.21865724
test_08540,0.9973134
test_08541,3.298081e-05
test_08542,0.6910143
test_08543,0.29088646
test_08544,0.997285
test_08545,0.7819082
test_08546,0.8363527
test_08547,0.87368464
test_08548,0.33275086
test_08549,7.013364e-05
test_08550,0.99555373
test_08551,0.89988685
test_08552,0.21750952
test_08553,0.98526937
test_08554,1.4705655e-08
test_08555,0.74331266
test_08556,0.67007315
test_08557,0.0019987088
test_08558,0.13073334
test_08559,0.9999269
test_08560,0.04389046
test_08561,0.98106706
test_08562,0.7892681
test_08563,0.09420878
test_08564,8.153827e-06
test_08565,0.34289116
test_08566,0.9699477
test_08567,0.020730477
test_08568,0.99520314
test_08569,0.0011671927
test_08570,0.04370229
test_08571,0.53269637
test_08572,0.61841893
test_08573,0.97624934
test_08574,0.6939516
test_08575,0.58322
test_08576,5.3615644e-05
test_08577,0.92568004
test_08578,1.4146497e-06
test_08579,0.93423355
test_08580,0.9995239
test_08581,0.9690108
test_08582,0.063909814
test_08583,0.027062522
test_08584,0.015435066
test_08585,0.014066388
test_08586,0.1090093
test_08587,0.06880138
test_08588,0.8922032
test_08589,0.6441542
test_08590,0.96677685
test_08591,0.0012527016
test_08592,0.60453165
test_08593,0.0027927326
test_08594,0.103947364
test_08595,0.6299525
test_08596,0.9889159
test_08597,0.8390579
test_08598,0.99464625
test_08599,0.52520037
test_08600,0.9999162
test_08601,0.9993766
test_08602,0.38178974
test_08603,0.9560784
test_08604,0.72120774
test_08605,0.013005812
test_08606,0.99894834
test_08607,0.8779957
test_08608,0.1978817
test_08609,0.040644743
test_08610,0.2917233
test_08611,6.763556e-05
test_08612,0.95752746
test_08613,0.4719519
test_08614,0.9981593
test_08615,0.8220711
test_08616,0.99997324
test_08617,0.052321654
test_08618,0.011539445
test_08619,0.7324966
test_08620,0.96383715
test_08621,0.9998577
test_08622,0.99747705
test_08623,0.24412954
test_08624,0.73881745
test_08625,0.7589257
test_08626,0.031476084
test_08627,0.18330884
test_08628,0.21543467
test_08629,0.048162233
test_08630,0.9301671
test_08631,0.75313604
test_08632,1.5805796e-05
test_08633,0.97024095
test_08634,0.9799497
test_08635,0.96410125
test_08636,0.08902516
test_08637,0.9118489
test_08638,0.96679914
test_08639,0.019929001
test_08640,0.024785245
test_08641,0.8212633
test_08642,0.95593435
test_08643,0.00013493151
test_08644,0.97402084
test_08645,0.016405456
test_08646,0.1699246
test_08647,0.0772737
test_08648,0.0031044576
test_08649,0.9375655
test_08650,0.89772356
test_08651,0.74957716
test_08652,0.44823614
test_08653,0.9989102
test_08654,0.003115383
test_08655,0.44003868
test_08656,0.07709813
test_08657,0.48482686
test_08658,0.99939394
test_08659,0.021030443
test_08660,0.803307
test_08661,0.17001797
test_08662,0.0658651
test_08663,0.0043226
test_08664,0.03563314
test_08665,0.16567431
test_08666,0.99999297
test_08667,0.99577695
test_08668,0.896101
test_08669,0.99437594
test_08670,0.86956596
test_08671,0.18592097
test_08672,0.99692583
test_08673,0.9999833
test_08674,0.9999599
test_08675,0.00057039363
test_08676,0.99988157
test_08677,0.99374145
test_08678,0.77059793
test_08679,0.4510157
test_08680,1.0
test_08681,0.02785611
test_08682,0.10337263
test_08683,0.6809466
test_08684,0.19767883
test_08685,0.99017596
test_08686,0.9994554
test_08687,0.048679344
test_08688,0.9455949
test_08689,0.99866605
test_08690,7.392137e-05
test_08691,0.98911023
test_08692,0.99991226
test_08693,0.00020094609
test_08694,0.06806502
test_08695,0.5368198
test_08696,0.016150944
test_08697,0.019967979
test_08698,0.91923237
test_08699,0.9951885
test_08700,0.9757726
test_08701,0.9999906
test_08702,0.005166146
test_08703,0.00666669
test_08704,0.0044128774
test_08705,0.24185748
test_08706,0.0023598494
test_08707,0.9729378
test_08708,0.97218394
test_08709,0.9833254
test_08710,0.0036452252
test_08711,0.128999
test_08712,0.0046016844
test_08713,0.9657873
test_08714,0.7946942
test_08715,0.21531995
test_08716,1.0
test_08717,0.7419769
test_08718,0.000131927
test_08719,0.9845351
test_08720,0.9996526
test_08721,0.524168
test_08722,0.9997368
test_08723,0.9642019
test_08724,0.8485178
test_08725,0.9998779
test_08726,0.9999829
test_08727,0.37038818
test_08728,0.0001722469
test_08729,0.5050842
test_08730,0.5187589
test_08731,0.5123394
test_08732,0.69265854
test_08733,0.0016871514
test_08734,0.58940876
test_08735,8.3201735e-07
test_08736,0.9999897
test_08737,0.07220041
test_08738,0.4207704
test_08739,0.13372193
test_08740,0.39399382
test_08741,0.075070925
test_08742,0.99847203
test_08743,0.032251216
test_08744,0.25052705
test_08745,0.9540045
test_08746,0.74967027
test_08747,0.999948
test_08748,0.064050674
test_08749,0.19386142
test_08750,0.9988635
test_08751,0.0010669678
test_08752,0.20907508
test_08753,0.84562176
test_08754,0.0005904543
test_08755,0.8902497
test_08756,0.9865916
test_08757,0.99999976
test_08758,0.12783553
test_08759,0.44442046
test_08760,0.00015716921
test_08761,0.86349314
test_08762,0.77998084
test_08763,0.22399764
test_08764,0.89205825
test_08765,0.13489236
test_08766,0.50994223
test_08767,0.045435973
test_08768,0.99140716
test_08769,0.62165356
test_08770,0.99940467
test_08771,0.016194789
test_08772,0.06541225
test_08773,0.022100925
test_08774,0.0021199922
test_08775,0.8511645
test_08776,0.9955268
test_08777,0.028384492
test_08778,0.998587
test_08779,0.6725066
test_08780,0.937321
test_08781,0.7562821
test_08782,0.30988994
test_08783,0.9964324
test_08784,0.92579865
test_08785,0.04522751
test_08786,0.79540586
test_08787,0.5356351
test_08788,0.6562066
test_08789,0.3234801
test_08790,0.07381945
test_08791,0.05497992
test_08792,0.52230525
test_08793,0.35053504
test_08794,0.00049198116
test_08795,0.9993241
test_08796,1.0
test_08797,0.18177041
test_08798,0.5696964
test_08799,0.9997014
test_08800,0.6388304
test_08801,0.99937904
test_08802,0.9352453
test_08803,0.9999765
test_08804,0.48942143
test_08805,0.99768
test_08806,0.24376813
test_08807,0.3702522
test_08808,0.9998058
test_08809,0.45545542
test_08810,0.004272697
test_08811,0.99889904
test_08812,0.3365413
test_08813,0.98506665
test_08814,0.0018168682
test_08815,0.032509536
test_08816,2.6768561e-05
test_08817,0.9883095
test_08818,0.19906165
test_08819,0.99978864
test_08820,0.7266208
test_08821,0.5141536
test_08822,0.9400575
test_08823,0.40533754
test_08824,0.14730513
test_08825,0.34856805
test_08826,0.04453671
test_08827,0.5145708
test_08828,0.97591746
test_08829,0.46423733
test_08830,0.6856577
test_08831,0.06600663
test_08832,8.71148e-07
test_08833,0.99615586
test_08834,0.37330356
test_08835,0.51748955
test_08836,0.49043506
test_08837,0.53698826
test_08838,0.4822951
test_08839,0.9987894
test_08840,0.64002836
test_08841,0.8556479
test_08842,0.00016702921
test_08843,0.9754689
test_08844,0.004653455
test_08845,0.018817343
test_08846,0.88067675
test_08847,0.9566026
test_08848,0.073395714
test_08849,0.0033947863
test_08850,0.9483458
test_08851,0.016691826
test_08852,0.15805735
test_08853,0.99902546
test_08854,0.16598098
test_08855,0.22344713
test_08856,0.9995985
test_08857,0.72699
test_08858,0.91039515
test_08859,0.0002181535
test_08860,0.9981156
test_08861,0.98194873
test_08862,0.0011277233
test_08863,0.048383556
test_08864,0.3763208
test_08865,0.1844888
test_08866,0.77911603
test_08867,0.70824826
test_08868,0.0018377274
test_08869,0.91079694
test_08870,0.99840295
test_08871,0.99952567
test_08872,0.27628875
test_08873,0.9856231
test_08874,0.002175382
test_08875,0.6486938
test_08876,0.9991564
test_08877,0.9309553
test_08878,0.4816033
test_08879,0.82641804
test_08880,0.69515544
test_08881,0.99817026
test_08882,0.03351438
test_08883,0.26675475
test_08884,0.25559556
test_08885,0.090049885
test_08886,0.0004256589
test_08887,0.01899108
test_08888,0.07968262
test_08889,0.9999999
test_08890,0.9822655
test_08891,0.32106158
test_08892,0.80548584
test_08893,0.03922226
test_08894,0.9999982
test_08895,0.23081289
test_08896,0.99978924
test_08897,0.004038636
test_08898,0.29614446
test_08899,0.06686948
test_08900,0.9626068
test_08901,0.9970958
test_08902,0.77063704
test_08903,0.77231103
test_08904,0.6111132
test_08905,0.9712914
test_08906,0.97768986
test_08907,0.9946666
test_08908,0.99587905
test_08909,0.20910388
test_08910,0.010339545
test_08911,0.99986875
test_08912,0.000110715344
test_08913,0.0022468353
test_08914,7.015748e-07
test_08915,0.6133279
test_08916,0.84564984
test_08917,0.5014987
test_08918,0.9981344
test_08919,0.6201595
test_08920,0.07095623
test_08921,0.30350494
test_08922,0.076942034
test_08923,0.98231125
test_08924,1.0
test_08925,0.99472237
test_08926,0.0003681978
test_08927,0.18983868
test_08928,0.020857623
test_08929,0.99999005
test_08930,0.933188
test_08931,0.14313403
test_08932,0.3633983
test_08933,0.64470196
test_08934,0.32579377
test_08935,0.9693345
test_08936,0.9960426
test_08937,0.902599
test_08938,0.998731
test_08939,8.455098e-06
test_08940,0.0004081215
test_08941,0.33687904
test_08942,0.47058597
test_08943,0.9958424
test_08944,0.9999871
test_08945,0.9646775
test_08946,0.00016936871
test_08947,0.98642194
test_08948,0.9895911
test_08949,0.019512452
test_08950,0.085859865
test_08951,0.96402836
test_08952,0.9497516
test_08953,0.73117244
test_08954,0.9843238
test_08955,0.9087502
test_08956,0.5532365
test_08957,0.35574278
test_08958,0.26407185
test_08959,0.0004033842
test_08960,0.9372913
test_08961,0.0018395394
test_08962,0.00020139337
test_08963,0.032631043
test_08964,0.00044282628
test_08965,0.007881183
test_08966,0.74478877
test_08967,5.3812146e-05
test_08968,0.8949564
test_08969,0.0021973662
test_08970,0.9992222
test_08971,0.005242968
test_08972,0.0009477126
test_08973,0.9999983
test_08974,0.5312414
test_08975,0.14559868
test_08976,0.10188295
test_08977,0.7781803
test_08978,0.3287435
test_08979,0.501539
test_08980,0.95290446
test_08981,0.9780369
test_08982,0.89615667
test_08983,0.48414356
test_08984,0.11049258
test_08985,0.10253391
test_08986,0.9995011
test_08987,0.002893663
test_08988,0.24176408
test_08989,0.9999652
test_08990,9.642804e-05
test_08991,0.0006457069
test_08992,0.27743888
test_08993,0.5367209
test_08994,1.0
test_08995,0.0005662467
test_08996,0.9999999
test_08997,0.84977543
test_08998,0.11514511
test_08999,0.9944103
test_09000,0.9997819
test_09001,0.6929908
test_09002,0.26291567
test_09003,0.81875956
test_09004,0.08700114
test_09005,0.9987267
test_09006,0.9963876
test_09007,0.79031754
test_09008,0.4981704
test_09009,0.24263202
test_09010,0.9878721
test_09011,1.4705655e-08
test_09012,0.99081707
test_09013,0.21865475
test_09014,0.0129673965
test_09015,0.6170232
test_09016,0.98647016
test_09017,0.62834454
test_09018,1.0
test_09019,0.72553414
test_09020,0.019404586
test_09021,0.25285822
test_09022,0.986503
test_09023,0.0022909646
test_09024,0.7938607
test_09025,1.0
test_09026,1.0
test_09027,0.7050972
test_09028,0.27920777
test_09029,0.017083056
test_09030,0.986884
test_09031,0.2321849
test_09032,0.9994155
test_09033,0.87378
test_09034,0.0007314494
test_09035,0.94744855
test_09036,0.14712226
test_09037,0.00025995562
test_09038,0.00012930107
test_09039,0.071316384
test_09040,0.6177404
test_09041,0.00032387805
test_09042,0.99732256
test_09043,0.263017
test_09044,0.29261678
test_09045,0.024634466
test_09046,0.5897334
test_09047,0.135205
test_09048,0.05066705
test_09049,0.999585
test_09050,0.02205456
test_09051,0.5507184
test_09052,0.9908482
test_09053,0.9759145
test_09054,0.43144718
test_09055,0.16488878
test_09056,0.044718936
test_09057,0.054937825
test_09058,0.44651952
test_09059,0.16829364
test_09060,0.30782756
test_09061,0.00040012388
test_09062,0.020567775
test_09063,0.9732486
test_09064,0.48039824
test_09065,0.9996534
test_09066,0.7603726
test_09067,0.7925048
test_09068,0.0039628623
test_09069,0.13308427
test_09070,0.025707146
test_09071,0.9967567
test_09072,0.99689186
test_09073,0.9999981
test_09074,0.9133841
test_09075,0.9889083
test_09076,0.051107783
test_09077,0.9999962
test_09078,0.999905
test_09079,0.7857765
test_09080,0.9735316
test_09081,0.92896926
test_09082,0.0024128507
test_09083,0.91008365
test_09084,0.0002571978
test_09085,0.99230814
test_09086,0.7431558
test_09087,0.00011534516
test_09088,0.0020304616
test_09089,0.8200202
test_09090,0.771019
test_09091,0.041804943
test_09092,0.0075925314
test_09093,0.1793089
test_09094,0.9986604
test_09095,0.9925625
test_09096,0.00043789373
test_09097,0.37939483
test_09098,0.77581465
test_09099,0.259912
test_09100,0.6048907
test_09101,0.8325771
test_09102,0.007243272
test_09103,0.0022190055
test_09104,0.99923694
test_09105,0.0049253516
test_09106,0.84910893
test_09107,0.00033967165
test_09108,0.998132
test_09109,0.005047595
test_09110,0.8411047
test_09111,0.9999282
test_09112,0.8789617
test_09113,0.9999495
test_09114,0.38274953
test_09115,0.035677012
test_09116,0.97588027
test_09117,0.006680157
test_09118,0.9999784
test_09119,0.7075633
test_09120,0.99843085
test_09121,0.83905745
test_09122,0.99999106
test_09123,0.0019780612
test_09124,0.76763844
test_09125,0.956895
test_09126,0.027624361
test_09127,0.96306425
test_09128,0.8158819
test_09129,0.05805079
test_09130,8.156147e-05
test_09131,0.1582382
test_09132,0.66001236
test_09133,0.007304221
test_09134,0.036392424
test_09135,0.72183627
test_09136,0.9999727
test_09137,0.99465716
test_09138,0.46780837
test_09139,0.38096026
test_09140,0.9980787
test_09141,0.9748908
test_09142,1.6710606e-05
test_09143,0.106657416
test_09144,0.91042805
test_09145,0.9991052
test_09146,0.1865162
test_09147,0.9340731
test_09148,3.649271e-05
test_09149,0.6512049
test_09150,0.04964385
test_09151,0.0017577931
test_09152,0.0018282013
test_09153,0.19337061
test_09154,0.9113883
test_09155,0.12868752
test_09156,0.41720343
test_09157,1.1363654e-05
test_09158,0.69156015
test_09159,0.5946417
test_09160,0.9855244
test_09161,0.9990163
test_09162,0.000121226156
test_09163,0.9999622
test_09164,0.9874811
test_09165,0.0045638364
test_09166,0.84782064
test_09167,0.12327879
test_09168,0.9995374
test_09169,0.97927284
test_09170,0.8177011
test_09171,0.22734
test_09172,0.9998027
test_09173,0.98887247
test_09174,0.12832624
test_09175,0.0007190414
test_09176,0.4763598
test_09177,0.9034891
test_09178,0.98913956
test_09179,0.15176788
test_09180,1.4045244e-06
test_09181,0.1120137
test_09182,0.98992956
test_09183,0.0012841142
test_09184,0.00013514681
test_09185,0.32419872
test_09186,0.2310401
test_09187,0.9870215
test_09188,0.00041902688
test_09189,0.002726288
test_09190,0.9999998
test_09191,0.94742286
test_09192,0.00024606983
test_09193,0.9999881
test_09194,0.0023150658
test_09195,0.836012
test_09196,0.99302113
test_09197,0.047565382
test_09198,0.0008170534
test_09199,0.9988744
test_09200,0.010749123
test_09201,0.16242771
test_09202,0.691573
test_09203,0.9985516
test_09204,0.99733365
test_09205,0.83484375
test_09206,0.96383107
test_09207,0.0021004612
test_09208,0.79182947
test_09209,4.128477e-06
test_09210,0.17052284
test_09211,0.779534
test_09212,7.0014717e-06
test_09213,0.9999624
test_09214,0.5377791
test_09215,0.64611423
test_09216,0.48063916
test_09217,0.95936185
test_09218,0.9831084
test_09219,0.97864187
test_09220,0.74352026
test_09221,0.6983082
test_09222,0.00080654776
test_09223,0.8893202
test_09224,0.8654804
test_09225,0.9999908
test_09226,0.9996215
test_09227,0.017098602
test_09228,0.0033293485
test_09229,0.87065923
test_09230,0.89204943
test_09231,0.15134953
test_09232,5.7664693e-05
test_09233,0.09280489
test_09234,0.96505374
test_09235,1.211414e-05
test_09236,5.339526e-05
test_09237,0.9085549
test_09238,0.9990393
test_09239,0.79915524
test_09240,0.0003834721
test_09241,0.14447382
test_09242,0.9881928
test_09243,0.3669189
test_09244,0.5583708
test_09245,0.9999897
test_09246,0.9967381
test_09247,0.5908778
test_09248,0.71927786
test_09249,0.9999072
test_09250,1.4705655e-08
test_09251,0.0053951815
test_09252,0.00095566764
test_09253,0.9917461
test_09254,0.5345763
test_09255,0.8676155
test_09256,0.9999826
test_09257,0.33162242
test_09258,0.29337108
test_09259,0.91333854
test_09260,4.9295206e-05
test_09261,0.01324678
test_09262,0.9103173
test_09263,0.9314582
test_09264,0.23343512
test_09265,0.8163729
test_09266,0.95174754
test_09267,0.6865741
test_09268,0.9992515
test_09269,9.38705e-07
test_09270,0.22067313
test_09271,0.17370039
test_09272,0.98485315
test_09273,0.92225254
test_09274,0.40294856
test_09275,0.011002425
test_09276,0.71807873
test_09277,0.9615813
test_09278,0.079354465
test_09279,4.0610107e-06
test_09280,0.3789075
test_09281,0.15048695
test_09282,0.000570967
test_09283,0.01311177
test_09284,0.9993528
test_09285,0.38353008
test_09286,0.0074293255
test_09287,0.95741034
test_09288,0.58699805
test_09289,0.8581878
test_09290,4.055777e-05
test_09291,0.9995233
test_09292,0.8099694
test_09293,0.4382155
test_09294,0.07275097
test_09295,0.012200065
test_09296,0.0014515184
test_09297,0.24836758
test_09298,0.9755055
test_09299,0.008682263
test_09300,9.340868e-05
test_09301,0.003985428
test_09302,0.9968564
test_09303,0.97493327
test_09304,0.59957683
test_09305,0.28625196
test_09306,0.0004624196
test_09307,0.108478494
test_09308,0.0145966755
test_09309,0.64403236
test_09310,0.99745643
test_09311,0.5465764
test_09312,0.90964985
test_09313,0.86819386
test_09314,1.4834965e-06
test_09315,0.33374664
test_09316,0.23826705
test_09317,0.9916928
test_09318,0.9613857
test_09319,0.2194843
test_09320,0.9538293
test_09321,0.061788294
test_09322,0.99597025
test_09323,0.96087706
test_09324,0.4690277
test_09325,0.9971669
test_09326,0.6656219
test_09327,0.010621623
test_09328,0.122898065
test_09329,0.06860514
test_09330,0.09707415
test_09331,0.99999917
test_09332,0.060981892
test_09333,0.48570007
test_09334,0.9923552
test_09335,0.45993885
test_09336,0.00029509742
test_09337,0.9410268
test_09338,0.22810751
test_09339,0.0018767526
test_09340,0.270721
test_09341,1.720911e-05
test_09342,0.39709154
test_09343,1.174985e-07
test_09344,0.93939734
test_09345,0.07998531
test_09346,0.32060912
test_09347,3.6577854e-05
test_09348,0.03813684
test_09349,0.001048891
test_09350,0.9425768
test_09351,0.9984384
test_09352,0.2189809
test_09353,2.1236441e-05
test_09354,0.9995449
test_09355,0.9999542
test_09356,0.89674366
test_09357,0.8840896
test_09358,0.00020074112
test_09359,0.0011982785
test_09360,0.16770995
test_09361,0.005972821
test_09362,0.35171106
test_09363,0.624393
test_09364,0.0005240814
test_09365,0.00015736403
test_09366,0.7642433
test_09367,0.5125353
test_09368,0.0017311788
test_09369,0.23809725
test_09370,0.010202307
test_09371,0.014829172
test_09372,0.9765699
test_09373,2.340011e-05
test_09374,0.9999998
test_09375,0.12605157
test_09376,0.094753414
test_09377,0.46136478
test_09378,0.77061284
test_09379,0.9999999
test_09380,0.10539116
test_09381,0.008061282
test_09382,0.97480404
test_09383,0.7607914
test_09384,0.117663264
test_09385,0.893427
test_09386,0.8951678
test_09387,0.9999976
test_09388,0.8831284
test_09389,0.74522066
test_09390,0.7563956
test_09391,0.25689435
test_09392,0.0007764902
test_09393,0.049622837
test_09394,0.93648493
test_09395,0.7282345
test_09396,0.9998032
test_09397,0.49376762
test_09398,0.52823555
test_09399,0.009832668
test_09400,0.8494494
test_09401,0.86563325
test_09402,0.99248266
test_09403,0.00037231258
test_09404,0.8781195
test_09405,0.00025141428
test_09406,0.27700424
test_09407,0.8415443
test_09408,0.2541355
test_09409,0.5937889
test_09410,0.9991493
test_09411,1.0
test_09412,0.33513042
test_09413,0.53984576
test_09414,0.0011979283
test_09415,0.9993917
test_09416,0.99998534
test_09417,2.4404649e-06
test_09418,0.99431324
test_09419,0.5055481
test_09420,0.96868277
test_09421,0.0061298995
test_09422,0.0071720714
test_09423,0.9636886
test_09424,0.9966386
test_09425,0.021169553
test_09426,0.17619923
test_09427,0.025489293
test_09428,0.0008618903
test_09429,0.8423795
test_09430,0.97957253
test_09431,0.95605147
test_09432,0.062334895
test_09433,0.8226695
test_09434,0.99999994
test_09435,0.9202243
test_09436,0.21721151
test_09437,0.012747289
test_09438,0.93823826
test_09439,0.18918905
test_09440,0.9896619
test_09441,0.313461
test_09442,0.00063225906
test_09443,0.5840173
test_09444,0.997587
test_09445,0.053568378
test_09446,0.4109602
test_09447,0.33954424
test_09448,0.7153272
test_09449,0.9819002
test_09450,0.99998844
test_09451,0.07629554
test_09452,0.99998915
test_09453,0.98707235
test_09454,0.3598085
test_09455,0.99995303
test_09456,0.6041906
test_09457,0.00032292394
test_09458,0.24124792
test_09459,0.99999535
test_09460,0.9969631
test_09461,0.9926616
test_09462,0.022136921
test_09463,0.017027197
test_09464,0.81592953
test_09465,0.9507046
test_09466,4.275639e-06
test_09467,0.9986262
test_09468,0.15883878
test_09469,0.059944548
test_09470,0.9993248
test_09471,0.24253808
test_09472,0.9935571
test_09473,0.0011694868
test_09474,0.40276808
test_09475,0.95848787
test_09476,0.9972757
test_09477,0.8886332
test_09478,5.545689e-06
test_09479,0.39817604
test_09480,0.078619614
test_09481,0.00033925378
test_09482,0.031673126
test_09483,0.9999866
test_09484,0.011595717
test_09485,0.03660074
test_09486,0.7223947
test_09487,0.9954642
test_09488,0.02352716
test_09489,0.56281245
test_09490,0.00047443726
test_09491,0.04067342
test_09492,0.99999994
test_09493,0.017163487
test_09494,0.08697982
test_09495,0.47713923
test_09496,0.063519455
test_09497,0.0008565779
test_09498,0.9813514
test_09499,0.035807163
test_09500,0.98451567
test_09501,0.9994745
test_09502,0.016149951
test_09503,0.9879819
test_09504,0.29117975
test_09505,0.9999997
test_09506,0.7247827
test_09507,0.9999664
test_09508,1.0
test_09509,0.30312735
test_09510,0.60044694
test_09511,1.1757842e-07
test_09512,0.00034663727
test_09513,0.5590391
test_09514,0.9999989
test_09515,0.0020032818
test_09516,0.54435
test_09517,0.8331162
test_09518,1.2709438e-06
test_09519,0.9925903
test_09520,0.9612143
test_09521,0.9961696
test_09522,0.38823643
test_09523,0.0002836918
test_09524,0.5803244
test_09525,0.9997168
test_09526,1.0
test_09527,0.22703165
test_09528,0.00014515381
test_09529,0.9869133
test_09530,0.020322407
test_09531,0.00037414813
test_09532,0.023189826
test_09533,0.9475866
test_09534,0.9851135
test_09535,0.79907477
test_09536,0.0054766065
test_09537,0.42697373
test_09538,0.012633124
test_09539,0.9176097
test_09540,0.0018734538
test_09541,0.4503662
test_09542,0.001839102
test_09543,0.9449388
test_09544,0.9177613
test_09545,0.75010204
test_09546,0.02272087
test_09547,0.0011591036
test_09548,0.0043008784
test_09549,0.72023207
test_09550,6.2489853e-06
test_09551,0.20697428
test_09552,0.77450895
test_09553,0.0011407601
test_09554,0.012541326
test_09555,0.0006769635
test_09556,0.20558476
test_09557,0.00053435366
test_09558,0.37071842
test_09559,0.9461384
test_09560,0.033580933
test_09561,0.040298495
test_09562,0.8753312
test_09563,0.16601475
test_09564,0.9476278
test_09565,0.8768496
test_09566,0.2908891
test_09567,0.9395731
test_09568,0.4638542
test_09569,0.0055525443
test_09570,0.12898958
test_09571,0.0052707354
test_09572,0.08034184
test_09573,0.9143504
test_09574,0.7425809
test_09575,0.6357979
test_09576,0.0035101492
test_09577,0.0069799894
test_09578,0.003087862
test_09579,0.98248076
test_09580,0.33066756
test_09581,0.89228404
test_09582,0.6966454
test_09583,0.004825051
test_09584,0.9985344
test_09585,0.5683153
test_09586,0.43840826
test_09587,0.06799745
test_09588,0.99996775
test_09589,0.97562194
test_09590,0.67698133
test_09591,0.8690145
test_09592,0.7022066
test_09593,0.18659806
test_09594,0.99988747
test_09595,0.962536
test_09596,0.9999837
test_09597,0.9990488
test_09598,0.7401123
test_09599,0.0022387023
test_09600,0.82101333
test_09601,0.7479478
test_09602,0.050726302
test_09603,0.07635291
test_09604,0.00010220907
test_09605,0.985222
test_09606,0.4241355
test_09607,0.27037042
test_09608,0.07584673
test_09609,0.9979968
test_09610,0.9997277
test_09611,0.66412973
test_09612,0.9999932
test_09613,0.619269
test_09614,0.5009837
test_09615,0.021014052
test_09616,0.002210776
test_09617,0.845719
test_09618,0.6166417
test_09619,0.38006198
test_09620,0.9968865
test_09621,0.7990751
test_09622,1.8544076e-06
test_09623,0.9897344
test_09624,0.020241532
test_09625,0.9223426
test_09626,0.9999987
test_09627,0.019323383
test_09628,0.0002958635
test_09629,0.9718679
test_09630,0.17763692
test_09631,2.0435049e-05
test_09632,0.52292395
test_09633,0.9990743
test_09634,0.5735249
test_09635,0.022429809
test_09636,0.0009203484
test_09637,0.36052316
test_09638,0.009562523
test_09639,0.99415654
test_09640,0.043254603
test_09641,0.049779102
test_09642,0.9919768
test_09643,0.12342112
test_09644,0.036004968
test_09645,0.9115097
test_09646,0.12113251
test_09647,0.2806161
test_09648,0.24039617
test_09649,2.9460955e-08
test_09650,0.19670737
test_09651,0.02910307
test_09652,0.08227201
test_09653,0.6681674
test_09654,0.0057122475
test_09655,0.9931953
test_09656,0.99800766
test_09657,0.011246203
test_09658,0.0054190243
test_09659,0.7592487
test_09660,0.9884769
test_09661,0.9981904
test_09662,0.04735583
test_09663,0.9999037
test_09664,0.63725185
test_09665,0.10333471
test_09666,0.3114867
test_09667,1.9420108e-06
test_09668,0.06578224
test_09669,0.8158357
test_09670,0.07156802
test_09671,0.110849164
test_09672,0.7868024
test_09673,0.21666965
test_09674,0.20674947
test_09675,9.052163e-06
test_09676,0.80534035
test_09677,0.020338256
test_09678,0.9979391
test_09679,2.3892431e-05
test_09680,0.99570847
test_09681,0.77709234
test_09682,0.03761219
test_09683,0.0033117088
test_09684,0.75874394
test_09685,0.730155
test_09686,0.26812333
test_09687,0.0002468471
test_09688,0.66628397
test_09689,0.0283971
test_09690,0.976241
test_09691,0.9631088
test_09692,0.7153348
test_09693,0.90555596
test_09694,0.71307623
test_09695,0.02318633
test_09696,1.9803525e-05
test_09697,0.996813
test_09698,0.9677662
test_09699,0.29370135
test_09700,0.9299655
test_09701,0.4638761
test_09702,0.9997335
test_09703,0.20489685
test_09704,0.7614052
test_09705,0.96864164
test_09706,0.48460215
test_09707,0.9993567
test_09708,0.90900683
test_09709,0.00561197
test_09710,0.015908368
test_09711,0.00029179483
test_09712,0.003078158
test_09713,0.9979838
test_09714,0.9941346
test_09715,0.0013257563
test_09716,0.56428015
test_09717,0.77730083
test_09718,0.78424466
test_09719,0.002721123
test_09720,0.019478958
test_09721,0.43459818
test_09722,0.32668892
test_09723,0.7580447
test_09724,0.47808978
test_09725,0.8586632
test_09726,0.3143341
test_09727,0.99995726
test_09728,0.00011626482
test_09729,0.00039607577
test_09730,0.9999589
test_09731,0.2288885
test_09732,0.11023081
test_09733,0.42662957
test_09734,1.7885992e-07
test_09735,0.0071894773
test_09736,0.00013763967
test_09737,0.8924954
test_09738,0.042924028
test_09739,0.5425772
test_09740,0.0141248675
test_09741,0.26246747
test_09742,1.4705655e-08
test_09743,0.9851756
test_09744,0.99987197
test_09745,0.928924
test_09746,0.99869037
test_09747,0.99993145
test_09748,0.5936778
test_09749,0.99993026
test_09750,0.9999989
test_09751,0.9833306
test_09752,0.66163766
test_09753,0.30212808
test_09754,0.0004868952
test_09755,0.040733956
test_09756,0.84651494
test_09757,0.18109335
test_09758,0.8188786
test_09759,0.99993545
test_09760,0.0021336502
test_09761,0.009187205
test_09762,0.54538244
test_09763,0.9886202
test_09764,0.008642372
test_09765,0.003553941
test_09766,0.088850565
test_09767,0.08123344
test_09768,0.9927998
test_09769,0.0025736839
test_09770,0.04182954
test_09771,0.5500674
test_09772,0.9734334
test_09773,0.99999535
test_09774,0.18551047
test_09775,0.0006503106
test_09776,0.93590444
test_09777,0.44281954
test_09778,0.39883986
test_09779,0.60194
test_09780,5.8919595e-06
test_09781,0.19319911
test_09782,0.9999832
test_09783,0.8240324
test_09784,0.0087631475
test_09785,0.9488043
test_09786,5.0524734e-05
test_09787,0.6471633
test_09788,0.9963728
test_09789,0.6716768
test_09790,0.02421687
test_09791,0.739034
test_09792,0.27008456
test_09793,0.6930169
test_09794,1.8482435e-05
test_09795,0.32231584
test_09796,0.3268915
test_09797,0.02711773
test_09798,0.99593747
test_09799,0.99299335
test_09800,0.9140032
test_09801,0.16099712
test_09802,0.9999995
test_09803,0.4784183
test_09804,0.9313859
test_09805,0.98762316
test_09806,0.9986211
test_09807,1.0
test_09808,0.77215755
test_09809,0.43555093
test_09810,0.9998479
test_09811,0.02344697
test_09812,0.2646622
test_09813,0.0003783622
test_09814,0.023246963
test_09815,0.59746236
test_09816,0.41542852
test_09817,0.0007245251
test_09818,0.99991465
test_09819,0.72246
test_09820,0.9662306
test_09821,3.906414e-06
test_09822,0.9949982
test_09823,1.0
test_09824,0.99788654
test_09825,0.9587846
test_09826,0.9999982
test_09827,0.5599742
test_09828,0.9328742
test_09829,0.89526784
test_09830,0.9992753
test_09831,0.99998844
test_09832,0.98188925
test_09833,0.99963856
test_09834,0.21651831
test_09835,7.231284e-08
test_09836,0.8019173
test_09837,0.9891925
test_09838,0.9996302
test_09839,0.9270747
test_09840,0.12522292
test_09841,0.96661377
test_09842,0.0007289027
test_09843,0.012288984
test_09844,0.009214912
test_09845,0.9852078
test_09846,0.9829708
test_09847,4.778373e-05
test_09848,0.45861453
test_09849,0.99972343
test_09850,0.8664675
test_09851,0.96199346
test_09852,0.8504106
test_09853,0.947633
test_09854,0.9992898
test_09855,7.7175384e-05
test_09856,0.0056518395
test_09857,0.7608272
test_09858,0.087609336
test_09859,0.16394313
test_09860,0.1837621
test_09861,1.0
test_09862,0.43213648
test_09863,0.99861413
test_09864,0.98841923
test_09865,0.00017868845
test_09866,0.9238607
test_09867,0.01225388
test_09868,0.99988484
test_09869,0.963284
test_09870,0.4387626
test_09871,0.023532642
test_09872,0.45813268
test_09873,0.879598
test_09874,0.0017277126
test_09875,0.99566317
test_09876,0.93347186
test_09877,0.6783707
test_09878,0.015348397
test_09879,0.009657459
test_09880,0.007213569
test_09881,1.0
test_09882,0.5147153
test_09883,0.024018709
test_09884,0.99388146
test_09885,0.67724025
test_09886,0.8942331
test_09887,0.17834117
test_09888,0.001508764
test_09889,0.7991656
test_09890,0.33170435
test_09891,0.00014462597
test_09892,0.99264514
test_09893,0.009724991
test_09894,0.042382054
test_09895,0.24914405
test_09896,0.0006712319
test_09897,0.8319888
test_09898,0.6711783
test_09899,0.8090595
test_09900,0.0006105497
test_09901,0.004700668
test_09902,0.4990053
test_09903,0.35173163
test_09904,1.4705655e-08
test_09905,0.9681364
test_09906,0.98257387
test_09907,0.8338478
test_09908,0.0007494102
test_09909,0.020571064
test_09910,0.049120314
test_09911,0.9827008
test_09912,0.124299966
test_09913,0.65246207
test_09914,0.1402337
test_09915,0.63060784
test_09916,0.93157
test_09917,0.041569583
test_09918,0.87391037
test_09919,0.041218206
test_09920,0.12961884
test_09921,0.8312427
test_09922,0.01604493
test_09923,0.85627663
test_09924,0.9748421
test_09925,0.99963343
test_09926,0.99960625
test_09927,0.25495896
test_09928,0.047504276
test_09929,0.99751526
test_09930,0.99999917
test_09931,0.020260599
test_09932,0.9846687
test_09933,0.14325385
test_09934,0.01481045
test_09935,0.00016371343
test_09936,1.0
test_09937,0.999888
test_09938,0.9979414
test_09939,0.18993752
test_09940,0.75195885
test_09941,0.99974495
test_09942,0.4373804
test_09943,0.9992361
test_09944,0.9659347
test_09945,0.998524
test_09946,8.8244626e-05
test_09947,0.9997978
test_09948,0.6143163
test_09949,0.009570258
test_09950,0.23543592
test_09951,0.8549547
test_09952,0.17151
test_09953,0.08940924
test_09954,0.37030828
test_09955,0.002560131
test_09956,1.0
test_09957,0.01006224
test_09958,0.90379274
test_09959,0.43544337
test_09960,0.9999829
test_09961,0.45008317
test_09962,0.5037247
test_09963,0.9147084
test_09964,0.0048283953
test_09965,8.4365165e-06
test_09966,0.9999994
test_09967,0.038337708
test_09968,0.08700192
test_09969,0.36654025
test_09970,0.4316362
test_09971,0.00012318122
test_09972,0.99646544
test_09973,0.45484948
test_09974,0.99993277
test_09975,0.08294773
test_09976,0.99440014
test_09977,0.008246984
test_09978,0.14656414
test_09979,0.8385719
test_09980,0.1840179
test_09981,0.93944156
test_09982,0.9990866
test_09983,0.5210705
test_09984,0.009797499
test_09985,0.00024875195
test_09986,0.5810317
test_09987,0.43146956
test_09988,0.99768335
test_09989,0.98865455
test_09990,0.0037511645
test_09991,0.9177535
test_09992,0.05838539
test_09993,0.07116674
test_09994,0.9706652
test_09995,0.9991717
test_09996,0.9999992
test_09997,0.012471876
test_09998,0.8451389
test_09999,0.9991773
test_10000,0.6121776
test_10001,0.9974483
test_10002,0.99924964
test_10003,0.9482074
test_10004,0.9998865
test_10005,0.012320798
test_10006,0.9560411
test_10007,0.98591906
test_10008,0.63893616
test_10009,5.347579e-07
test_10010,0.99155456
test_10011,0.6597638
test_10012,0.0013657006
test_10013,0.031657226
test_10014,0.008079709
test_10015,0.4228019
test_10016,0.8574494
test_10017,0.33607507
test_10018,0.9854647
test_10019,0.075477466
test_10020,0.41158617
test_10021,1.1691543e-05
test_10022,9.55712e-06
test_10023,0.001099621
test_10024,0.99974215
test_10025,8.226761e-06
test_10026,0.52507937
test_10027,0.22601692
test_10028,0.035432138
test_10029,0.9887208
test_10030,0.93982744
test_10031,0.12958947
test_10032,0.006714683
test_10033,0.4840297
test_10034,0.18986532
test_10035,0.5714833
test_10036,0.961448
test_10037,0.99999696
test_10038,1.0
test_10039,0.334522
test_10040,0.59192735
test_10041,0.5795871
test_10042,0.03413868
test_10043,0.08364151
test_10044,0.77871925
test_10045,0.3893151
test_10046,0.5024657
test_10047,0.31560916
test_10048,0.12886016
test_10049,0.98975027
test_10050,0.998591
test_10051,0.15640983
test_10052,0.8359294
test_10053,0.19280593
test_10054,1.0
test_10055,0.13864753
test_10056,0.67183125
test_10057,0.15250555
test_10058,0.048952352
test_10059,0.99864227
test_10060,0.75917923
test_10061,0.05688397
test_10062,8.491363e-08
test_10063,0.99999714
test_10064,2.6515343e-05
test_10065,0.0008024027
test_10066,0.88855565
test_10067,0.85696656
test_10068,0.72948337
test_10069,0.41489568
test_10070,0.58517575
test_10071,0.9842447
test_10072,0.022128806
test_10073,0.27032316
test_10074,0.0012067533
test_10075,0.9796959
test_10076,0.008338214
test_10077,0.2786592
test_10078,1.8684925e-05
test_10079,0.16041568
test_10080,0.21218997
test_10081,0.31817338
test_10082,0.9998264
test_10083,0.9999965
test_10084,0.7352679
test_10085,0.3447733
test_10086,0.99665844
test_10087,0.54554677
test_10088,0.22902642
test_10089,0.56732047
test_10090,0.9959966
test_10091,0.8900764
test_10092,0.9734092
test_10093,0.8931519
test_10094,0.015720155
test_10095,0.96258914
test_10096,0.28069732
test_10097,0.999899
test_10098,0.1449105
test_10099,0.0012668909
test_10100,0.9999957
test_10101,0.9837197
test_10102,0.00012947395
test_10103,0.001661919
test_10104,0.9858762
test_10105,0.99929595
test_10106,0.00020410359
test_10107,0.000956285
test_10108,0.9928668
test_10109,0.0010815506
test_10110,0.000241733
test_10111,0.10101378
test_10112,0.047251448
test_10113,0.5285596
test_10114,0.07305663
test_10115,4.0347688e-05
test_10116,8.608131e-06
test_10117,0.27094707
test_10118,0.90057945
test_10119,0.99275804
test_10120,0.6203287
test_10121,0.9744153
test_10122,0.4762089
test_10123,0.7040156
test_10124,0.2867614
test_10125,0.059983633
test_10126,7.706529e-05
test_10127,0.005236463
test_10128,0.30795425
test_10129,0.99902314
test_10130,0.21224588
test_10131,0.00025673257
test_10132,0.0013877637
test_10133,0.16847266
test_10134,0.20071286
test_10135,0.25562602
test_10136,0.20445165
test_10137,2.7230843e-05
test_10138,0.88924253
test_10139,0.19067094
test_10140,4.950835e-06
test_10141,0.0016125743
test_10142,0.0016674626
test_10143,0.038733557
test_10144,0.5268074
test_10145,0.08170724
test_10146,0.12782782
test_10147,0.9999274
test_10148,0.6736548
test_10149,0.5114794
test_10150,0.04044973
test_10151,0.00024935303
test_10152,0.0049433964
test_10153,0.9988117
test_10154,0.9998415
test_10155,0.70585644
test_10156,0.9939313
test_10157,0.23528121
test_10158,7.726527e-06
test_10159,0.032914087
test_10160,0.0009792037
test_10161,0.64380705
test_10162,0.9850385
test_10163,0.9972104
test_10164,0.0006879944
test_10165,0.0005477247
test_10166,0.9986074
test_10167,0.99948066
test_10168,0.91376245
test_10169,0.99743366
test_10170,0.017243065
test_10171,0.0012190056
test_10172,0.9291134
test_10173,0.62888503
test_10174,0.99863017
test_10175,0.5570512
test_10176,3.465189e-05
test_10177,1.6001948e-08
test_10178,0.004890864
test_10179,0.12497766
test_10180,0.604584
test_10181,0.0003278576
test_10182,0.9980871
test_10183,6.530894e-05
test_10184,0.6200553
test_10185,0.24143659
test_10186,0.020710785
test_10187,0.9996795
test_10188,1.0
test_10189,0.82815385
test_10190,0.9999206
test_10191,0.828809
test_10192,0.013764496
test_10193,0.7215064
test_10194,0.43376046
test_10195,0.91380775
test_10196,0.0017713117
test_10197,0.95981944
test_10198,0.025419414
test_10199,2.179648e-05
test_10200,0.49437007
test_10201,0.001210746
test_10202,0.7090931
test_10203,0.99992114
test_10204,6.7170426e-05
test_10205,0.3076888
test_10206,0.07198532
test_10207,0.00012758868
test_10208,0.5461967
test_10209,0.99999976
test_10210,0.9918276
test_10211,0.060323246
test_10212,0.9987108
test_10213,0.00970564
test_10214,0.6499319
test_10215,0.030868372
test_10216,0.8589951
test_10217,0.88926643
test_10218,0.9082174
test_10219,0.9757019
test_10220,0.946517
test_10221,0.25440314
test_10222,0.9999998
test_10223,0.9053185
test_10224,0.44614595
test_10225,0.57966423
test_10226,0.0006618465
test_10227,0.12785278
test_10228,0.5640975
test_10229,0.11092408
test_10230,0.006400446
test_10231,0.9899026
test_10232,0.91685194
test_10233,0.785356
test_10234,1.6916441e-05
test_10235,0.083394185
test_10236,0.41139773
test_10237,0.84091306
test_10238,0.0007865819
test_10239,0.8219899
test_10240,0.9995517
test_10241,0.9770752
test_10242,0.9281308
test_10243,0.77324486
test_10244,0.3497411
test_10245,0.7041587
test_10246,0.33457673
test_10247,0.99674773
test_10248,0.6908643
test_10249,0.0020975375
test_10250,0.1236441
test_10251,0.95599836
test_10252,0.0041196942
test_10253,0.99043936
test_10254,0.006010265
test_10255,0.010626726
test_10256,0.6953018
test_10257,0.8566242
test_10258,0.9997425
test_10259,0.18710439
test_10260,0.9641173
test_10261,0.9988625
test_10262,0.046760455
test_10263,0.9991522
test_10264,0.53937984
test_10265,0.0045804163
test_10266,0.058920704
test_10267,0.9815732
test_10268,0.9982521
test_10269,0.5723384
test_10270,1.3025034e-05
test_10271,0.00043381512
test_10272,0.00049300306
test_10273,0.1703447
test_10274,0.917946
test_10275,0.9966047
test_10276,0.9999999
test_10277,0.82063985
test_10278,0.98172677
test_10279,0.48967698
test_10280,0.5083666
test_10281,0.0002697757
test_10282,0.014891084
test_10283,0.029322626
test_10284,0.9965668
test_10285,0.052954964
test_10286,0.0066692047
test_10287,0.5821907
test_10288,0.99535584
test_10289,0.752929
test_10290,0.9705887
test_10291,0.5233781
test_10292,0.6320641
test_10293,0.98989844
test_10294,0.32802075
test_10295,0.6776375
test_10296,0.9996227
test_10297,0.026660679
test_10298,5.7215573e-05
test_10299,0.006518529
test_10300,0.4086844
test_10301,0.2753763
test_10302,0.9997673
test_10303,0.9316721
test_10304,0.76531386
test_10305,0.5405984
test_10306,0.26449937
test_10307,0.000673765
test_10308,0.042911317
test_10309,0.9684725
test_10310,0.08299413
test_10311,0.46452618
test_10312,8.661855e-06
test_10313,0.23939015
test_10314,0.99604726
test_10315,0.0006739921
test_10316,0.9627718
test_10317,1.6941289e-05
test_10318,0.9686231
test_10319,0.67356765
test_10320,0.9832158
test_10321,0.9982633
test_10322,2.0557396e-05
test_10323,0.0019429915
test_10324,0.002509585
test_10325,0.9984678
test_10326,0.99948
test_10327,1.0
test_10328,0.42846707
test_10329,0.86610866
test_10330,7.414258e-07
test_10331,0.95899165
test_10332,0.9894743
test_10333,0.99994934
test_10334,0.8357848
test_10335,0.0256395
test_10336,0.88651884
test_10337,0.008065197
test_10338,0.87109125
test_10339,0.99865365
test_10340,0.9952472
test_10341,0.0052841096
test_10342,0.36379832
test_10343,0.33631444
test_10344,0.53919387
test_10345,0.17724366
test_10346,0.999527
test_10347,0.90047175
test_10348,0.91063917
test_10349,0.116932966
test_10350,0.49412626
test_10351,0.03368733
test_10352,0.00012394854
test_10353,0.006651918
test_10354,0.9447862
test_10355,0.6120403
test_10356,0.22137633
test_10357,0.972732
test_10358,0.19523977
test_10359,0.0022273185
test_10360,0.08909018
test_10361,0.99988467
test_10362,0.111113094
test_10363,0.44282457
test_10364,0.81680834
test_10365,0.0026187787
test_10366,0.28140727
test_10367,0.8364817
test_10368,0.15002258
test_10369,0.9637116
test_10370,0.4723892
test_10371,0.9999649
test_10372,0.004709451
test_10373,0.99270046
test_10374,1.1644984e-06
test_10375,0.99927473
test_10376,0.9951066
test_10377,5.6103738e-05
test_10378,0.115159065
test_10379,0.6383193
test_10380,0.99621654
test_10381,0.82198775
test_10382,0.99991244
test_10383,0.58064866
test_10384,1.7308306e-06
test_10385,0.0119290855
test_10386,0.9805496
test_10387,0.9998138
test_10388,0.012997758
test_10389,3.174874e-05
test_10390,0.3114754
test_10391,0.7037959
test_10392,0.0380164
test_10393,2.2097238e-06
test_10394,0.059973992
test_10395,0.9185538
test_10396,0.06994949
test_10397,0.0036368542
test_10398,0.7104608
test_10399,3.3353906e-05
test_10400,0.9993831
test_10401,0.24135245
test_10402,0.021996863
test_10403,0.0072866054
test_10404,0.03168446
test_10405,0.100045085
test_10406,0.99995536
test_10407,0.91262543
test_10408,0.7535081
test_10409,4.6763587e-05
test_10410,5.412948e-05
test_10411,0.9764032
test_10412,3.7160047e-05
test_10413,0.5593049
test_10414,0.00058667175
test_10415,0.80749184
test_10416,0.19201568
test_10417,0.95113695
test_10418,0.91190994
test_10419,0.92583996
test_10420,0.5589415
test_10421,0.93199444
test_10422,0.033605635
test_10423,0.99994826
test_10424,0.8224355
test_10425,0.3699027
test_10426,0.94497895
test_10427,0.99645257
test_10428,0.5711625
test_10429,0.013672636
test_10430,0.0036191726
test_10431,0.30069822
test_10432,0.000853345
test_10433,1.0
test_10434,0.99951637
test_10435,0.2668035
test_10436,0.13021833
test_10437,0.09493232
test_10438,0.9999338
test_10439,0.107989274
test_10440,1.3415853e-05
test_10441,0.5579643
test_10442,0.95099485
test_10443,0.995767
test_10444,0.79237735
test_10445,0.4985985
test_10446,0.9971634
test_10447,0.93743455
test_10448,0.0011795341
test_10449,0.91300195
test_10450,0.8361492
test_10451,0.99999964
test_10452,0.62984294
test_10453,0.9843718
test_10454,0.64106977
test_10455,0.0020011682
test_10456,0.33617324
test_10457,0.99992824
test_10458,0.005150236
test_10459,0.12772621
test_10460,0.29136497
test_10461,0.67258507
test_10462,0.17567581
test_10463,0.00022968024
test_10464,0.5763799
test_10465,0.00013878976
test_10466,1.0
test_10467,0.9999565
test_10468,0.8650267
test_10469,0.41079825
test_10470,0.99985576
test_10471,0.8561667
test_10472,0.9717153
test_10473,0.9967013
test_10474,0.99981475
test_10475,0.89618456
test_10476,0.24750435
test_10477,0.80899906
test_10478,0.009698817
test_10479,0.9999325
test_10480,0.99962044
test_10481,0.37482217
test_10482,0.026941571
test_10483,0.52306354
test_10484,0.72927856
test_10485,0.15782931
test_10486,5.443352e-05
test_10487,0.41970932
test_10488,0.0026693225
test_10489,0.25519246
test_10490,0.7436936
test_10491,4.6069887e-05
test_10492,0.0049987137
test_10493,1.0
test_10494,0.03765585
test_10495,0.9999888
test_10496,0.005230686
test_10497,3.4745128e-05
test_10498,3.1356052e-05
test_10499,0.4358235
test_10500,0.42361316
test_10501,0.49512154
test_10502,0.0019493639
test_10503,0.08029189
test_10504,0.31540865
test_10505,0.95418143
test_10506,0.9993491
test_10507,0.032863393
test_10508,0.8946887
test_10509,0.99420524
test_10510,0.68384075
test_10511,0.002601364
test_10512,0.10518527
test_10513,0.9991008
test_10514,0.9999409
test_10515,0.0010669847
test_10516,0.9423482
test_10517,0.5331929
test_10518,0.077982426
test_10519,4.0476134e-06
test_10520,0.5134253
test_10521,0.9994277
test_10522,0.588408
test_10523,0.9024728
test_10524,0.69520456
test_10525,0.9988582
test_10526,0.98056674
test_10527,0.97422755
test_10528,0.99996006
test_10529,0.9999978
test_10530,0.54694057
test_10531,0.9992945
test_10532,0.41866416
test_10533,0.9987036
test_10534,0.04119505
test_10535,0.12135839
test_10536,0.9984416
test_10537,0.8817947
test_10538,0.66453755
test_10539,0.80479014
test_10540,0.014397919
test_10541,1.2941099e-05
test_10542,0.8985485
test_10543,0.9071367
test_10544,0.041023903
test_10545,0.08705338
test_10546,0.950015
test_10547,0.868652
test_10548,0.014560543
test_10549,0.7376898
test_10550,0.99794877
test_10551,1.4791947e-05
test_10552,0.8957406
test_10553,0.0075316555
test_10554,0.99979085
test_10555,0.99421346
test_10556,0.0395906
test_10557,0.003416446
test_10558,0.005546742
test_10559,0.95740825
test_10560,1.0
test_10561,0.7421834
test_10562,0.9983059
test_10563,0.9935778
test_10564,0.992682
test_10565,0.7061082
test_10566,0.99999857
test_10567,0.48875824
test_10568,0.99897444
test_10569,0.7544509
test_10570,0.30384254
test_10571,0.9542147
test_10572,0.9996166
test_10573,0.60527873
test_10574,0.7924677
test_10575,0.99929726
test_10576,0.9555237
test_10577,0.8482839
test_10578,3.233981e-05
test_10579,0.0017555195
test_10580,0.7938244
test_10581,0.029330492
test_10582,0.9999447
test_10583,0.015349142
test_10584,0.7821443
test_10585,1.4705655e-08
test_10586,0.011522942
test_10587,0.40649378
test_10588,0.0006471536
test_10589,0.010305434
test_10590,0.2111943
test_10591,2.7248405e-05
test_10592,0.24143945
test_10593,0.99992096
test_10594,0.9925869
test_10595,0.046178617
test_10596,0.99874175
test_10597,3.136784e-05
test_10598,0.9944937
test_10599,0.905143
test_10600,0.017599998
test_10601,0.00021748734
test_10602,0.19838868
test_10603,0.9443456
test_10604,0.9989884
test_10605,0.99990785
test_10606,0.9999838
test_10607,0.61870396
test_10608,0.004441594
test_10609,0.9966271
test_10610,0.003167571
test_10611,0.7577608
test_10612,0.00015412175
test_10613,0.10695744
test_10614,0.010394139
test_10615,0.99999577
test_10616,0.9900801
test_10617,0.8222092
test_10618,0.99999535
test_10619,0.9453341
test_10620,0.9999981
test_10621,0.6752415
test_10622,0.9241298
test_10623,0.00089710136
test_10624,0.0145256
test_10625,0.4578964
test_10626,0.0012527433
test_10627,0.39043772
test_10628,0.9959718
test_10629,0.6119027
test_10630,0.99998355
test_10631,0.08098537
test_10632,0.9962623
test_10633,0.9995259
test_10634,0.9959552
test_10635,1.4705655e-08
test_10636,0.93575674
test_10637,0.9741534
test_10638,5.6625337e-05
test_10639,0.99709237
test_10640,0.0060719666
test_10641,0.99999976
test_10642,0.8036276
test_10643,0.21374659
test_10644,0.78447056
test_10645,0.04379981
test_10646,0.040179797
test_10647,0.32825005
test_10648,0.09277347
test_10649,0.88737446
test_10650,0.4060272
test_10651,0.52965
test_10652,0.13365412
test_10653,0.9990108
test_10654,0.077075675
test_10655,0.0008048713
test_10656,0.99798316
test_10657,0.103860885
test_10658,0.6897794
test_10659,0.31668732
test_10660,0.98255455
test_10661,0.95282406
test_10662,4.4058666e-08
test_10663,0.0036349413
test_10664,0.9999942
test_10665,0.9927634
test_10666,0.041026957
test_10667,0.00081305654
test_10668,0.9999884
test_10669,0.9848086
test_10670,8.002841e-05
test_10671,0.6457442
test_10672,6.0568304e-06
test_10673,0.56100416
test_10674,0.21352002
test_10675,0.17006361
test_10676,0.9928644
test_10677,0.999886
test_10678,0.9340802
test_10679,0.8913641
test_10680,0.4067406
test_10681,0.9999147
test_10682,0.97300434
test_10683,0.00096155
test_10684,0.035252158
test_10685,0.09318121
test_10686,0.999933
test_10687,0.0016261699
test_10688,0.14764114
test_10689,6.5549793e-06
test_10690,0.99194336
test_10691,8.456888e-05
test_10692,0.67820245
test_10693,3.12598e-06
test_10694,0.9200407
test_10695,0.9683114
test_10696,0.13954535
test_10697,0.0015940701
test_10698,0.76241195
test_10699,0.90149045
test_10700,0.0001394279
test_10701,0.49638855
test_10702,0.0027993964
test_10703,0.1607881
test_10704,0.34042498
test_10705,0.86262536
test_10706,0.0032191467
test_10707,0.9999838
test_10708,0.99989265
test_10709,0.47386
test_10710,0.7069789
test_10711,0.99076045
test_10712,0.9999987
test_10713,0.00047337165
test_10714,0.77172184
test_10715,9.3780557e-07
test_10716,0.6356204
test_10717,0.9999102
test_10718,0.6757682
test_10719,0.9941409
test_10720,0.9999298
test_10721,2.3146036e-05
test_10722,0.98468196
test_10723,0.008502897
test_10724,0.007063584
test_10725,6.644504e-05
test_10726,0.62330425
test_10727,0.104936585
test_10728,0.0006299358
test_10729,6.326551e-07
test_10730,0.16527429
test_10731,0.0015222643
test_10732,0.53841054
test_10733,0.0009719491
test_10734,0.007612416
test_10735,0.9924397
test_10736,0.09781663
test_10737,0.03702406
test_10738,0.99998873
test_10739,0.97429276
test_10740,0.9825772
test_10741,0.99962324
test_10742,0.14074509
test_10743,0.1653283
test_10744,0.5088922
test_10745,0.013406783
test_10746,0.0889027
test_10747,0.9918528
test_10748,0.8803896
test_10749,0.9998758
test_10750,0.6462618
test_10751,0.0007833503
test_10752,0.99972165
test_10753,0.98865354
test_10754,0.99395466
test_10755,1.4705655e-08
test_10756,0.9190944
test_10757,0.0022025416
test_10758,9.974501e-06
test_10759,0.11975894
test_10760,0.42126733
test_10761,0.008740906
test_10762,0.7904524
test_10763,0.9965863
test_10764,0.8009242
test_10765,0.8365075
test_10766,0.9944066
test_10767,0.06531417
test_10768,0.8924018
test_10769,0.15550196
test_10770,0.0008370688
test_10771,0.88263977
test_10772,1.4705655e-08
test_10773,0.9996599
test_10774,0.04905118
test_10775,0.046550937
test_10776,0.26689023
test_10777,1.6450464e-05
test_10778,0.99666566
test_10779,0.23798338
test_10780,0.94225925
test_10781,0.99994576
test_10782,0.44086602
test_10783,0.3229428
test_10784,0.00018488333
test_10785,0.84536886
test_10786,0.999534
test_10787,0.991755
test_10788,0.46517
test_10789,0.024286598
test_10790,0.050622623
test_10791,0.0038903141
test_10792,0.9830847
test_10793,0.88377523
test_10794,0.5633073
test_10795,0.029353274
test_10796,0.7142526
test_10797,0.9783844
test_10798,0.8917489
test_10799,0.00963437
test_10800,0.9925956
test_10801,0.069629185
test_10802,0.0015887694
test_10803,0.99961853
test_10804,0.15764165
test_10805,0.0006437133
test_10806,0.9943471
test_10807,0.99891335
test_10808,0.9827947
test_10809,0.9918654
test_10810,0.94899994
test_10811,0.7036418
test_10812,0.00019058303
test_10813,0.00043390394
test_10814,5.7489156e-05
test_10815,0.8675206
test_10816,0.6651944
test_10817,0.9796624
test_10818,0.99949425
test_10819,0.9991411
test_10820,0.0016438712
test_10821,0.010913622
test_10822,0.93300796
test_10823,0.44274366
test_10824,9.6107615e-06
test_10825,0.93836904
test_10826,0.97159994
test_10827,0.26300186
test_10828,0.99959433
test_10829,0.06286973
test_10830,0.9999143
test_10831,0.9151069
test_10832,0.44949841
test_10833,0.77682173
test_10834,0.9872228
test_10835,0.07584781
test_10836,2.663013e-07
test_10837,0.20766786
test_10838,0.003616726
test_10839,0.0026863879
test_10840,0.9999712
test_10841,4.0852265e-07
test_10842,0.17158854
test_10843,8.475032e-06
test_10844,0.0393296
test_10845,0.0028161937
test_10846,0.98641896
test_10847,0.21095425
test_10848,0.017670766
test_10849,0.00271563
test_10850,0.0026523408
test_10851,1.4705655e-08
test_10852,0.11462869
test_10853,0.18541664
test_10854,0.90846217
test_10855,1.9412548e-05
test_10856,0.009473063
test_10857,0.9786284
test_10858,0.070652634
test_10859,0.9873843
test_10860,0.0010376971
test_10861,0.35884377
test_10862,0.55300117
test_10863,0.99998355
test_10864,0.039459083
test_10865,0.9668959
test_10866,0.9995378
test_10867,0.7853106
test_10868,8.16072e-06
test_10869,0.2744215
test_10870,0.22878131
test_10871,0.022877973
test_10872,0.99859256
test_10873,0.99999964
test_10874,0.0021036826
test_10875,0.3928
test_10876,0.11462946
test_10877,0.9985399
test_10878,0.7759588
test_10879,0.0020846338
test_10880,0.14769842
test_10881,0.012553758
test_10882,0.2798834
test_10883,0.20421244
test_10884,0.99747723
test_10885,0.1306231
test_10886,0.7606045
test_10887,0.9791811
test_10888,0.9997865
test_10889,0.41033825
test_10890,0.20570764
test_10891,0.29244655
test_10892,0.9997605
test_10893,0.30332202
test_10894,0.047684245
test_10895,0.9608799
test_10896,0.87492096
test_10897,0.002412303
test_10898,0.61597896
test_10899,0.5055083
test_10900,0.53917456
test_10901,0.99560165
test_10902,0.9953564
test_10903,0.5694363
test_10904,0.9998779
test_10905,0.99999857
test_10906,0.9888184
test_10907,0.0017895281
test_10908,0.26146212
test_10909,0.99957234
test_10910,0.00012177932
test_10911,0.025090277
test_10912,0.9999959
test_10913,0.0018156053
test_10914,0.9820256
test_10915,0.5199021
test_10916,0.013117188
test_10917,0.5920168
test_10918,0.49824736
test_10919,0.47978514
test_10920,0.9912002
test_10921,0.9946208
test_10922,0.7372111
test_10923,0.99998486
test_10924,0.9679744
test_10925,0.7875387
test_10926,0.1410571
test_10927,0.9998061
test_10928,8.486857e-06
test_10929,1.4705655e-08
test_10930,0.9443716
test_10931,0.02770726
test_10932,0.9265492
test_10933,0.9999859
test_10934,2.9718071e-06
test_10935,0.01928848
test_10936,0.8060738
test_10937,0.902407
test_10938,9.495016e-06
test_10939,0.98788846
test_10940,1.0207829e-07
test_10941,0.00048677842
test_10942,0.022182126
test_10943,0.3188457
test_10944,0.9947525
test_10945,0.020879809
test_10946,0.0002176597
test_10947,0.9930537
test_10948,0.29459062
test_10949,0.0059896996
test_10950,0.30931538
test_10951,0.99838257
test_10952,1.4705655e-08
test_10953,0.9071943
test_10954,0.99999887
test_10955,0.9757251
test_10956,0.07489375
test_10957,0.0006707823
test_10958,0.016120354
test_10959,0.12962748
test_10960,0.74562556
test_10961,0.6196858
test_10962,0.5928523
test_10963,0.051378883
test_10964,0.0019140621
test_10965,0.20551722
test_10966,0.38502735
test_10967,0.18221793
test_10968,0.0023587192
test_10969,0.9494899
test_10970,0.29315242
test_10971,0.95738256
test_10972,0.63830173
test_10973,9.944123e-05
test_10974,0.15127495
test_10975,0.9999881
test_10976,0.99072427
test_10977,0.51842654
test_10978,0.9999012
test_10979,0.00012046387
test_10980,0.8779759
test_10981,0.67676836
test_10982,0.9993639
test_10983,0.00030252288
test_10984,0.98106045
test_10985,0.9565666
test_10986,0.0018609238
test_10987,0.9831264
test_10988,0.0012472739
test_10989,0.006580742
test_10990,0.0035155995
test_10991,0.02035173
test_10992,0.9931645
test_10993,0.9998539
test_10994,0.11681797
test_10995,2.529865e-05
test_10996,0.9982251
test_10997,0.5365319
test_10998,0.0015860854
test_10999,0.13627121
test_11000,0.109639965
test_11001,0.9577583
test_11002,0.05884613
test_11003,5.2790674e-05
test_11004,0.028812524
test_11005,0.29932845
test_11006,0.00030408855
test_11007,0.04020647
test_11008,0.02386125
test_11009,4.7467293e-07
test_11010,0.893664
test_11011,0.77883255
test_11012,0.35784712
test_11013,0.49887338
test_11014,0.91984224
test_11015,0.36674675
test_11016,0.063978635
test_11017,0.016760923
test_11018,0.3196783
test_11019,0.04617635
test_11020,0.60756695
test_11021,0.999913
test_11022,0.27399015
test_11023,0.53862035
test_11024,1.0
test_11025,0.999982
test_11026,1.0
test_11027,0.99929684
test_11028,0.98998207
test_11029,0.28023028
test_11030,0.99564725
test_11031,0.7888292
test_11032,0.003009029
test_11033,0.22061102
test_11034,0.006978752
test_11035,0.9996596
test_11036,0.9992031
test_11037,0.10197404
test_11038,0.95167816
test_11039,0.5726135
test_11040,0.99979717
test_11041,9.706851e-05
test_11042,0.04697323
test_11043,0.76270926
test_11044,0.99314326
test_11045,0.9996948
test_11046,0.8974489
test_11047,0.99973726
test_11048,0.91064775
test_11049,0.6611129
test_11050,3.311924e-06
test_11051,0.9579996
test_11052,0.99998915
test_11053,0.95622593
test_11054,0.9566928
test_11055,0.0017542567
test_11056,0.9958241
test_11057,7.178852e-07
test_11058,0.7721505
test_11059,0.00069831737
test_11060,0.9577335
test_11061,1.9528296e-05
test_11062,0.999912
test_11063,0.0079130065
test_11064,0.9984212
test_11065,0.9977163
test_11066,0.9999263
test_11067,0.0011363847
test_11068,0.000662894
test_11069,0.99997723
test_11070,0.99058807
test_11071,0.9933737
test_11072,0.002122407
test_11073,1.4705655e-08
test_11074,0.0006320343
test_11075,0.99910873
test_11076,0.7002399
test_11077,0.009780841
test_11078,0.0024692637
test_11079,0.11806974
test_11080,6.9505004e-05
test_11081,0.6083466
test_11082,0.0013276901
test_11083,0.3136739
test_11084,0.9999305
test_11085,0.17967975
test_11086,0.36485958
test_11087,0.9846827
test_11088,0.00015015234
test_11089,0.7370943
test_11090,0.956339
test_11091,0.9848473
test_11092,0.0041541546
test_11093,0.9531584
test_11094,0.7028499
test_11095,0.99182475
test_11096,0.002327442
test_11097,0.7922213
test_11098,0.72684824
test_11099,0.99999714
test_11100,0.9991846
test_11101,0.018230325
test_11102,0.5873887
test_11103,0.9993438
test_11104,0.14169034
test_11105,0.00012173224
test_11106,0.48218244
test_11107,0.6145083
test_11108,0.6005074
test_11109,0.9640583
test_11110,0.64388883
test_11111,0.34373277
test_11112,0.99951196
test_11113,0.59554285
test_11114,0.94909835
test_11115,0.8956873
test_11116,0.9945601
test_11117,0.5395468
test_11118,0.94267577
test_11119,0.9935048
test_11120,0.009685613
test_11121,0.9824295
test_11122,0.7104136
test_11123,0.76489806
test_11124,0.995968
test_11125,0.96915126
test_11126,0.99991477
test_11127,0.95511186
test_11128,0.051018815
test_11129,0.35995007
test_11130,0.9778768
test_11131,0.22795899
test_11132,0.9999385
test_11133,0.009999741
test_11134,0.29922813
test_11135,0.64220285
test_11136,0.9926343
test_11137,0.61255807
test_11138,0.99023753
test_11139,0.7174883
test_11140,0.055675793
test_11141,0.17095429
test_11142,2.2879717e-06
test_11143,0.60326564
test_11144,0.9966657
test_11145,0.15626408
test_11146,3.2351548e-07
test_11147,0.9993411
test_11148,0.010658535
test_11149,0.00027423367
test_11150,0.99855936
test_11151,0.1594802
test_11152,0.9593358
test_11153,0.975703
test_11154,0.6228937
test_11155,0.0053343587
test_11156,0.040763758
test_11157,0.96820724
test_11158,0.00035800092
test_11159,1.5221158e-08
test_11160,0.2909755
test_11161,0.1997278
test_11162,3.7233352e-07
test_11163,4.4896275e-05
test_11164,0.27465856
test_11165,0.9954282
test_11166,0.61924374
test_11167,0.002036128
test_11168,0.060554408
test_11169,0.963889
test_11170,0.88624483
test_11171,0.012914001
test_11172,0.59970677
test_11173,0.9635499
test_11174,2.8100583e-05
test_11175,0.040241916
test_11176,0.3888839
test_11177,0.00017025892
test_11178,0.003942768
test_11179,9.509577e-06
test_11180,0.3056746
test_11181,0.95515335
test_11182,0.0029134033
test_11183,0.6333937
test_11184,0.9652631
test_11185,0.92921555
test_11186,0.022605166
test_11187,0.026672738
test_11188,0.79085636
test_11189,0.23778537
test_11190,0.0028611764
test_11191,0.64076823
test_11192,0.11591852
test_11193,0.053969726
test_11194,0.66420084
test_11195,0.9980297
test_11196,0.35364428
test_11197,0.9996864
test_11198,0.99962234
test_11199,0.18565488
test_11200,2.9205728e-05
test_11201,0.030330988
test_11202,0.59511036
test_11203,0.94943273
test_11204,0.4027652
test_11205,0.7396814
test_11206,0.84062743
test_11207,1.5481602e-08
test_11208,0.14198914
test_11209,0.00021837522
test_11210,0.9994718
test_11211,0.47402367
test_11212,0.77776396
test_11213,0.5333939
test_11214,0.0018851726
test_11215,0.0008609359
test_11216,0.075192034
test_11217,0.37299997
test_11218,0.7970356
test_11219,0.728588
test_11220,0.88237715
test_11221,0.53699625
test_11222,0.009618931
test_11223,0.04681077
test_11224,0.14345504
test_11225,4.4579574e-06
test_11226,0.33998096
test_11227,0.98256457
test_11228,0.0033795296
test_11229,0.980792
test_11230,0.020797314
test_11231,0.4531769
test_11232,0.00038799457
test_11233,0.9987416
test_11234,0.45183107
test_11235,0.12112971
test_11236,0.32869107
test_11237,0.0002502072
test_11238,0.67010057
test_11239,0.8383893
test_11240,0.9991102
test_11241,0.7817023
test_11242,0.99999833
test_11243,0.6790226
test_11244,0.2933495
test_11245,0.14541967
test_11246,0.99972814
test_11247,0.040747907
test_11248,0.8850256
test_11249,0.08617989
test_11250,0.8458898
test_11251,0.9995326
test_11252,0.17561874
test_11253,0.21441762
test_11254,0.9940144
test_11255,0.5912398
test_11256,0.34866488
test_11257,0.9999955
test_11258,0.9615271
test_11259,1.19155445e-07
test_11260,8.827559e-06
test_11261,0.000113977156
test_11262,0.99992067
test_11263,0.49392805
test_11264,0.8865614
test_11265,0.7813088
test_11266,0.0026187385
test_11267,0.00026217723
test_11268,0.7507217
test_11269,0.7494094
test_11270,0.99997663
test_11271,0.3888256
test_11272,0.00091607723
test_11273,0.60942924
test_11274,0.97375184
test_11275,0.6422833
test_11276,0.00071216736
test_11277,0.9851611
test_11278,6.5552736e-06
test_11279,0.5318604
test_11280,0.5631342
test_11281,0.4729123
test_11282,0.31439245
test_11283,0.0068750894
test_11284,0.035701755
test_11285,1.534268e-05
test_11286,0.0004790611
test_11287,0.9853287
test_11288,0.92750704
test_11289,0.028946072
test_11290,0.99996656
test_11291,0.9974715
test_11292,0.9999851
test_11293,0.0023901418
test_11294,0.948179
test_11295,0.9980378
test_11296,1.6793858e-05
test_11297,0.9999709
test_11298,0.033658028
test_11299,0.96224415
test_11300,1.0
test_11301,0.8092457
test_11302,0.00058705686
test_11303,0.6080172
test_11304,0.992226
test_11305,0.19716845
test_11306,0.6675925
test_11307,0.7258544
test_11308,0.9984016
test_11309,0.019886132
test_11310,0.6345146
test_11311,0.0019420385
test_11312,0.6216712
test_11313,0.024385188
test_11314,0.0067261704
test_11315,0.36302865
test_11316,0.28417128
test_11317,0.94638133
test_11318,0.78764534
test_11319,0.00055621716
test_11320,0.012150205
test_11321,0.2354356
test_11322,0.03256347
test_11323,0.0006841384
test_11324,0.0018590771
test_11325,0.98802006
test_11326,1.3593423e-05
test_11327,0.07057969
test_11328,0.9999932
test_11329,0.1831503
test_11330,0.43020347
test_11331,0.011641351
test_11332,0.9965628
test_11333,0.929639
test_11334,0.61238074
test_11335,0.80513895
test_11336,0.96235824
test_11337,0.8037869
test_11338,0.059201017
test_11339,0.08887583
test_11340,0.45056096
test_11341,0.99747646
test_11342,0.009081225
test_11343,0.9920689
test_11344,0.01832947
test_11345,0.12777904
test_11346,0.7884511
test_11347,0.1552
test_11348,0.70022905
test_11349,0.0008416671
test_11350,0.2497443
test_11351,0.0009921109
test_11352,0.7775965
test_11353,0.9999852
test_11354,0.00020573013
test_11355,0.43996593
test_11356,0.0036724734
test_11357,0.0014488467
test_11358,0.9022996
test_11359,0.1466314
test_11360,0.6774907
test_11361,0.0041990047
test_11362,4.267263e-07
test_11363,0.049257655
test_11364,0.00029510487
test_11365,0.008026618
test_11366,0.58281857
test_11367,2.019915e-05
test_11368,0.009452788
test_11369,0.69976974
test_11370,0.68704855
test_11371,0.003498276
test_11372,0.34960052
test_11373,0.00024347023
test_11374,0.65959543
test_11375,0.0038616534
test_11376,0.00011963201
test_11377,0.4104989
test_11378,0.41092372
test_11379,0.03411588
test_11380,0.0006254666
test_11381,0.92269
test_11382,0.47742152
test_11383,0.22124705
test_11384,0.01509417
test_11385,0.929674
test_11386,0.9971075
test_11387,0.9962821
test_11388,0.5321009
test_11389,0.2696641
test_11390,0.25342345
test_11391,0.5917852
test_11392,0.99066985
test_11393,0.9630831
test_11394,0.59538287
test_11395,0.05204332
test_11396,0.3159899
test_11397,0.00053018436
test_11398,0.6842636
test_11399,0.38854843
test_11400,0.6875344
test_11401,0.91262805
test_11402,0.9992387
test_11403,0.39809018
test_11404,0.99698365
test_11405,0.031842057
test_11406,0.17369848
test_11407,0.00029693067
test_11408,0.57279164
test_11409,0.4172377
test_11410,0.0017392038
test_11411,0.6581352
test_11412,0.9546815
test_11413,8.111927e-05
test_11414,0.42665187
test_11415,0.9999976
test_11416,0.0006107397
test_11417,0.9686882
test_11418,0.5175957
test_11419,0.96316963
test_11420,0.0715895
test_11421,0.6672983
test_11422,0.022206232
test_11423,0.0018336381
test_11424,0.8761525
test_11425,5.295304e-05
test_11426,0.6373334
test_11427,0.9964926
test_11428,0.0050696475
test_11429,0.9986678
test_11430,0.056926582
test_11431,1.0
test_11432,0.4777645
test_11433,6.3859916e-05
test_11434,0.96829444
test_11435,0.97893775
test_11436,0.8369522
test_11437,0.904482
test_11438,0.047426157
test_11439,0.00028397984
test_11440,0.0021444906
test_11441,0.022049528
test_11442,0.015067803
test_11443,0.26272964
test_11444,0.073763385
test_11445,0.63588405
test_11446,1.5810706e-06
test_11447,0.9728118
test_11448,0.00056117936
test_11449,0.96549886
test_11450,0.99998087
test_11451,0.8425719
test_11452,0.73316216
test_11453,0.15489092
test_11454,0.00015573097
test_11455,0.00011238862
test_11456,0.0028646064
test_11457,0.52762103
test_11458,0.66247404
test_11459,0.13368668
test_11460,0.998979
test_11461,0.9429155
test_11462,0.99285865
test_11463,0.19118151
test_11464,0.99974394
test_11465,0.7520964
test_11466,0.9740585
test_11467,9.9457655e-05
test_11468,0.95193136
test_11469,0.033966467
test_11470,0.0003811642
test_11471,0.9469562
test_11472,0.021318782
test_11473,0.86471236
test_11474,0.9028574
test_11475,0.8024448
test_11476,0.19689815
test_11477,0.991758
test_11478,0.36998796
test_11479,0.018001271
test_11480,0.9097967
test_11481,0.09466219
test_11482,0.17889163
test_11483,0.99566054
test_11484,0.00048553786
test_11485,0.99189913
test_11486,0.8982258
test_11487,0.7211138
test_11488,6.8072586e-06
test_11489,0.99780405
test_11490,0.63098216
test_11491,0.005386075
test_11492,0.36403045
test_11493,0.993049
test_11494,0.8063265
test_11495,0.106821835
test_11496,0.887773
test_11497,0.855417
test_11498,0.12977017
test_11499,0.9597248
test_11500,0.25060472
test_11501,0.09702944
test_11502,2.3855806e-05
test_11503,0.09620888
test_11504,0.9949039
test_11505,0.92722225
test_11506,0.12953138
test_11507,0.04617518
test_11508,0.41046143
test_11509,0.0027804482
test_11510,0.1561207
test_11511,0.01864706
test_11512,1.0226346e-05
test_11513,0.008169736
test_11514,0.047036212
test_11515,3.87081e-05
test_11516,0.6993723
test_11517,0.95530593
test_11518,0.020320456
test_11519,0.94473696
test_11520,0.7385888
test_11521,0.00010728337
test_11522,0.07544912
test_11523,0.64783883
test_11524,3.4668403e-06
test_11525,0.49566674
test_11526,0.7781887
test_11527,0.16815898
test_11528,0.20920494
test_11529,0.0328025
test_11530,0.73035157
test_11531,0.9801167
test_11532,0.9150012
test_11533,0.14615935
test_11534,0.9999968
test_11535,0.4256835
test_11536,0.99999607
test_11537,0.998507
test_11538,0.21857643
test_11539,0.99998224
test_11540,0.99902713
test_11541,0.0006471737
test_11542,0.0018011994
test_11543,0.9997344
test_11544,0.1473227
test_11545,0.9958916
test_11546,0.00057729956
test_11547,0.969627
test_11548,0.32244283
test_11549,0.00459552
test_11550,0.7113178
test_11551,0.002828337
test_11552,0.83091795
test_11553,0.98949933
test_11554,0.84628606
test_11555,0.98806053
test_11556,0.5540905
test_11557,0.998685
test_11558,0.9999524
test_11559,0.18883365
test_11560,0.45123875
test_11561,0.023837807
test_11562,0.9999673
test_11563,0.99700785
test_11564,0.5149626
test_11565,0.77867395
test_11566,0.0007363655
test_11567,0.9522338
test_11568,0.44680995
test_11569,0.8158338
test_11570,0.019164238
test_11571,0.030393276
test_11572,0.29653865
test_11573,0.54248405
test_11574,0.9692126
test_11575,0.9952762
test_11576,0.50974345
test_11577,0.94295645
test_11578,0.20948225
test_11579,0.9691484
test_11580,0.95158637
test_11581,0.44809222
test_11582,0.014390567
test_11583,0.24848434
test_11584,0.9615114
test_11585,0.0002187644
test_11586,0.99550676
test_11587,0.960727
test_11588,0.01056409
test_11589,0.86336493
test_11590,0.9999858
test_11591,0.88676333
test_11592,0.994707
test_11593,0.6986753
test_11594,0.9999994
test_11595,5.635881e-07
test_11596,0.9998733
test_11597,0.9987484
test_11598,0.14344603
test_11599,2.9398852e-06
test_11600,0.02999718
test_11601,0.9996661
test_11602,0.09012128
test_11603,0.47580168
test_11604,0.9989934
test_11605,0.6524502
test_11606,0.008012552
test_11607,0.9992368
test_11608,0.21340646
test_11609,0.9997241
test_11610,0.05496105
test_11611,0.93511117
test_11612,0.9833263
test_11613,0.9999162
test_11614,0.046048846
test_11615,0.9956478
test_11616,0.99992967
test_11617,0.99996626
test_11618,0.999999
test_11619,0.6857951
test_11620,0.24520385
test_11621,0.002939892
test_11622,0.9937655
test_11623,0.00093860645
test_11624,0.6512217
test_11625,0.9812634
test_11626,0.9999999
test_11627,0.99973667
test_11628,3.5929006e-06
test_11629,0.6730876
test_11630,0.42117864
test_11631,3.3220054e-05
test_11632,0.06243157
test_11633,0.99994624
test_11634,0.73098344
test_11635,0.99998367
test_11636,0.9999613
test_11637,0.92110133
test_11638,0.40809363
test_11639,0.059109934
test_11640,0.9999447
test_11641,0.99340856
test_11642,0.9937935
test_11643,0.99999434
test_11644,0.9702035
test_11645,0.597077
test_11646,0.0050806813
test_11647,0.01771352
test_11648,0.9965302
test_11649,0.093913905
test_11650,0.9990487
test_11651,0.16955727
test_11652,0.0062423227
test_11653,0.56200385
test_11654,5.646952e-05
test_11655,0.5218429
test_11656,0.975876
test_11657,0.060503386
test_11658,0.0050987615
test_11659,0.0008623792
test_11660,0.8112714
test_11661,0.004728738
test_11662,0.9894217
test_11663,0.00032105215
test_11664,0.3983915
test_11665,0.28855902
test_11666,0.0063195573
test_11667,0.013939228
test_11668,0.99801826
test_11669,0.99905264
test_11670,0.0059781116
test_11671,0.9588195
test_11672,0.9151836
test_11673,0.06867893
test_11674,0.427097
test_11675,5.8240406e-05
test_11676,0.9402716
test_11677,0.6474994
test_11678,0.55099297
test_11679,0.99981105
test_11680,0.004309171
test_11681,0.26296514
test_11682,0.0032446706
test_11683,0.69893795
test_11684,0.93762136
test_11685,0.54382205
test_11686,0.99756676
test_11687,0.006396961
test_11688,0.00084591674
test_11689,0.437919
test_11690,0.99736375
test_11691,0.8311234
test_11692,0.13703436
test_11693,0.88552094
test_11694,5.383117e-06
test_11695,0.8550146
test_11696,8.657562e-06
test_11697,0.0012763167
test_11698,0.004053349
test_11699,0.3441046
test_11700,0.419461
test_11701,0.32249063
test_11702,0.32721534
test_11703,1.4230112e-05
test_11704,0.97440577
test_11705,0.9992243
test_11706,0.9996787
test_11707,0.107620016
test_11708,0.98549443
test_11709,0.99998575
test_11710,0.9754188
test_11711,0.98032415
test_11712,0.670118
test_11713,0.5808755
test_11714,0.9999999
test_11715,0.9999999
test_11716,0.30494726
test_11717,7.7633886e-05
test_11718,0.19223897
test_11719,5.777656e-05
test_11720,0.9999991
test_11721,0.362776
test_11722,0.77863896
test_11723,0.99952894
test_11724,0.013663771
test_11725,0.5256513
test_11726,0.9351095
test_11727,0.9873239
test_11728,0.64341676
test_11729,0.99944454
test_11730,0.25944552
test_11731,0.0013140088
test_11732,0.94815326
test_11733,0.9986446
test_11734,0.0066200583
test_11735,0.9405112
test_11736,0.18289934
test_11737,0.585938
test_11738,0.9463506
test_11739,0.9918059
test_11740,0.17373447
test_11741,0.09586253
test_11742,0.08508296
test_11743,0.83835775
test_11744,0.90048164
test_11745,0.0014498583
test_11746,0.98809206
test_11747,0.9186972
test_11748,0.47623754
test_11749,0.99548614
test_11750,0.42020315
test_11751,0.9999571
test_11752,0.99945074
test_11753,0.21130733
test_11754,0.68405235
test_11755,0.8271444
test_11756,0.81140786
test_11757,0.04432643
test_11758,0.012471831
test_11759,0.9903308
test_11760,0.56729543
test_11761,0.9912124
test_11762,0.99954224
test_11763,0.9237609
test_11764,0.99973994
test_11765,0.000592569
test_11766,0.49278176
test_11767,0.012049444
test_11768,0.00021173844
test_11769,0.98835623
test_11770,0.37896395
test_11771,0.98482585
test_11772,0.88310254
test_11773,0.026211375
test_11774,0.07551236
test_11775,0.9975613
test_11776,0.7100104
test_11777,0.99944884
test_11778,0.98810875
test_11779,0.99993974
test_11780,0.99052197
test_11781,0.010819504
test_11782,0.0010513862
test_11783,0.38066047
test_11784,0.999797
test_11785,2.3903651e-06
test_11786,0.91920686
test_11787,0.043670103
test_11788,0.12831733
test_11789,0.0023357193
test_11790,0.041342292
test_11791,0.9981252
test_11792,0.8990406
test_11793,0.10486031
test_11794,0.9721921
test_11795,0.9226153
test_11796,0.0106388815
test_11797,0.6827204
test_11798,0.5479772
test_11799,0.99969816
test_11800,4.9809456e-05
test_11801,0.12468665
test_11802,0.13704792
test_11803,0.0008006067
test_11804,0.0015587489
test_11805,0.34570602
test_11806,0.035312317
test_11807,0.69287026
test_11808,0.58276
test_11809,0.47943226
test_11810,0.34378296
test_11811,1.5476051e-05
test_11812,0.45061147
test_11813,0.027407017
test_11814,0.026797496
test_11815,2.8482626e-07
test_11816,0.27479076
test_11817,0.004247641
test_11818,1.0393545e-06
test_11819,0.68994725
test_11820,0.45621425
test_11821,0.9983702
test_11822,0.7628381
test_11823,0.99998045
test_11824,0.88483953
test_11825,0.44880098
test_11826,0.95139825
test_11827,0.989248
test_11828,0.8066443
test_11829,0.06779324
test_11830,0.76905185
test_11831,2.6491407e-05
test_11832,0.005626998
test_11833,9.010195e-05
test_11834,0.91095734
test_11835,0.00043351634
test_11836,0.6574633
test_11837,1.0
test_11838,0.4660322
test_11839,0.009300233
test_11840,0.998525
test_11841,0.044361256
test_11842,0.5841315
test_11843,0.00010095477
test_11844,0.00027359917
test_11845,0.7896383
test_11846,0.16764079
test_11847,0.3538937
test_11848,0.9204748
test_11849,0.0011829805
test_11850,0.9999956
test_11851,0.11120984
test_11852,0.054675512
test_11853,0.99967456
test_11854,0.0002815722
test_11855,0.6389742
test_11856,0.8199518
test_11857,1.7925067e-05
test_11858,1.0
test_11859,0.44466767
test_11860,0.15247646
test_11861,0.025560822
test_11862,0.02415746
test_11863,0.71227425
test_11864,0.83333254
test_11865,0.92885995
test_11866,0.31827265
test_11867,0.9808399
test_11868,0.059077293
test_11869,0.91406
test_11870,0.8983537
test_11871,0.9993464
test_11872,0.99858135
test_11873,0.31254315
test_11874,0.0180737
test_11875,0.34965092
test_11876,0.999986
test_11877,0.22541079
test_11878,0.56762946
test_11879,0.006023719
test_11880,0.021660322
test_11881,0.9892544
test_11882,0.9999541
test_11883,0.002929191
test_11884,0.9939621
test_11885,0.753837
test_11886,0.007952277
test_11887,0.9999434
test_11888,0.2536659
test_11889,0.01285751
test_11890,0.03569063
test_11891,0.7479141
test_11892,0.036267586
test_11893,0.99971414
test_11894,0.1842795
test_11895,0.043911576
test_11896,0.9961151
test_11897,0.023794305
test_11898,0.0009074231
test_11899,0.9999753
test_11900,0.8804058
test_11901,0.43505207
test_11902,0.9999951
test_11903,0.24181794
test_11904,0.67058784
test_11905,0.99944985
test_11906,4.418895e-06
test_11907,0.71031594
test_11908,0.0016291713
test_11909,0.07685868
test_11910,0.65961105
test_11911,0.0050675375
test_11912,0.00012683013
test_11913,0.59849143
test_11914,0.69396615
test_11915,0.016805716
test_11916,0.0022037565
test_11917,0.44373912
test_11918,0.863802
test_11919,0.46992987
test_11920,0.7161094
test_11921,0.20485255
test_11922,0.0021042707
test_11923,0.77933836
test_11924,0.99675477
test_11925,0.9795597
test_11926,0.9969039
test_11927,0.99991196
test_11928,0.49091384
test_11929,0.0005336669
test_11930,0.82375944
test_11931,0.32407984
test_11932,0.7635565
test_11933,0.32242233
test_11934,0.01033358
test_11935,0.0032715213
test_11936,0.9939067
test_11937,0.0053646676
test_11938,0.9921817
test_11939,0.145312
test_11940,0.001457758
test_11941,0.00050462614
test_11942,0.9429976
test_11943,7.8510995e-05
test_11944,0.0001392175
test_11945,0.9950359
test_11946,0.42724836
test_11947,0.019772278
test_11948,0.029107569
test_11949,0.55491185
test_11950,0.03515973
test_11951,0.00020108768
test_11952,1.4705655e-08
test_11953,0.031396154
test_11954,0.14558956
test_11955,0.99998343
test_11956,0.5231991
test_11957,0.9997383
test_11958,0.021797711
test_11959,0.26728198
test_11960,0.007562083
test_11961,0.01040875
test_11962,0.22599688
test_11963,0.99998194
test_11964,0.19182801
test_11965,0.9297866
test_11966,0.9999956
test_11967,0.8263575
test_11968,0.9645435
test_11969,5.462454e-07
test_11970,0.427262
test_11971,0.031137886
test_11972,0.95806384
test_11973,0.20989206
test_11974,0.8644795
test_11975,0.99643165
test_11976,0.41915208
test_11977,0.9875665
test_11978,0.9591824
test_11979,0.99997544
test_11980,0.99999976
test_11981,0.0024893698
test_11982,0.89693105
test_11983,0.7331511
test_11984,0.031808406
test_11985,0.46003273
test_11986,0.77886856
test_11987,0.029875394
test_11988,0.8503189
test_11989,0.8432713
test_11990,0.91451
test_11991,0.77546394
test_11992,0.0004217433
test_11993,0.9981662
test_11994,0.5658602
test_11995,0.062781736
test_11996,0.015373485
test_11997,0.9972964
test_11998,0.08871864
test_11999,0.6644255
test_12000,0.9933113
test_12001,0.042053938
test_12002,0.28280973
test_12003,0.67668164
test_12004,0.31950617
test_12005,0.07490319
test_12006,0.7715267
test_12007,0.9246266
test_12008,0.7204846
test_12009,0.00521702
test_12010,0.08621417
test_12011,0.9999144
test_12012,0.7070515
test_12013,0.009739325
test_12014,0.4414683
test_12015,0.9771093
test_12016,0.6582072
test_12017,0.40504086
test_12018,0.7008531
test_12019,0.999544
test_12020,0.532458
test_12021,0.99065757
test_12022,0.09365177
test_12023,0.09337571
test_12024,0.41995335
test_12025,0.7178434
test_12026,0.0027098178
test_12027,0.9471717
test_12028,0.33740819
test_12029,0.05877558
test_12030,0.54443777
test_12031,0.99575436
test_12032,0.11938736
test_12033,0.99986005
test_12034,0.6896674
test_12035,0.44948608
test_12036,3.829132e-06
test_12037,0.9519726
test_12038,0.05403785
test_12039,2.1386923e-06
test_12040,1.0
test_12041,0.998624
test_12042,0.012885358
test_12043,0.946525
test_12044,0.089788795
test_12045,0.019667724
test_12046,0.99999964
test_12047,6.3403645e-06
test_12048,0.9996983
test_12049,0.00016448804
test_12050,0.26566774
test_12051,1.4705655e-08
test_12052,0.038221646
test_12053,0.00043512712
test_12054,0.9994595
test_12055,0.6113728
test_12056,0.851104
test_12057,0.18284298
test_12058,0.2354341
test_12059,0.999866
test_12060,0.9920198
test_12061,0.076643154
test_12062,0.035122134
test_12063,0.9168141
test_12064,0.95610046
test_12065,0.21512967
test_12066,0.027985875
test_12067,1.0
test_12068,0.005273606
test_12069,0.0022254835
test_12070,0.12192997
test_12071,0.86739457
test_12072,0.9623568
test_12073,0.04824493
test_12074,0.051114455
test_12075,0.9988564
test_12076,0.32609487
test_12077,0.38196898
test_12078,0.99887097
test_12079,0.7149657
test_12080,8.7741755e-06
test_12081,0.9941305
test_12082,0.6157872
test_12083,0.06557873
test_12084,0.99999803
test_12085,0.79803795
test_12086,0.99987495
test_12087,0.9997605
test_12088,0.07125441
test_12089,0.0034616515
test_12090,0.041021895
test_12091,0.9226911
test_12092,0.9993013
test_12093,0.7513871
test_12094,0.999933
test_12095,0.9925753
test_12096,0.9661752
test_12097,0.49445236
test_12098,0.7471626
test_12099,0.0005174603
test_12100,0.6348151
test_12101,1.0
test_12102,0.00019547467
test_12103,0.0043791477
test_12104,0.2916416
test_12105,7.885279e-05
test_12106,0.46238613
test_12107,0.9826149
test_12108,0.5336094
test_12109,0.00028190765
test_12110,0.051458787
test_12111,0.99999
test_12112,0.9997746
test_12113,0.905686
test_12114,0.999998
test_12115,0.03024591
test_12116,0.000117612195
test_12117,0.0047807996
test_12118,0.9784198
test_12119,0.89316964
test_12120,0.95931184
test_12121,9.445746e-06
test_12122,0.05680318
test_12123,0.48691997
test_12124,0.99944127
test_12125,0.034296103
test_12126,0.9803989
test_12127,0.9989952
test_12128,0.88978076
test_12129,0.015143428
test_12130,0.9842514
test_12131,0.8420266
test_12132,0.017649533
test_12133,0.5121561
test_12134,0.9996704
test_12135,0.0034167615
test_12136,0.62523055
test_12137,0.23897265
test_12138,0.0006645881
test_12139,0.07521484
test_12140,0.8103688
test_12141,0.013118843
test_12142,0.81868696
test_12143,0.93537545
test_12144,0.4938108
test_12145,0.22399598
test_12146,0.91692793
test_12147,0.04543924
test_12148,0.51917946
test_12149,0.99674314
test_12150,0.3670112
test_12151,0.9999776
test_12152,0.74055415
test_12153,0.42262325
test_12154,0.98447263
test_12155,0.94880354
test_12156,0.015174906
test_12157,0.73745775
test_12158,0.0056847176
test_12159,0.72094846
test_12160,0.97715855
test_12161,0.9847089
test_12162,0.99991035
test_12163,0.06522777
test_12164,0.49031147
test_12165,0.00798795
test_12166,0.9989821
test_12167,0.9998942
test_12168,0.05161319
test_12169,0.5453682
test_12170,3.7602838e-06
test_12171,0.07721563
test_12172,0.9995111
test_12173,0.99997663
test_12174,0.028837366
test_12175,0.9636328
test_12176,0.022096615
test_12177,0.10196351
test_12178,0.7260463
test_12179,0.1547666
test_12180,0.99998903
test_12181,0.999992
test_12182,0.45453572
test_12183,0.9888725
test_12184,0.12053462
test_12185,0.9999113
test_12186,0.3313201
test_12187,3.796303e-05
test_12188,0.0024708158
test_12189,0.63090086
test_12190,0.99999875
test_12191,0.999853
test_12192,0.0071486467
test_12193,0.00094227033
test_12194,0.0635013
test_12195,0.040410068
test_12196,0.00097474264
test_12197,0.997918
test_12198,0.010112193
test_12199,0.0007336732
test_12200,0.8745638
test_12201,0.0006395629
test_12202,0.31109846
test_12203,0.99655914
test_12204,0.009857317
test_12205,0.0011536721
test_12206,0.016441084
test_12207,0.91877127
test_12208,0.9999955
test_12209,0.99554265
test_12210,0.0009749868
test_12211,0.06523605
test_12212,0.94632435
test_12213,0.00508937
test_12214,0.9922008
test_12215,0.99996924
test_12216,0.9594294
test_12217,0.12829897
test_12218,0.7507062
test_12219,0.00018217597
test_12220,2.0504496e-05
test_12221,0.6434996
test_12222,0.8913231
test_12223,1.4568526e-07
test_12224,0.4864302
test_12225,0.28516993
test_12226,0.10212399
test_12227,0.001381639
test_12228,0.9563125
test_12229,4.0859845e-07
test_12230,0.060875766
test_12231,0.05500634
test_12232,0.097262956
test_12233,0.0037356
test_12234,0.5669097
test_12235,0.04673357
test_12236,0.0013150021
test_12237,0.989476
test_12238,0.97856945
test_12239,0.99995714
test_12240,0.26442724
test_12241,0.00068517384
test_12242,2.2511279e-07
test_12243,0.9652102
test_12244,1.6052696e-05
test_12245,0.99473727
test_12246,0.9487663
test_12247,0.001175276
test_12248,0.03202173
test_12249,0.0059633222
test_12250,0.17986652
test_12251,0.0062496727
test_12252,0.011484245
test_12253,0.009848393
test_12254,0.86497223
test_12255,0.026478376
test_12256,0.34148556
test_12257,0.23306267
test_12258,1.9473356e-08
test_12259,0.9093847
test_12260,0.66286564
test_12261,0.9999991
test_12262,0.65070033
test_12263,0.3030768
test_12264,0.22542623
test_12265,0.3049346
test_12266,0.10353359
test_12267,0.13418339
test_12268,4.6318568e-05
test_12269,0.99999964
test_12270,0.39696753
test_12271,0.041331388
test_12272,0.99872565
test_12273,0.08269471
test_12274,0.013858749
test_12275,0.0068202936
test_12276,0.056992415
test_12277,0.95167243
test_12278,0.071779266
test_12279,0.96232843
test_12280,0.9823235
test_12281,0.12833971
test_12282,0.08217233
test_12283,0.93089175
test_12284,0.0012760644
test_12285,0.46171916
test_12286,0.15618199
test_12287,0.9825044
test_12288,0.99999785
test_12289,0.000118845346
test_12290,0.014594333
test_12291,0.66425407
test_12292,0.22391272
test_12293,0.9883007
test_12294,0.20706731
test_12295,0.7897109
test_12296,0.9998363
test_12297,0.0032846774
test_12298,0.07588669
test_12299,0.26601398
test_12300,0.3816874
test_12301,0.86400425
test_12302,0.3924313
test_12303,0.0015785737
test_12304,0.969298
test_12305,0.0020537898
test_12306,0.9447037
test_12307,0.5227574
test_12308,0.029014777
test_12309,0.9676037
test_12310,0.16853067
test_12311,0.89862734
test_12312,0.85662794
test_12313,0.3192869
test_12314,0.9950538
test_12315,0.14580694
test_12316,0.00095899514
test_12317,0.11103988
test_12318,1.5177999e-05
test_12319,0.8303148
test_12320,0.9987582
test_12321,0.99204206
test_12322,0.11436678
test_12323,0.09390646
test_12324,8.1745726e-05
test_12325,0.6183138
test_12326,0.9999554
test_12327,0.96637046
test_12328,3.328399e-05
test_12329,0.93053
test_12330,0.96754056
test_12331,0.0124580925
test_12332,0.49400705
test_12333,0.00045427878
test_12334,7.7718934e-05
test_12335,0.9611342
test_12336,0.23849341
test_12337,0.7689782
test_12338,0.039832886
test_12339,0.9959645
test_12340,0.18244842
test_12341,0.008025829
test_12342,2.5150508e-05
test_12343,0.0019594994
test_12344,0.5049236
test_12345,0.99986744
test_12346,0.9921973
test_12347,0.99020326
test_12348,0.12146729
test_12349,0.96085155
test_12350,0.020780466
test_12351,0.40102667
test_12352,0.9993417
test_12353,0.98475695
test_12354,0.0044121174
test_12355,3.6620957e-05
test_12356,0.28379005
test_12357,0.96766144
test_12358,0.08331561
test_12359,0.5990173
test_12360,0.0205135
test_12361,0.983897
test_12362,0.08568351
test_12363,0.57841986
test_12364,0.0002853602
test_12365,0.7846657
test_12366,0.24612203
test_12367,0.058656342
test_12368,0.99987304
test_12369,0.88929176
test_12370,0.0009628865
test_12371,0.98212826
test_12372,1.0
test_12373,0.9647442
test_12374,0.0002645968
test_12375,0.5586281
test_12376,0.008410213
test_12377,0.03646719
test_12378,0.0005819386
test_12379,0.43873104
test_12380,0.0010944057
test_12381,0.95749176
test_12382,0.45859787
test_12383,5.2562464e-06
test_12384,0.994957
test_12385,0.0046711126
test_12386,0.22977537
test_12387,0.9999957
test_12388,0.040368356
test_12389,0.24866357
test_12390,0.12525788
test_12391,0.9988521
test_12392,0.035601743
test_12393,0.120505884
test_12394,0.018507931
test_12395,0.6913461
test_12396,0.008296248
test_12397,0.0013562618
test_12398,0.103509426
test_12399,0.00020691626
test_12400,0.9092893
test_12401,5.7005538e-05
test_12402,0.0003403618
test_12403,0.98239326
test_12404,0.38840353
test_12405,0.012534176
test_12406,0.49603343
test_12407,0.955878
test_12408,0.9999645
test_12409,0.9258845
test_12410,0.251391
test_12411,0.99985695
test_12412,0.9953826
test_12413,0.43446323
test_12414,0.11925746
test_12415,0.5686009
test_12416,0.9025843
test_12417,0.8702973
test_12418,0.98358786
test_12419,0.37816575
test_12420,0.96227145
test_12421,0.0004531176
test_12422,0.99998176
test_12423,0.019644491
test_12424,0.00065059774
test_12425,0.32538593
test_12426,0.9996005
test_12427,0.662798
test_12428,0.7273557
test_12429,0.67001003
test_12430,0.99999297
test_12431,0.95210934
test_12432,0.9952508
test_12433,0.8354974
test_12434,0.98889875
test_12435,0.0032950172
test_12436,0.0012452046
test_12437,0.019199127
test_12438,0.13338563
test_12439,0.0017860939
test_12440,0.90560555
test_12441,0.9932347
test_12442,0.9920006
test_12443,0.012310285
test_12444,0.0012977344
test_12445,0.9997847
test_12446,0.48116946
test_12447,0.0063705994
test_12448,1.0504254e-05
test_12449,0.8248528
test_12450,0.9428991
test_12451,0.76619816
test_12452,0.10009817
test_12453,0.9895536
test_12454,0.9984249
test_12455,0.19619626
test_12456,0.21401161
test_12457,0.028159747
test_12458,0.96349514
test_12459,0.45658642
test_12460,1.8476537e-06
test_12461,0.99996936
test_12462,0.21795467
test_12463,0.043469585
test_12464,0.101631396
test_12465,0.999996
test_12466,8.276494e-06
test_12467,0.9938983
test_12468,0.371835
test_12469,0.17078236
test_12470,0.9991752
test_12471,0.8435275
test_12472,3.3835888e-05
test_12473,0.82586324
test_12474,7.2398893e-06
test_12475,0.7792589
test_12476,0.99006796
test_12477,1.4155399e-05
test_12478,0.99981856
test_12479,0.00042744295
test_12480,5.1009806e-08
test_12481,0.012324493
test_12482,0.9978858
test_12483,0.0023468093
test_12484,0.9997678
test_12485,0.1430358
test_12486,6.7182234e-05
test_12487,0.9051192
test_12488,0.002258102
test_12489,0.9999988
test_12490,0.013016371
test_12491,0.0762564
test_12492,0.9207683
test_12493,0.99905413
test_12494,0.99935037
test_12495,0.022051666
test_12496,0.29010338
test_12497,0.7661736
test_12498,0.8787379
test_12499,0.7951665
test_12500,0.9999998
test_12501,0.96938634
test_12502,0.16855262
test_12503,0.99726665
test_12504,0.97086084
test_12505,0.34095788
test_12506,0.99367654
test_12507,0.69332415
test_12508,0.75906384
test_12509,0.081320465
test_12510,0.08477242
test_12511,0.17320478
test_12512,0.12064339
test_12513,0.0098367985
test_12514,0.99974513
test_12515,0.06168578
test_12516,0.99726737
test_12517,0.07980485
test_12518,0.00020574935
test_12519,0.011148345
test_12520,0.77181304
test_12521,0.04026668
test_12522,0.04991892
test_12523,0.055691954
test_12524,0.9656067
test_12525,0.053061713
test_12526,0.9999994
test_12527,0.0052896193
test_12528,0.2794528
test_12529,0.17304717
test_12530,0.9267151
test_12531,0.011154313
test_12532,0.0016542728
test_12533,0.99982935
test_12534,0.9997816
test_12535,0.84433913
test_12536,0.00048337283
test_12537,0.3189892
test_12538,0.9999852
test_12539,0.0001108928
test_12540,0.076261856
test_12541,0.6863507
test_12542,0.29012865
test_12543,0.076354295
test_12544,0.09583263
test_12545,0.9999993
test_12546,0.0016892378
test_12547,5.9002723e-05
test_12548,0.40859988
test_12549,0.7842228
test_12550,0.59028393
test_12551,0.25771028
test_12552,0.99901783
test_12553,0.80704045
test_12554,1.2842995e-05
test_12555,0.9476195
test_12556,0.111918844
test_12557,0.97694016
test_12558,0.014875265
test_12559,0.74764466
test_12560,0.9999944
test_12561,0.9994051
test_12562,0.082321316
test_12563,0.9992148
test_12564,0.22148108
test_12565,0.2501942
test_12566,0.9999985
test_12567,0.0017320632
test_12568,0.00015222102
test_12569,0.65699816
test_12570,0.99164474
test_12571,0.057680126
test_12572,0.5489726
test_12573,0.3419988
test_12574,0.6047228
test_12575,0.0019232546
test_12576,0.6237836
test_12577,0.41558403
test_12578,0.05091629
test_12579,0.8444165
test_12580,0.16314796
test_12581,0.5246781
test_12582,1.4957461e-05
test_12583,0.9666385
test_12584,0.79805994
test_12585,0.78099847
test_12586,0.7702239
test_12587,0.4826741
test_12588,1.2803008e-05
test_12589,1.3232299e-06
test_12590,0.31303513
test_12591,0.9656664
test_12592,0.29052192
test_12593,0.005379026
test_12594,0.10533393
test_12595,0.37212867
test_12596,1.6829756e-05
test_12597,0.7514075
test_12598,0.3108201
test_12599,0.013828764
test_12600,0.82156456
test_12601,0.50566643
test_12602,0.0010129747
test_12603,0.9973897
test_12604,0.76778185
test_12605,0.25776526
test_12606,0.8899683
test_12607,1.0467016e-06
test_12608,0.84944737
test_12609,0.26512566
test_12610,0.26006275
test_12611,0.23252319
test_12612,0.13837452
test_12613,0.12912127
test_12614,0.99557984
test_12615,0.24290627
test_12616,0.18251356
test_12617,0.03174627
test_12618,0.29387134
test_12619,0.99708235
test_12620,0.53019524
test_12621,0.2808373
test_12622,0.23486117
test_12623,0.88304234
test_12624,0.99990875
test_12625,4.139455e-05
test_12626,6.6325694e-05
test_12627,9.4721974e-05
test_12628,0.00066775846
test_12629,0.9605365
test_12630,0.03851578
test_12631,0.999994
test_12632,0.6749468
test_12633,0.3907465
test_12634,0.0016998213
test_12635,0.059302703
test_12636,0.97193885
test_12637,0.6015545
test_12638,0.024407808
test_12639,0.649091
test_12640,0.48408347
test_12641,0.35537162
test_12642,0.6209475
test_12643,1.0
test_12644,5.04026e-05
test_12645,0.9996023
test_12646,0.9998351
test_12647,0.20484757
test_12648,0.0006471076
test_12649,0.0019128224
test_12650,0.97827375
test_12651,0.9346391
test_12652,2.5518358e-07
test_12653,0.53004414
test_12654,0.0073627164
test_12655,0.9999918
test_12656,0.3569566
test_12657,0.93294716
test_12658,0.9991269
test_12659,0.005186156
test_12660,0.044028904
test_12661,0.9995121
test_12662,0.8529215
test_12663,0.01238522
test_12664,0.0020274764
test_12665,0.9997331
test_12666,0.36297312
test_12667,0.90109885
test_12668,0.021229226
test_12669,0.099879235
test_12670,0.99993855
test_12671,0.620123
test_12672,0.00050457916
test_12673,0.060015623
test_12674,0.80835634
test_12675,0.14112103
test_12676,0.998993
test_12677,0.96139705
test_12678,0.053088065
test_12679,0.99999034
test_12680,0.64807665
test_12681,0.21704254
test_12682,0.9997157
test_12683,0.11441711
test_12684,0.99946874
test_12685,0.39318419
test_12686,0.9906184
test_12687,0.98644793
test_12688,0.98867536
test_12689,0.38393757
test_12690,0.15309888
test_12691,0.29559392
test_12692,0.8052597
test_12693,0.67107713
test_12694,0.040741254
test_12695,0.0003039659
test_12696,0.44185203
test_12697,0.11297433
test_12698,0.93030524
test_12699,0.031070584
test_12700,0.043726526
test_12701,0.6399652
test_12702,0.0017032832
test_12703,0.0015677449
test_12704,1.0
test_12705,0.9981711
test_12706,0.024255384
test_12707,0.99029714
test_12708,0.88906467
test_12709,0.949402
test_12710,0.04013952
test_12711,0.42509466
test_12712,0.9199308
test_12713,0.0066102296
test_12714,0.02932126
test_12715,0.29429072
test_12716,0.00017695234
test_12717,0.03932264
test_12718,0.004985571
test_12719,0.5252358
test_12720,0.98784524
test_12721,0.9954866
test_12722,0.96664816
test_12723,2.6622203e-08
test_12724,0.0009628313
test_12725,0.54779696
test_12726,0.9721656
test_12727,0.7715874
test_12728,0.5035366
test_12729,0.5164085
test_12730,0.2691927
test_12731,0.99734926
test_12732,0.38251022
test_12733,0.89647853
test_12734,0.5869918
test_12735,0.96900684
test_12736,0.0706577
test_12737,0.99986124
test_12738,0.20861784
test_12739,0.81663024
test_12740,0.000520135
test_12741,0.0026657234
test_12742,0.005106127
test_12743,0.03479948
test_12744,2.4187819e-05
test_12745,0.10126023
test_12746,0.3795676
test_12747,0.7624309
test_12748,0.6137639
test_12749,0.7474172
test_12750,4.494936e-05
test_12751,0.01572157
test_12752,0.99900055
test_12753,0.0027118633
test_12754,0.012368357
test_12755,0.87463546
test_12756,0.9596645
test_12757,0.65614104
test_12758,0.00040145338
test_12759,0.0017498172
test_12760,0.579656
test_12761,0.7501261
test_12762,0.28058362
test_12763,0.7107132
test_12764,0.022793211
test_12765,0.94801474
test_12766,7.2784305e-06
test_12767,0.0045787604
test_12768,0.75635004
test_12769,0.7313793
test_12770,0.007907137
test_12771,0.0120754205
test_12772,0.25534475
test_12773,0.9997653
test_12774,0.0023081265
test_12775,0.99990356
test_12776,0.12545359
test_12777,6.961953e-05
test_12778,0.9949397
test_12779,0.34196484
test_12780,0.9999535
test_12781,0.9988439
test_12782,0.014372005
test_12783,0.95045483
test_12784,0.256201
test_12785,0.084338464
test_12786,0.76299095
test_12787,0.99970424
test_12788,0.07826215
test_12789,0.99538183
test_12790,0.004463599
test_12791,0.6028812
test_12792,0.00714313
test_12793,0.90716463
test_12794,0.14057288
test_12795,0.99556446
test_12796,0.64878356
test_12797,0.99979615
test_12798,0.9130398
test_12799,8.2150126e-07
test_12800,0.39130664
test_12801,0.0014868961
test_12802,7.405094e-05
test_12803,0.9998485
test_12804,0.99999994
test_12805,0.17335881
test_12806,0.94424546
test_12807,0.98096406
test_12808,8.206823e-05
test_12809,0.9998057
test_12810,0.007940596
test_12811,0.7810073
test_12812,0.46731246
test_12813,0.94431984
test_12814,0.31688184
test_12815,0.6383281
test_12816,0.04234356
test_12817,0.008339226
test_12818,1.4757637e-06
test_12819,0.0001521384
test_12820,0.99993914
test_12821,0.480269
test_12822,0.73565555
test_12823,0.9920243
test_12824,0.0051650205
test_12825,0.33757597
test_12826,0.61117244
test_12827,0.010709356
test_12828,0.56248194
test_12829,0.31087252
test_12830,0.0001697408
test_12831,0.00041074475
test_12832,0.9558873
test_12833,0.49006882
test_12834,0.99996656
test_12835,0.9871724
test_12836,0.6786917
test_12837,0.9981301
test_12838,0.7842275
test_12839,0.009194008
test_12840,0.05429732
test_12841,0.00086979906
test_12842,1.9295236e-05
test_12843,0.9890258
test_12844,0.35404092
test_12845,1.7677163e-05
test_12846,0.0001639318
test_12847,0.75066054
test_12848,0.99718416
test_12849,6.79665e-06
test_12850,0.97342414
test_12851,0.0003379446
test_12852,0.13936245
test_12853,0.8227049
test_12854,0.123084724
test_12855,0.046923157
test_12856,0.9999181
test_12857,0.974982
test_12858,4.4161816e-06
test_12859,1.0
test_12860,0.30529958
test_12861,0.056715697
test_12862,0.003012905
test_12863,0.044111416
test_12864,3.1689932e-08
test_12865,0.99999774
test_12866,0.99872047
test_12867,0.553481
test_12868,0.4829116
test_12869,1.24881135e-05
test_12870,0.9968295
test_12871,0.51950526
test_12872,0.9961648
test_12873,0.84177446
test_12874,0.9987618
test_12875,0.002262989
test_12876,0.0003061466
test_12877,0.009707276
test_12878,0.7126342
test_12879,0.99111354
test_12880,0.09085001
test_12881,0.00018129895
test_12882,0.9999251
test_12883,0.010617703
test_12884,0.4498955
test_12885,0.0020548606
test_12886,0.5585921
test_12887,0.0017341299
test_12888,3.9116603e-05
test_12889,0.00016364634
test_12890,0.95596844
test_12891,1.5097419e-06
test_12892,0.9236717
test_12893,0.9977368
test_12894,0.15733053
test_12895,0.9835404
test_12896,0.5255421
test_12897,0.9982412
test_12898,0.099164136
test_12899,0.0008220969
test_12900,0.9847082
test_12901,0.77095294
test_12902,0.948957
test_12903,0.66145283
test_12904,0.06288032
test_12905,0.99990475
test_12906,7.448757e-05
test_12907,0.9664
test_12908,0.99080783
test_12909,0.9999997
test_12910,0.0019683284
test_12911,0.9840909
test_12912,0.9491291
test_12913,0.0022673449
test_12914,0.003366022
test_12915,0.99161696
test_12916,0.94773537
test_12917,0.999969
test_12918,0.0046098293
test_12919,0.32624066
test_12920,0.9999627
test_12921,0.00043746797
test_12922,0.58020616
test_12923,0.92749894
test_12924,0.9574655
test_12925,0.8007455
test_12926,0.99225616
test_12927,0.00086306984
test_12928,0.00059610273
test_12929,0.866585
test_12930,1.0
test_12931,0.0023869136
test_12932,0.0029725619
test_12933,0.997128
test_12934,0.999369
test_12935,0.18832286
test_12936,0.72776175
test_12937,0.7623181
test_12938,0.25334775
test_12939,0.99795556
test_12940,0.9942609
test_12941,0.20510714
test_12942,0.030888129
test_12943,0.0035389115
test_12944,0.86391354
test_12945,0.094584875
test_12946,0.9999913
test_12947,0.9993334
test_12948,0.13754788
test_12949,0.009510972
test_12950,0.82174957
test_12951,0.041951384
test_12952,0.8448068
test_12953,0.99814713
test_12954,0.0007634883
test_12955,0.033997197
test_12956,0.9995811
test_12957,0.98841447
test_12958,0.023847861
test_12959,0.46227124
test_12960,0.7211482
test_12961,0.037519835
test_12962,0.17651787
test_12963,0.9974766
test_12964,0.0038696476
test_12965,0.6001526
test_12966,0.72150755
test_12967,1.0999906e-05
test_12968,0.007976593
test_12969,0.3754571
test_12970,0.32438758
test_12971,5.467846e-05
test_12972,0.08738274
test_12973,0.00073812035
test_12974,0.13154207
test_12975,0.06119361
test_12976,0.08156568
test_12977,0.008895193
test_12978,0.7841183
test_12979,0.022444133
test_12980,0.015532345
test_12981,0.9962343
test_12982,0.99497056
test_12983,0.005839303
test_12984,0.2867666
test_12985,0.95421517
test_12986,0.90770125
test_12987,0.9044963
test_12988,0.003244582
test_12989,0.69412136
test_12990,0.77672994
test_12991,0.5049329
test_12992,0.3211096
test_12993,0.9808517
test_12994,0.071253985
test_12995,0.13764997
test_12996,0.99683046
test_12997,0.002901237
test_12998,0.9951209
test_12999,0.24944389
test_13000,0.13574804
test_13001,0.8914436
test_13002,0.00010216053
test_13003,0.997242
test_13004,0.18603188
test_13005,0.19335915
test_13006,0.007789592
test_13007,0.020103078
test_13008,0.25366288
test_13009,0.9992521
test_13010,0.14400719
test_13011,0.34811395
test_13012,0.17399272
test_13013,0.99833834
test_13014,0.08267475
test_13015,0.99648225
test_13016,0.036559425
test_13017,0.82817143
test_13018,0.007928878
test_13019,0.08514156
test_13020,0.9671776
test_13021,0.9960581
test_13022,0.37086496
test_13023,0.24730866
test_13024,0.9559891
test_13025,0.99896055
test_13026,0.99996537
test_13027,0.92886806
test_13028,0.00097435236
test_13029,0.99859554
test_13030,0.14109328
test_13031,0.9741652
test_13032,0.0941049
test_13033,0.0001917504
test_13034,0.97282076
test_13035,0.5025315
test_13036,0.9281107
test_13037,0.99999833
test_13038,0.4060573
test_13039,0.99129844
test_13040,0.94523466
test_13041,0.9655113
test_13042,0.89638233
test_13043,0.9656893
test_13044,0.9968971
test_13045,0.09461473
test_13046,0.5127666
test_13047,0.013811796
test_13048,0.00081980834
test_13049,0.9947911
test_13050,9.643445e-06
test_13051,0.03750348
test_13052,0.99622166
test_13053,0.9970591
test_13054,0.0020815595
test_13055,0.041104212
test_13056,0.99988616
test_13057,0.0023994767
test_13058,0.07566597
test_13059,0.9967101
test_13060,0.99504685
test_13061,0.94352496
test_13062,0.9936228
test_13063,0.7081502
test_13064,0.0013209465
test_13065,0.8827343
test_13066,0.9394727
test_13067,0.38773802
test_13068,0.7318021
test_13069,0.99937475
test_13070,0.42114612
test_13071,0.1120463
test_13072,0.16051498
test_13073,0.461308
test_13074,0.99326646
test_13075,0.9643466
test_13076,0.11393207
test_13077,0.7451664
test_13078,0.99295527
test_13079,0.9941546
test_13080,0.0710231
test_13081,0.14944395
test_13082,0.94167197
test_13083,0.6089568
test_13084,0.78115326
test_13085,0.99980676
test_13086,0.11014241
test_13087,0.0007533337
test_13088,0.54420465
test_13089,0.1625376
test_13090,0.0015879261
test_13091,0.04159934
test_13092,0.9999905
test_13093,1.5635884e-08
test_13094,0.9435383
test_13095,0.14297096
test_13096,0.00048288846
test_13097,0.0082546845
test_13098,0.00010440724
test_13099,0.01393978
test_13100,0.1310311
test_13101,0.096577846
test_13102,0.2761362
test_13103,0.4311563
test_13104,1.5150104e-07
test_13105,0.45100588
test_13106,0.5694822
test_13107,0.5888929
test_13108,0.9975499
test_13109,0.13955127
test_13110,0.99999803
test_13111,0.8370817
test_13112,0.9983746
test_13113,0.9537196
test_13114,0.023943992
test_13115,0.1652839
test_13116,0.6829106
test_13117,9.4036164e-05
test_13118,0.70967007
test_13119,0.11962755
test_13120,0.027127067
test_13121,0.70417786
test_13122,0.0034327074
test_13123,0.02496155
test_13124,0.98786813
test_13125,0.97629386
test_13126,0.10760772
test_13127,0.9976907
test_13128,0.45593888
test_13129,0.1553501
test_13130,0.9999739
test_13131,0.21619791
test_13132,0.033034965
test_13133,1.0318533e-06
test_13134,0.22614178
test_13135,2.0816773e-05
test_13136,0.21549815
test_13137,0.9989699
test_13138,0.8730872
test_13139,0.32305443
test_13140,0.054624792
test_13141,0.9981036
test_13142,6.9074624e-05
test_13143,0.91147345
test_13144,0.00037455588
test_13145,0.9361762
test_13146,0.99999905
test_13147,0.99800014
test_13148,1.1495463e-05
test_13149,0.54866594
test_13150,0.03555368
test_13151,0.99991715
test_13152,0.1890183
test_13153,0.99166924
test_13154,0.76100445
test_13155,0.9999945
test_13156,0.06528151
test_13157,0.46220702
test_13158,0.3900364
test_13159,0.91886926
test_13160,0.83357334
test_13161,0.031984836
test_13162,0.1675647
test_13163,0.9904753
test_13164,0.000823562
test_13165,0.6783104
test_13166,0.015172111
test_13167,0.040690366
test_13168,0.17380929
test_13169,0.32659966
test_13170,0.6208279
test_13171,0.48655364
test_13172,0.9826448
test_13173,0.030003253
test_13174,0.99939823
test_13175,4.6215894e-07
test_13176,0.21033847
test_13177,0.070159785
test_13178,0.17850804
test_13179,0.003730499
test_13180,0.9119519
test_13181,0.0878064
test_13182,0.5367994
test_13183,1.0
test_13184,0.040720712
test_13185,0.9997512
test_13186,0.87659276
test_13187,0.974048
test_13188,0.00065658696
test_13189,0.60857344
test_13190,0.02230951
test_13191,0.01834175
test_13192,0.713761
test_13193,0.13630334
test_13194,0.99999994
test_13195,0.026979908
test_13196,0.9998517
test_13197,0.19019647
test_13198,0.065812096
test_13199,0.26625714
test_13200,0.07517339
test_13201,0.037083596
test_13202,0.9769937
test_13203,0.9988855
test_13204,0.6472813
test_13205,0.55584806
test_13206,0.07579596
test_13207,0.8954866
test_13208,0.007875331
test_13209,0.023153568
test_13210,0.99906564
test_13211,0.98279846
test_13212,0.9998201
test_13213,0.00095332356
test_13214,3.207251e-05
test_13215,0.061214738
test_13216,0.9157596
test_13217,0.9999962
test_13218,0.9999993
test_13219,0.18928805
test_13220,0.9746872
test_13221,0.044076923
test_13222,0.55266285
test_13223,0.30004662
test_13224,0.4197988
test_13225,0.3926405
test_13226,0.88945574
test_13227,0.9969847
test_13228,0.0014433655
test_13229,0.00053010543
test_13230,0.045270216
test_13231,0.79337275
test_13232,0.73874044
test_13233,0.00067710417
test_13234,0.9999995
test_13235,0.0039096335
test_13236,0.21411745
test_13237,0.0018489436
test_13238,0.9973923
test_13239,0.19416605
test_13240,3.8896775e-05
test_13241,0.0023946771
test_13242,0.0042483183
test_13243,0.8800932
test_13244,0.9543166
test_13245,0.8734409
test_13246,0.9934108
test_13247,0.9994663
test_13248,0.99252117
test_13249,0.0469216
test_13250,0.9861368
test_13251,0.7346899
test_13252,0.0036545459
test_13253,0.005823702
test_13254,0.0015675599
test_13255,0.6752728
test_13256,0.31255654
test_13257,0.00068485294
test_13258,0.7773034
test_13259,0.99025714
test_13260,0.013708084
test_13261,0.00030524057
test_13262,0.00026690544
test_13263,0.0012685142
test_13264,0.5110405
test_13265,0.9408674
test_13266,0.956076
test_13267,0.36298323
test_13268,0.00923701
test_13269,1.6307029e-05
test_13270,0.011289504
test_13271,0.13935798
test_13272,0.111105114
test_13273,0.9962623
test_13274,0.045285262
test_13275,0.044093538
test_13276,0.0072061704
test_13277,0.31287372
test_13278,0.09115691
test_13279,0.7875756
test_13280,0.7881432
test_13281,0.9135995
test_13282,0.04259064
test_13283,0.682552
test_13284,0.7821033
test_13285,0.94234836
test_13286,0.9968811
test_13287,2.0287176e-05
test_13288,0.99936867
test_13289,0.0011152655
test_13290,0.9997643
test_13291,0.97654784
test_13292,0.9968723
test_13293,0.98411036
test_13294,0.66916144
test_13295,0.99995863
test_13296,0.99998987
test_13297,0.0037052582
test_13298,0.9988591
test_13299,0.87355924
test_13300,0.43138346
test_13301,0.9716667
test_13302,0.7593409
test_13303,0.0007787839
test_13304,0.74645996
test_13305,0.0018479548
test_13306,0.018625714
test_13307,0.1011339
test_13308,0.9999088
test_13309,0.99922895
test_13310,0.99911135
test_13311,0.17235829
test_13312,0.015166293
test_13313,0.6813146
test_13314,0.98126864
test_13315,0.9996952
test_13316,0.0015997661
test_13317,0.9886892
test_13318,0.010691564
test_13319,0.99741656
test_13320,0.00019157531
test_13321,0.5291346
test_13322,0.0001228039
test_13323,0.88878345
test_13324,0.14770637
test_13325,0.002300044
test_13326,0.5342177
test_13327,0.9999426
test_13328,2.0565552e-05
test_13329,5.6916706e-06
test_13330,5.866865e-05
test_13331,0.027316026
test_13332,0.0009195219
test_13333,0.9923526
test_13334,0.089677855
test_13335,7.0313426e-06
test_13336,0.06707322
test_13337,0.99843776
test_13338,0.12493671
test_13339,0.9873651
test_13340,0.41453642
test_13341,0.78669745
test_13342,0.078367874
test_13343,0.98593235
test_13344,0.95020723
test_13345,0.9970025
test_13346,0.9099425
test_13347,2.60568e-06
test_13348,0.0017094623
test_13349,0.022043455
test_13350,0.013373814
test_13351,0.92225826
test_13352,2.0289743e-07
test_13353,0.09133945
test_13354,0.8112004
test_13355,0.9857117
test_13356,0.52282
test_13357,0.0055740234
test_13358,0.9842401
test_13359,0.90839314
test_13360,0.99999785
test_13361,0.29526412
test_13362,0.9996346
test_13363,0.10166298
test_13364,0.9814514
test_13365,0.782725
test_13366,0.99995387
test_13367,0.9999885
test_13368,0.72975874
test_13369,0.01788092
test_13370,0.7499006
test_13371,0.99977326
test_13372,0.9975228
test_13373,0.89969754
test_13374,0.63388854
test_13375,0.99002284
test_13376,0.99193895
test_13377,0.5872643
test_13378,0.0013516018
test_13379,0.0011673288
test_13380,0.7804254
test_13381,0.00017052797
test_13382,0.99807
test_13383,0.9999999
test_13384,0.9976233
test_13385,0.57023805
test_13386,0.0005220003
test_13387,3.0371916e-07
test_13388,0.00013219108
test_13389,0.0014929752
test_13390,0.035805643
test_13391,0.9999996
test_13392,0.014800799
test_13393,0.95576334
test_13394,0.92484415
test_13395,0.998486
test_13396,0.20800719
test_13397,0.4374144
test_13398,0.8154776
test_13399,0.7082077
test_13400,0.99659383
test_13401,0.048147574
test_13402,0.33502835
test_13403,0.8286363
test_13404,0.9933206
test_13405,0.9803158
test_13406,0.99761724
test_13407,0.017908415
test_13408,0.0010372575
test_13409,0.6347953
test_13410,0.038559735
test_13411,0.9993596
test_13412,0.9931434
test_13413,0.2695262
test_13414,0.11482337
test_13415,0.9992566
test_13416,0.9999936
test_13417,0.03222228
test_13418,0.0057208617
test_13419,0.9309357
test_13420,0.9990128
test_13421,0.00052943017
test_13422,0.0012553023
test_13423,0.30598354
test_13424,0.46851557
test_13425,0.050084066
test_13426,0.22975321
test_13427,0.9731627
test_13428,0.9999961
test_13429,0.26181647
test_13430,0.00024719074
test_13431,0.99999994
test_13432,0.54609454
test_13433,0.006517328
test_13434,0.9984337
test_13435,0.43592674
test_13436,0.025230736
test_13437,5.6580876e-07
test_13438,0.99397385
test_13439,0.9985894
test_13440,0.99324805
test_13441,0.923247
test_13442,0.99025255
test_13443,0.4301536
test_13444,0.70488906
test_13445,0.99067616
test_13446,2.5486283e-05
test_13447,0.80470896
test_13448,1.4303882e-05
test_13449,3.8127314e-06
test_13450,0.5405356
test_13451,0.12968837
test_13452,0.9797157
test_13453,0.84132224
test_13454,0.0017941537
test_13455,0.22531639
test_13456,0.9437332
test_13457,0.2992878
test_13458,0.5397756
test_13459,0.8742349
test_13460,0.653242
test_13461,0.0005818502
test_13462,0.8955134
test_13463,0.012423382
test_13464,0.0012474399
test_13465,0.21371254
test_13466,0.71779406
test_13467,0.0004491275
test_13468,0.01688261
test_13469,0.732579
test_13470,0.0024008949
test_13471,0.99607265
test_13472,0.95122004
test_13473,1.0
test_13474,0.9035406
test_13475,0.9914162
test_13476,0.22180322
test_13477,0.4597387
test_13478,0.9962565
test_13479,0.6285968
test_13480,0.99499905
test_13481,0.99608
test_13482,0.2638201
test_13483,0.944698
test_13484,0.2042537
test_13485,0.89984107
test_13486,0.2993154
test_13487,0.032199718
test_13488,1.1138442e-05
test_13489,0.9919186
test_13490,0.0034758216
test_13491,0.43245482
test_13492,0.9680277
test_13493,0.9714999
test_13494,0.00012912098
test_13495,0.5478351
test_13496,0.8334435
test_13497,0.00017952104
test_13498,0.5655472
test_13499,0.24843965
test_13500,0.9633046
test_13501,0.003999701
test_13502,0.0023586627
test_13503,0.20097873
test_13504,0.02285303
test_13505,0.012279671
test_13506,0.21090089
test_13507,2.0299834e-05
test_13508,0.9999999
test_13509,7.731374e-05
test_13510,0.52986234
test_13511,0.51707715
test_13512,0.99184453
test_13513,0.0031471434
test_13514,0.036909666
test_13515,0.00626011
test_13516,0.12920028
test_13517,0.18164195
test_13518,0.0029878952
test_13519,0.7818087
test_13520,0.286865
test_13521,0.9997207
test_13522,0.96173775
test_13523,0.9981477
test_13524,0.98909163
test_13525,0.90295994
test_13526,0.0017885459
test_13527,0.9607223
test_13528,0.6782089
test_13529,0.99998486
test_13530,0.99999857
test_13531,9.171806e-06
test_13532,0.01611166
test_13533,0.9753262
test_13534,0.11651575
test_13535,0.99991995
test_13536,0.13964082
test_13537,0.00013992119
test_13538,9.89731e-05
test_13539,0.55573386
test_13540,0.9436513
test_13541,0.960947
test_13542,0.018243946
test_13543,0.026760075
test_13544,0.9996846
test_13545,0.9505933
test_13546,0.8938598
test_13547,0.08800801
test_13548,0.5316277
test_13549,0.6399299
test_13550,0.0072896653
test_13551,0.5441372
test_13552,0.010136833
test_13553,0.37954304
test_13554,0.98116374
test_13555,0.00010860156
test_13556,0.5651366
test_13557,0.99998844
test_13558,0.017522037
test_13559,0.0063623395
test_13560,0.007149218
test_13561,0.00012776912
test_13562,0.19411641
test_13563,0.9783695
test_13564,0.5342176
test_13565,0.99999845
test_13566,0.53771853
test_13567,0.5061141
test_13568,0.56177044
test_13569,0.99161017
test_13570,0.858832
test_13571,0.59736043
test_13572,0.98543024
test_13573,0.9999025
test_13574,0.3240676
test_13575,0.9882414
test_13576,0.006313316
test_13577,0.96739674
test_13578,0.9069333
test_13579,0.22176097
test_13580,0.00049783755
test_13581,0.9418286
test_13582,0.99270535
test_13583,1.4705655e-08
test_13584,0.99988097
test_13585,0.99999976
test_13586,0.9988792
test_13587,0.45915988
test_13588,0.9681654
test_13589,0.9944542
test_13590,0.4940256
test_13591,0.0038038425
test_13592,0.35864037
test_13593,0.9995699
test_13594,0.5343622
test_13595,0.039719734
test_13596,0.00025296633
test_13597,0.013319342
test_13598,0.00049410097
test_13599,0.37115878
test_13600,0.008194031
test_13601,0.91960394
test_13602,0.9999046
test_13603,0.86938137
test_13604,0.99999976
test_13605,0.22664258
test_13606,0.99965835
test_13607,0.059505977
test_13608,0.004676258
test_13609,0.82205427
test_13610,0.9971664
test_13611,0.99980134
test_13612,0.7031296
test_13613,0.8420851
test_13614,0.99999976
test_13615,0.8892479
test_13616,0.0018138519
test_13617,0.21742639
test_13618,8.747567e-07
test_13619,0.9773996
test_13620,0.1137867
test_13621,0.90288883
test_13622,0.98047185
test_13623,4.459264e-05
test_13624,0.0030007735
test_13625,0.68905675
test_13626,0.013427553
test_13627,0.0003401034
test_13628,0.19726193
test_13629,2.0608813e-06
test_13630,0.010254052
test_13631,0.34863114
test_13632,0.9985604
test_13633,0.4359403
test_13634,0.99763525
test_13635,0.3058462
test_13636,0.99885845
test_13637,0.25585577
test_13638,0.89573646
test_13639,0.90005827
test_13640,0.54190147
test_13641,0.82691896
test_13642,0.39050323
test_13643,0.09759975
test_13644,0.00012602704
test_13645,0.863956
test_13646,0.99613774
test_13647,0.83315945
test_13648,0.5991994
test_13649,0.014059052
test_13650,0.019675106
test_13651,0.69755524
test_13652,0.59058154
test_13653,0.21070561
test_13654,0.0028385662
test_13655,0.00026607822
test_13656,0.5835732
test_13657,0.98036146
test_13658,0.41307104
test_13659,0.6951473
test_13660,0.002216168
test_13661,0.84559923
test_13662,0.8852812
test_13663,0.057776295
test_13664,0.990251
test_13665,0.22303125
test_13666,0.9989182
test_13667,0.0027981468
test_13668,4.8487607e-07
test_13669,0.77600193
test_13670,0.0017740974
test_13671,0.07771714
test_13672,0.00091232714
test_13673,2.5312423e-07
test_13674,0.23594919
test_13675,0.42984527
test_13676,0.008859567
test_13677,0.027078021
test_13678,1.4892535e-06
test_13679,0.0032844369
test_13680,0.0024554902
test_13681,0.9982095
test_13682,0.94289035
test_13683,0.99988246
test_13684,0.08570442
test_13685,0.27194184
test_13686,0.00034387066
test_13687,0.9878537
test_13688,0.99789417
test_13689,0.9537822
test_13690,0.8101187
test_13691,0.992341
test_13692,0.9930052
test_13693,0.00082843343
test_13694,0.011356678
test_13695,0.6690774
test_13696,0.9198865
test_13697,0.06442294
test_13698,0.7264546
test_13699,0.9776046
test_13700,0.99647295
test_13701,6.184037e-06
test_13702,0.94126946
test_13703,0.016838484
test_13704,0.0012710593
test_13705,0.65848565
test_13706,0.0156209385
test_13707,0.0037988257
test_13708,0.26597428
test_13709,0.55583584
test_13710,0.36229074
test_13711,0.034453593
test_13712,0.0092549035
test_13713,0.95202357
test_13714,0.10973793
test_13715,0.065747604
test_13716,0.14796197
test_13717,0.8572707
test_13718,0.70430195
test_13719,0.85440695
test_13720,0.37284866
test_13721,0.924011
test_13722,0.8865994
test_13723,0.34413648
test_13724,0.037566558
test_13725,0.8875886
test_13726,2.1374215e-05
test_13727,0.95221436
test_13728,0.00052582397
test_13729,0.72264713
test_13730,0.0055466504
test_13731,0.00012125746
test_13732,0.9999485
test_13733,0.44553316
test_13734,0.13128278
test_13735,0.9743023
test_13736,0.99396276
test_13737,4.9759883e-06
test_13738,0.79181087
test_13739,0.9987984
test_13740,0.03459184
test_13741,0.66295993
test_13742,0.060206722
test_13743,0.21112798
test_13744,0.85061127
test_13745,0.0698905
test_13746,0.4641739
test_13747,0.43834126
test_13748,3.0430253e-06
test_13749,0.040877324
test_13750,0.4866104
test_13751,0.9926073
test_13752,0.06594212
test_13753,0.839897
test_13754,0.95250845
test_13755,0.7190362
test_13756,0.9999517
test_13757,0.711739
test_13758,0.15175688
test_13759,0.5703162
test_13760,2.7498329e-05
test_13761,0.037789576
test_13762,7.798695e-06
test_13763,1.0
test_13764,0.9950324
test_13765,0.9757602
test_13766,0.009292008
test_13767,0.29370672
test_13768,0.9951877
test_13769,0.82124275
test_13770,0.035517696
test_13771,0.0025790904
test_13772,0.000105621206
test_13773,0.9986293
test_13774,1.0633392e-05
test_13775,0.06283446
test_13776,0.9502168
test_13777,0.9970696
test_13778,0.9976897
test_13779,0.95681036
test_13780,0.9801134
test_13781,0.00011890607
test_13782,0.9999991
test_13783,0.5994041
test_13784,0.091970444
test_13785,0.9987881
test_13786,0.011988939
test_13787,0.99930257
test_13788,0.05859149
test_13789,0.51038706
test_13790,0.026036058
test_13791,0.1050043
test_13792,0.9235914
test_13793,0.1853946
test_13794,8.8951136e-05
test_13795,0.094942644
test_13796,0.9970217
test_13797,0.99223197
test_13798,0.2489116
test_13799,0.0022133556
test_13800,0.9996345
test_13801,0.821548
test_13802,0.6299316
test_13803,1.9150593e-06
test_13804,0.14126027
test_13805,0.013878111
test_13806,0.98387194
test_13807,0.00047119084
test_13808,0.8701657
test_13809,0.022941068
test_13810,0.99999964
test_13811,0.040065672
test_13812,0.97397506
test_13813,0.8920429
test_13814,0.03254628
test_13815,0.071966484
test_13816,0.9907193
test_13817,0.45273197
test_13818,0.003987326
test_13819,0.8802998
test_13820,0.88194966
test_13821,0.0004834298
test_13822,0.05839485
test_13823,0.99999964
test_13824,0.0035315384
test_13825,0.005701711
test_13826,0.9999491
test_13827,0.9955497
test_13828,0.9856541
test_13829,0.9999974
test_13830,0.09363443
test_13831,0.38553345
test_13832,0.9979572
test_13833,0.41730595
test_13834,0.028089596
test_13835,0.9905882
test_13836,0.9972024
test_13837,0.093376495
test_13838,0.11664396
test_13839,0.99997294
test_13840,0.9608425
test_13841,3.27741e-05
test_13842,0.78115857
test_13843,0.017300798
test_13844,0.47021455
test_13845,0.9803982
test_13846,0.9977721
test_13847,0.007244728
test_13848,0.9999856
test_13849,0.11785183
test_13850,0.89927447
test_13851,0.5568832
test_13852,0.0004470062
test_13853,0.95320976
test_13854,0.48406085
test_13855,0.29247433
test_13856,0.15648167
test_13857,0.9985219
test_13858,0.95935386
test_13859,0.9999362
test_13860,0.052601367
test_13861,0.9999933
test_13862,0.9987675
test_13863,0.9925258
test_13864,0.1633896
test_13865,0.9999855
test_13866,1.5576323e-05
test_13867,0.48348987
test_13868,0.0001243556
test_13869,0.7741151
test_13870,0.20272727
test_13871,0.0012660439
test_13872,0.33315533
test_13873,0.9684056
test_13874,0.9999963
test_13875,0.012100584
test_13876,0.9995656
test_13877,0.19836104
test_13878,0.96165323
test_13879,0.0042237015
test_13880,0.9999924
test_13881,0.9169997
test_13882,2.8290397e-05
test_13883,0.9993692
test_13884,0.0121565815
test_13885,0.43781364
test_13886,0.060368836
test_13887,0.3328494
test_13888,0.84721583
test_13889,0.4218687
test_13890,0.1529442
test_13891,0.70088935
test_13892,0.9996065
test_13893,0.68824637
test_13894,0.0015484396
test_13895,0.024016898
test_13896,0.95223117
test_13897,4.6166633e-06
test_13898,0.52940935
test_13899,0.9910134
test_13900,0.99180776
test_13901,0.09857737
test_13902,0.0473119
test_13903,0.99396396
test_13904,0.99232376
test_13905,0.038611002
test_13906,0.9996644
test_13907,0.9850828
test_13908,0.014266128
test_13909,0.22537668
test_13910,0.9997583
test_13911,0.08028522
test_13912,0.9832353
test_13913,0.00012714992
test_13914,0.16896667
test_13915,0.07652718
test_13916,0.90439916
test_13917,0.63970673
test_13918,0.0011540464
test_13919,0.9699658
test_13920,0.0024911487
test_13921,0.99999976
test_13922,0.75182104
test_13923,1.0
test_13924,0.7293365
test_13925,0.99766636
test_13926,0.90840435
test_13927,0.0033975746
test_13928,0.94072515
test_13929,0.8729311
test_13930,0.9999958
test_13931,0.99971664
test_13932,0.9691602
test_13933,0.51731133
test_13934,0.6178868
test_13935,0.019258656
test_13936,0.997838
test_13937,0.58810985
test_13938,0.9580196
test_13939,0.9999816
test_13940,0.7819344
test_13941,0.084381945
test_13942,0.0018682445
test_13943,0.80709255
test_13944,0.9999988
test_13945,0.005716516
test_13946,0.11191176
test_13947,0.9062873
test_13948,0.0049967174
test_13949,0.0025508064
test_13950,0.007763911
test_13951,0.032968983
test_13952,0.4670395
test_13953,0.33970654
test_13954,0.96055925
test_13955,0.99782956
test_13956,0.9040102
test_13957,0.17433377
test_13958,0.99997157
test_13959,0.0008422086
test_13960,0.9889126
test_13961,0.9996394
test_13962,0.52000713
test_13963,0.78439325
test_13964,0.685195
test_13965,0.9998886
test_13966,0.0029695756
test_13967,0.98394555
test_13968,0.41950324
test_13969,0.36004528
test_13970,0.094968945
test_13971,0.3832661
test_13972,0.0074392883
test_13973,1.0
test_13974,0.9577064
test_13975,0.9995004
test_13976,0.20651619
test_13977,0.99992007
test_13978,0.975587
test_13979,9.629052e-08
test_13980,0.0419821
test_13981,0.04563762
test_13982,0.9831486
test_13983,0.99984145
test_13984,0.9583818
test_13985,1.0
test_13986,0.9984009
test_13987,0.08706999
test_13988,0.9987937
test_13989,0.9365995
test_13990,0.9981197
test_13991,0.0751143
test_13992,0.990621
test_13993,0.00018884607
test_13994,0.007959632
test_13995,0.98505664
test_13996,0.99850047
test_13997,0.0028107339
test_13998,8.1318765e-05
test_13999,0.94677436
test_14000,0.004084019
test_14001,0.0009810069
test_14002,0.00070468406
test_14003,0.5829296
test_14004,0.99933684
test_14005,0.00035577803
test_14006,0.99771714
test_14007,0.9984044
test_14008,0.98997116
test_14009,0.99740195
test_14010,3.9328293e-05
test_14011,0.7169914
test_14012,0.9614626
test_14013,0.99995846
test_14014,0.0010944902
test_14015,0.91168225
test_14016,0.99999994
test_14017,1.2617811e-05
test_14018,0.0010512234
test_14019,0.60101366
test_14020,0.36035764
test_14021,0.025668211
test_14022,0.9150324
test_14023,0.017822856
test_14024,0.0029717458
test_14025,0.9199562
test_14026,0.008651359
test_14027,4.2093407e-06
test_14028,0.88933206
test_14029,0.14132906
test_14030,0.60485286
test_14031,0.50460136
test_14032,0.004709428
test_14033,0.020948423
test_14034,4.097488e-05
test_14035,0.15641615
test_14036,2.1147014e-06
test_14037,0.0017533309
test_14038,0.00950128
test_14039,0.69097173
test_14040,0.22195578
test_14041,0.00048331165
test_14042,0.9999722
test_14043,0.91715884
test_14044,0.43061507
test_14045,0.06771231
test_14046,0.5747647
test_14047,0.98103034
test_14048,0.019517923
test_14049,0.10167668
test_14050,0.0004602169
test_14051,0.1957435
test_14052,0.9999473
test_14053,0.9999522
test_14054,0.98859006
test_14055,0.40400404
test_14056,9.986397e-06
test_14057,0.88545454
test_14058,0.9821073
test_14059,0.6603948
test_14060,0.9998231
test_14061,0.99690163
test_14062,0.006941179
test_14063,5.4075576e-06
test_14064,0.89607483
test_14065,0.64420885
test_14066,0.00051414786
test_14067,0.28156978
test_14068,0.9999993
test_14069,0.14000125
test_14070,0.009537237
test_14071,0.012337944
test_14072,0.5708868
test_14073,0.6322886
test_14074,0.9999979
test_14075,0.9724843
test_14076,0.0026879618
test_14077,0.9995759
test_14078,0.95022285
test_14079,0.9953282
test_14080,0.8419336
test_14081,0.6591356
test_14082,0.6122746
test_14083,0.1501616
test_14084,0.970559
test_14085,0.9853599
test_14086,0.14299224
test_14087,0.99879444
test_14088,0.97442293
test_14089,0.25664744
test_14090,0.314252
test_14091,0.0007528859
test_14092,0.84804344
test_14093,0.07891625
test_14094,0.99965227
test_14095,0.8568663
test_14096,0.99922204
test_14097,0.93432045
test_14098,0.9826137
test_14099,0.10884735
test_14100,0.1091188
test_14101,0.99879557
test_14102,0.15973541
test_14103,0.5728409
test_14104,0.86036026
test_14105,0.0055499636
test_14106,0.9994849
test_14107,0.5246502
test_14108,5.091391e-05
test_14109,0.2674249
test_14110,7.819355e-06
test_14111,0.99907017
test_14112,0.005721471
test_14113,0.44471478
test_14114,0.023401478
test_14115,0.008136037
test_14116,0.9617978
test_14117,0.9887966
test_14118,0.0014549637
test_14119,0.99335015
test_14120,1.4705655e-08
test_14121,7.104233e-07
test_14122,0.85995257
test_14123,0.9269706
test_14124,1.9533285e-08
test_14125,0.9982255
test_14126,0.9950054
test_14127,0.84598196
test_14128,0.03083238
test_14129,0.693976
test_14130,0.0048658634
test_14131,0.17965454
test_14132,0.99500227
test_14133,0.005771406
test_14134,5.1082952e-05
test_14135,0.5243587
test_14136,0.20752957
test_14137,0.022348218
test_14138,0.31922182
test_14139,0.37589648
test_14140,0.9690952
test_14141,0.3530071
test_14142,0.00057268504
test_14143,0.101084895
test_14144,0.0006284112
test_14145,0.23606054
test_14146,0.12137958
test_14147,0.99963903
test_14148,0.06961143
test_14149,0.8617471
test_14150,0.020863004
test_14151,0.75471425
test_14152,0.98811114
test_14153,0.0020117383
test_14154,0.3932329
test_14155,0.47901332
test_14156,1.6056782e-05
test_14157,0.09749627
test_14158,0.9285698
test_14159,0.3104493
test_14160,0.011727018
test_14161,0.24956664
test_14162,0.99998534
test_14163,0.99999917
test_14164,0.068928406
test_14165,0.99998343
test_14166,0.024790542
test_14167,0.730349
test_14168,0.00068582123
test_14169,7.8803205e-06
test_14170,0.99816465
test_14171,0.9674367
test_14172,0.12815303
test_14173,0.023409555
test_14174,0.2836936
test_14175,0.99951273
test_14176,0.15126687
test_14177,0.0004507969
test_14178,0.001533869
test_14179,0.97584504
test_14180,0.3163114
test_14181,0.19930138
test_14182,0.13369769
test_14183,0.794858
test_14184,0.39182195
test_14185,0.9999618
test_14186,0.00012060432
test_14187,0.06878633
test_14188,0.05042108
test_14189,1.8402104e-06
test_14190,0.99892306
test_14191,0.99984396
test_14192,0.9998466
test_14193,0.011649371
test_14194,0.6848446
test_14195,0.89868194
test_14196,0.999999
test_14197,0.95448625
test_14198,0.9898885
test_14199,0.007922505
test_14200,0.5314261
test_14201,0.0028055029
test_14202,0.53946173
test_14203,0.20193668
test_14204,0.044437125
test_14205,0.5220635
test_14206,0.3940091
test_14207,0.0022308577
test_14208,0.9248334
test_14209,0.014559237
test_14210,0.99886334
test_14211,0.00898051
test_14212,0.99973893
test_14213,0.0010802262
test_14214,0.9736315
test_14215,0.87574875
test_14216,0.071834676
test_14217,0.0034911288
test_14218,0.11645969
test_14219,0.40461588
test_14220,1.4705655e-08
test_14221,0.9670547
test_14222,0.1359784
test_14223,0.007572139
test_14224,0.015543966
test_14225,0.982591
test_14226,0.17575917
test_14227,0.976338
test_14228,0.00051610824
test_14229,0.9926293
test_14230,0.8246186
test_14231,0.5179668
test_14232,0.0009826391
test_14233,0.9999509
test_14234,0.008149553
test_14235,3.0705564e-08
test_14236,0.07502413
test_14237,0.92327905
test_14238,0.64832723
test_14239,0.46337456
test_14240,0.005681351
test_14241,0.5091527
test_14242,0.0047603725
test_14243,0.9968831
test_14244,0.98239136
test_14245,0.9769479
test_14246,0.99927425
test_14247,0.41946208
test_14248,0.9573703
test_14249,0.22821853
test_14250,0.993003
test_14251,0.9829179
test_14252,0.48767287
test_14253,0.9823279
test_14254,0.9979677
test_14255,0.0013918588
test_14256,0.00060312107
test_14257,0.8682226
test_14258,3.406578e-05
test_14259,0.9983059
test_14260,0.35297024
test_14261,9.462255e-05
test_14262,0.8971579
test_14263,0.031610012
test_14264,0.8464768
test_14265,3.2185924e-06
test_14266,0.053838003
test_14267,0.2464925
test_14268,0.00010557025
test_14269,0.5567739
test_14270,0.0026976655
test_14271,0.0031007486
test_14272,0.58187604
test_14273,0.002000569
test_14274,1.0
test_14275,0.2926126
test_14276,0.07538329
test_14277,0.0012631963
test_14278,0.96223485
test_14279,0.9150723
test_14280,0.9916316
test_14281,0.9826027
test_14282,0.018348185
test_14283,3.2584976e-05
test_14284,0.99645126
test_14285,0.61316115
test_14286,0.9981407
test_14287,0.3736373
test_14288,0.8341355
test_14289,0.999968
test_14290,0.3779356
test_14291,0.881292
test_14292,0.22606903
test_14293,0.98207974
test_14294,0.00017002222
test_14295,0.99961066
test_14296,0.9985538
test_14297,0.83137256
test_14298,0.9999972
test_14299,0.19700173
test_14300,0.08951419
test_14301,0.0018589488
test_14302,0.00069441757
test_14303,0.9999771
test_14304,0.45982307
test_14305,0.09881154
test_14306,0.66945726
test_14307,0.99999976
test_14308,1.0
test_14309,0.01930561
test_14310,0.002391435
test_14311,0.93385255
test_14312,0.8675952
test_14313,0.9944885
test_14314,0.97621065
test_14315,1.8879285e-07
test_14316,0.026919603
test_14317,0.8279486
test_14318,0.03137872
test_14319,0.9999545
test_14320,0.09452179
test_14321,0.98963666
test_14322,0.9978162
test_14323,0.33141884
test_14324,0.08369425
test_14325,0.038469918
test_14326,0.0003381173
test_14327,0.0011364246
test_14328,0.99937904
test_14329,0.00058769854
test_14330,3.5736863e-05
test_14331,0.37190312
test_14332,0.70832366
test_14333,0.20616837
test_14334,0.9990194
test_14335,0.9998965
test_14336,0.5027284
test_14337,0.047776703
test_14338,0.024656167
test_14339,0.7658872
test_14340,0.49145436
test_14341,0.9989745
test_14342,0.3941359
test_14343,0.98959184
test_14344,0.05722315
test_14345,0.0017592909
test_14346,0.21764383
test_14347,0.98662037
test_14348,0.0014573759
test_14349,0.95937157
test_14350,0.0050942763
test_14351,1.4705655e-08
test_14352,0.008205521
test_14353,0.99882793
test_14354,0.00010305563
test_14355,0.52634454
test_14356,0.59284765
test_14357,0.3787267
test_14358,0.30775994
test_14359,0.9648197
test_14360,0.80775106
test_14361,0.0010255249
test_14362,0.9975422
test_14363,0.0006972052
test_14364,0.9208704
test_14365,0.012024454
test_14366,0.9917728
test_14367,0.9366958
test_14368,0.6904497
test_14369,0.9340435
test_14370,0.99999994
test_14371,0.9602083
test_14372,0.00082444516
test_14373,0.13049902
test_14374,0.21996981
test_14375,0.133924
test_14376,0.0068615563
test_14377,0.65409565
test_14378,0.9940654
test_14379,9.4073684e-08
test_14380,0.9054481
test_14381,0.59519875
test_14382,0.02301973
test_14383,0.98492205
test_14384,0.0033534074
test_14385,0.97281116
test_14386,0.49435678
test_14387,0.4741525
test_14388,0.00484043
test_14389,0.15863335
test_14390,0.9998846
test_14391,0.90756536
test_14392,0.9860245
test_14393,0.7725234
test_14394,0.99972916
test_14395,0.648167
test_14396,0.99887025
test_14397,0.9999946
test_14398,0.9999697
test_14399,0.121178515
test_14400,0.998875
test_14401,0.8029002
test_14402,2.710782e-05
test_14403,0.9578106
test_14404,0.40876412
test_14405,0.99995446
test_14406,0.61167574
test_14407,0.457069
test_14408,0.025575474
test_14409,0.94461423
test_14410,0.72881263
test_14411,0.0020905223
test_14412,0.99772185
test_14413,0.9871043
test_14414,0.00033286426
test_14415,0.5874159
test_14416,0.9999774
test_14417,0.0537316
test_14418,0.11677551
test_14419,0.004093472
test_14420,6.5068766e-06
test_14421,0.74152815
test_14422,0.10338239
test_14423,0.021776479
test_14424,0.00053831236
test_14425,0.7660002
test_14426,0.29015636
test_14427,0.98158586
test_14428,4.2230364e-05
test_14429,0.99509853
test_14430,0.0020554555
test_14431,0.46957263
test_14432,1.08381655e-05
test_14433,0.99997646
test_14434,1.0
test_14435,0.5079973
test_14436,0.31223547
test_14437,0.9726676
test_14438,0.9997784
test_14439,0.034506556
test_14440,0.55081505
test_14441,0.78624135
test_14442,0.012816662
test_14443,0.96668285
test_14444,0.32805854
test_14445,0.004582578
test_14446,0.067605495
test_14447,0.998752
test_14448,0.0007793759
test_14449,0.09900737
test_14450,0.42427936
test_14451,0.3065986
test_14452,3.8074527e-06
test_14453,0.15034258
test_14454,1.163713e-06
test_14455,0.28189325
test_14456,0.4850236
test_14457,0.020612672
test_14458,0.97123647
test_14459,0.0037204176
test_14460,0.00088398485
test_14461,0.03322132
test_14462,0.9964808
test_14463,0.3477456
test_14464,0.99493587
test_14465,0.9999791
test_14466,0.00045035328
test_14467,0.8893336
test_14468,0.646099
test_14469,0.0866476
test_14470,0.9474134
test_14471,0.71276057
test_14472,0.00057686237
test_14473,0.16650094
test_14474,0.97203666
test_14475,0.9231068
test_14476,0.9998729
test_14477,0.8226062
test_14478,0.6420181
test_14479,0.76432467
test_14480,0.9993831
test_14481,0.23149303
test_14482,0.41193533
test_14483,0.45346975
test_14484,0.9984284
test_14485,0.15282771
test_14486,1.4782477e-06
test_14487,0.670689
test_14488,0.0012128328
test_14489,2.0554967e-06
test_14490,0.933867
test_14491,0.7494493
test_14492,0.4864811
test_14493,0.7401037
test_14494,0.06571142
test_14495,1.3239922e-07
test_14496,0.0031225723
test_14497,0.99652326
test_14498,0.9999763
test_14499,0.04171805
test_14500,0.19304743
test_14501,7.489107e-07
test_14502,0.99711055
test_14503,0.93298006
test_14504,2.9126059e-06
test_14505,1.4705655e-08
test_14506,0.100660205
test_14507,0.8505409
test_14508,0.000878849
test_14509,2.6109321e-05
test_14510,0.8572551
test_14511,0.5819844
test_14512,1.0
test_14513,0.002440217
test_14514,0.0040713297
test_14515,0.00022932903
test_14516,0.9954238
test_14517,9.863067e-05
test_14518,0.9890739
test_14519,0.99368817
test_14520,0.00055028126
test_14521,0.99350286
test_14522,0.00010130536
test_14523,0.9923877
test_14524,0.99491453
test_14525,0.21851268
test_14526,3.306596e-05
test_14527,0.46068242
test_14528,0.96178186
test_14529,0.17261666
test_14530,0.930688
test_14531,0.22536126
test_14532,0.005030505
test_14533,0.0075988784
test_14534,0.9551459
test_14535,1.7110924e-05
test_14536,0.99846613
test_14537,0.20456617
test_14538,0.04283857
test_14539,0.009829486
test_14540,0.70957273
test_14541,1.2732753e-05
test_14542,0.9939618
test_14543,0.00030740642
test_14544,0.0002561537
test_14545,0.9848589
test_14546,0.54407805
test_14547,0.99702454
test_14548,0.4894923
test_14549,0.7059267
test_14550,0.97451097
test_14551,0.74012506
test_14552,0.89108396
test_14553,0.9924353
test_14554,0.049518075
test_14555,0.17914282
test_14556,0.121138394
test_14557,0.9961496
test_14558,0.21803321
test_14559,0.19765455
test_14560,1.5943406e-05
test_14561,0.99453574
test_14562,0.9979563
test_14563,0.8793269
test_14564,0.6811331
test_14565,0.98264873
test_14566,0.2710675
test_14567,0.9924004
test_14568,0.9999689
test_14569,1.6184564e-05
test_14570,0.99908197
test_14571,0.0720692
test_14572,0.39343333
test_14573,0.9999251
test_14574,0.9613474
test_14575,0.020117112
test_14576,0.009068279
test_14577,0.9902171
test_14578,0.0018641762
test_14579,0.069717966
test_14580,0.24271047
test_14581,0.9992889
test_14582,0.6852142
test_14583,0.99991953
test_14584,0.855254
test_14585,0.606271
test_14586,0.020864137
test_14587,0.6610726
test_14588,0.7978617
test_14589,0.04017859
test_14590,0.99817646
test_14591,0.20021012
test_14592,0.18135554
test_14593,0.6795987
test_14594,0.55535567
test_14595,0.999648
test_14596,0.002579908
test_14597,0.57903683
test_14598,0.003644325
test_14599,0.91336375
test_14600,0.539024
test_14601,0.98570865
test_14602,0.2878059
test_14603,0.62354225
test_14604,0.53052515
test_14605,0.012297222
test_14606,0.7774675
test_14607,0.12196261
test_14608,0.99958146
test_14609,0.08111805
test_14610,0.15792686
test_14611,0.18658517
test_14612,7.820278e-05
test_14613,0.92709893
test_14614,0.999996
test_14615,0.60430896
test_14616,0.21112376
test_14617,0.9999958
test_14618,0.9975985
test_14619,0.600989
test_14620,0.9954418
test_14621,0.9999752
test_14622,0.89217985
test_14623,0.9320184
test_14624,0.9979117
test_14625,0.98785585
test_14626,0.9715675
test_14627,0.8955473
test_14628,0.17595342
test_14629,0.9903122
test_14630,0.041339494
test_14631,0.9980813
test_14632,0.0055422117
test_14633,0.42282575
test_14634,0.93224084
test_14635,0.86789954
test_14636,0.0023983319
test_14637,0.1275087
test_14638,0.99746406
test_14639,2.8027796e-05
test_14640,0.009528515
test_14641,0.0011487182
test_14642,1.4705655e-08
test_14643,0.99399686
test_14644,0.12474284
test_14645,0.6278057
test_14646,0.26047388
test_14647,0.21457483
test_14648,0.40113008
test_14649,0.98820627
test_14650,0.998773
test_14651,0.8249878
test_14652,0.071361855
test_14653,0.97918856
test_14654,0.0025075779
test_14655,0.30774188
test_14656,0.0086210985
test_14657,0.18517022
test_14658,0.001050653
test_14659,0.16977821
test_14660,0.0067168977
test_14661,0.13522023
test_14662,0.955137
test_14663,0.5525102
test_14664,0.99999666
test_14665,0.016935077
test_14666,0.99981856
test_14667,0.6200578
test_14668,0.90946335
test_14669,0.16817841
test_14670,0.9998684
test_14671,0.2560374
test_14672,0.74351466
test_14673,0.44910252
test_14674,0.82863986
test_14675,0.62916696
test_14676,0.9935998
test_14677,0.094558224
test_14678,0.6904619
test_14679,0.72182006
test_14680,0.008343671
test_14681,0.8355993
test_14682,0.95753306
test_14683,0.0025112596
test_14684,0.99626863
test_14685,0.58427525
test_14686,0.482874
test_14687,0.023191586
test_14688,0.99999607
test_14689,9.913175e-06
test_14690,0.9732418
test_14691,0.7071203
test_14692,0.058241185
test_14693,0.9969154
test_14694,0.4662954
test_14695,0.53423184
test_14696,0.99999994
test_14697,0.0004288795
test_14698,0.9968133
test_14699,0.9937043
test_14700,0.9980947
test_14701,0.24722444
test_14702,1.0
test_14703,0.6217004
test_14704,0.9999956
test_14705,0.41510642
test_14706,0.5570832
test_14707,0.015910365
test_14708,0.00021014118
test_14709,0.8308184
test_14710,0.99965453
test_14711,0.0013191522
test_14712,0.0036551573
test_14713,0.9631758
test_14714,0.95638657
test_14715,0.5337057
test_14716,0.99985695
test_14717,0.97715366
test_14718,1.1050636e-06
test_14719,0.06820245
test_14720,0.99994725
test_14721,0.99997604
test_14722,0.8953141
test_14723,0.8748182
test_14724,0.6924077
test_14725,0.9839239
test_14726,0.9724004
test_14727,0.77814823
test_14728,0.00037748064
test_14729,0.32472074
test_14730,0.9931942
test_14731,1.0
test_14732,0.9901836
test_14733,0.6104655
test_14734,0.11964537
test_14735,0.98681545
test_14736,0.47766632
test_14737,0.62720203
test_14738,5.021496e-06
test_14739,0.99950975
test_14740,0.71476924
test_14741,0.00028685218
test_14742,0.8358393
test_14743,0.9974109
test_14744,0.99939096
test_14745,0.9943932
test_14746,0.92001295
test_14747,0.7471461
test_14748,4.0852674e-06
test_14749,0.5009481
test_14750,0.0052155703
test_14751,0.5704539
test_14752,4.0003948e-07
test_14753,0.050749596
test_14754,0.934412
test_14755,0.033384405
test_14756,0.5617175
test_14757,0.9999851
test_14758,0.99939287
test_14759,0.04296675
test_14760,0.68286276
test_14761,0.74145794
test_14762,1.9185444e-07
test_14763,0.13792223
test_14764,0.9979487
test_14765,3.8016967e-08
test_14766,0.99153185
test_14767,0.9999993
test_14768,0.9999407
test_14769,0.99675465
test_14770,0.99800396
test_14771,0.99869466
test_14772,0.2757745
test_14773,1.4719927e-07
test_14774,0.99828047
test_14775,0.001527735
test_14776,0.20214267
test_14777,0.969317
test_14778,0.93506205
test_14779,0.4481082
test_14780,0.9999907
test_14781,0.010053245
test_14782,0.67915225
test_14783,0.036215357
test_14784,0.41011557
test_14785,0.84120625
test_14786,0.18975028
test_14787,0.037135817
test_14788,0.8322164
test_14789,0.66903126
test_14790,0.192851
test_14791,0.98290884
test_14792,0.8896798
test_14793,0.9783047
test_14794,3.2951484e-05
test_14795,0.8938068
test_14796,0.6856748
test_14797,0.9365679
test_14798,0.99802434
test_14799,0.011804443
test_14800,0.20920265
test_14801,6.2295358e-06
test_14802,0.00019952656
test_14803,0.6867248
test_14804,0.0019977808
test_14805,0.053999163
test_14806,8.609208e-06
test_14807,0.41419986
test_14808,0.72882414
test_14809,0.9666419
test_14810,0.4325505
test_14811,0.8919955
test_14812,0.96812284
test_14813,0.95744383
test_14814,0.99664044
test_14815,0.9902511
test_14816,0.012576709
test_14817,0.30156246
test_14818,0.0035344004
test_14819,0.9987474
test_14820,0.10932565
test_14821,0.0051455507
test_14822,0.9915693
test_14823,0.0018350666
test_14824,0.94515306
test_14825,0.20024127
test_14826,0.7019691
test_14827,0.98846495
test_14828,0.0023018708
test_14829,0.9641347
test_14830,0.22766176
test_14831,0.9462329
test_14832,0.40316865
test_14833,0.5165142
test_14834,0.64835835
test_14835,0.07591137
test_14836,0.97925615
test_14837,0.00026617514
test_14838,0.028079169
test_14839,0.3654542
test_14840,0.0012546341
test_14841,0.99984276
test_14842,0.9999546
test_14843,0.036034737
test_14844,0.802848
test_14845,0.9545088
test_14846,0.97080934
test_14847,0.6732999
test_14848,0.9904854
test_14849,0.9999987
test_14850,0.7420343
test_14851,0.9500063
test_14852,0.018708229
test_14853,0.333274
test_14854,8.064515e-06
test_14855,0.99072576
test_14856,0.0004863906
test_14857,0.9799488
test_14858,0.85280216
test_14859,0.51232815
test_14860,0.99443495
test_14861,0.1109401
test_14862,0.96321607
test_14863,0.46226448
test_14864,0.029827623
test_14865,0.9997435
test_14866,0.1380673
test_14867,0.05068727
test_14868,0.15127498
test_14869,0.9997752
test_14870,0.06314932
test_14871,0.817626
test_14872,0.9601064
test_14873,0.41113287
test_14874,0.117181204
test_14875,0.85021067
test_14876,0.08341083
test_14877,0.7460631
test_14878,0.99999994
test_14879,0.98085654
test_14880,0.9996189
test_14881,0.4415418
test_14882,0.014705873
test_14883,0.7939631
test_14884,0.14743558
test_14885,0.7009095
test_14886,0.42884034
test_14887,0.14721487
test_14888,0.9990697
test_14889,0.03089703
test_14890,0.0723632
test_14891,0.62368405
test_14892,0.008797013
test_14893,0.04908344
test_14894,0.96071434
test_14895,0.48967308
test_14896,0.04233784
test_14897,0.08274701
test_14898,0.9998008
test_14899,8.7183245e-05
test_14900,0.40463704
test_14901,0.25395575
test_14902,0.001044396
test_14903,0.99571073
test_14904,0.90794075
test_14905,0.912484
test_14906,0.9960731
test_14907,0.038703874
test_14908,0.35244924
test_14909,3.6462334e-05
test_14910,0.41252938
test_14911,0.8067205
test_14912,0.9764133
test_14913,0.9999994
test_14914,0.80247915
test_14915,0.04339692
test_14916,0.53147864
test_14917,0.7067658
test_14918,0.2039588
test_14919,0.033836417
test_14920,0.17576224
test_14921,0.2300095
test_14922,2.6128922e-05
test_14923,1.9738929e-05
test_14924,0.9571595
test_14925,0.9535576
test_14926,0.093483165
test_14927,0.74324644
test_14928,0.9999244
test_14929,0.016999722
test_14930,0.047535457
test_14931,0.93250155
test_14932,0.0038131364
test_14933,0.15950622
test_14934,6.0436763e-05
test_14935,0.0016468484
test_14936,0.66456926
test_14937,0.879528
test_14938,0.6867001
test_14939,0.0028367213
test_14940,0.12609847
test_14941,0.99419594
test_14942,0.9219433
test_14943,0.025553597
test_14944,0.48513553
test_14945,0.06047544
test_14946,0.00059483066
test_14947,0.51279706
test_14948,0.8533015
test_14949,0.3714826
test_14950,0.9971672
test_14951,0.74093276
test_14952,0.0020743008
test_14953,0.99998975
test_14954,4.7883173e-06
test_14955,0.14439262
test_14956,0.51707006
test_14957,0.97873133
test_14958,0.00010172294
test_14959,0.00826277
test_14960,0.5676383
test_14961,0.99998176
test_14962,0.77631295
test_14963,0.86578137
test_14964,0.08841466
test_14965,0.99999976
test_14966,0.98767376
test_14967,0.017093722
test_14968,0.00015959491
test_14969,0.07767603
test_14970,0.007098453
test_14971,0.02851759
test_14972,0.023081329
test_14973,0.3344342
test_14974,0.8897493
test_14975,0.82669115
test_14976,0.25686052
test_14977,0.000983278
test_14978,0.61119354
test_14979,1.8431885e-05
test_14980,0.6991874
test_14981,0.1459021
test_14982,0.8690376
test_14983,0.8101662
test_14984,0.0138601195
test_14985,0.40758455
test_14986,0.6361635
test_14987,0.00032798052
test_14988,0.046523325
test_14989,0.9995153
test_14990,0.11928506
test_14991,0.9355365
test_14992,0.9990691
test_14993,0.9999792
test_14994,0.9392364
test_14995,0.20114967
test_14996,0.9590583
test_14997,0.068023235
test_14998,0.91958433
test_14999,0.8881134
test_15000,0.9869944
test_15001,0.9707066
test_15002,2.7612175e-05
test_15003,9.0788586e-07
test_15004,0.7504944
test_15005,0.009501401
test_15006,0.10607708
test_15007,0.32144606
test_15008,0.9787781
test_15009,0.0031468293
test_15010,0.0015256028
test_15011,0.03959954
test_15012,0.0033448166
test_15013,0.99730086
test_15014,0.30471602
test_15015,0.90003264
test_15016,0.012669989
test_15017,0.18667834
test_15018,0.9984268
test_15019,0.20431563
test_15020,0.43161374
test_15021,0.1075729
test_15022,0.0035580473
test_15023,0.9995137
test_15024,0.99603623
test_15025,0.0026481482
test_15026,0.00014005526
test_15027,0.0003421236
test_15028,0.032732505
test_15029,0.9978137
test_15030,0.00010627951
test_15031,1.4705655e-08
test_15032,0.0165793
test_15033,0.0024883489
test_15034,0.8835405
test_15035,0.99127656
test_15036,0.16020542
test_15037,0.023073187
test_15038,0.97555554
test_15039,0.033881314
test_15040,0.7097564
test_15041,0.013047535
test_15042,0.99649334
test_15043,0.006496087
test_15044,1.0
test_15045,0.090604156
test_15046,0.13412765
test_15047,0.92650926
test_15048,0.99999714
test_15049,0.98985225
test_15050,0.9987699
test_15051,0.99995756
test_15052,0.7949647
test_15053,5.0926174e-05
test_15054,0.00061563565
test_15055,0.009339023
test_15056,0.7071054
test_15057,0.6245315
test_15058,0.9534029
test_15059,0.99988437
test_15060,0.4622922
test_15061,0.99666667
test_15062,0.9987229
test_15063,0.98331165
test_15064,0.03547681
test_15065,0.98976207
test_15066,0.021913785
test_15067,0.9277165
test_15068,0.853729
test_15069,0.29670516
test_15070,0.7542167
test_15071,0.6666812
test_15072,0.84271777
test_15073,0.13830842
test_15074,0.007011529
test_15075,0.00019988533
test_15076,0.96825874
test_15077,0.98175454
test_15078,0.11440544
test_15079,0.22773568
test_15080,0.40616485
test_15081,0.68892026
test_15082,0.794117
test_15083,0.99367326
test_15084,0.9979796
test_15085,0.652238
test_15086,0.0014182307
test_15087,0.6454427
test_15088,0.74048775
test_15089,0.0014318287
test_15090,0.00025875788
test_15091,0.8987541
test_15092,0.9935967
test_15093,2.7652994e-05
test_15094,0.8863671
test_15095,0.44313014
test_15096,0.0029756909
test_15097,0.9999829
test_15098,0.013063356
test_15099,0.99307746
test_15100,0.45562315
test_15101,0.0005410465
test_15102,0.9955353
test_15103,0.3279242
test_15104,0.99230814
test_15105,0.9907508
test_15106,0.9790231
test_15107,0.3115007
test_15108,0.04173482
test_15109,0.48442066
test_15110,0.99777055
test_15111,0.86756027
test_15112,0.9366713
test_15113,0.5067971
test_15114,0.994934
test_15115,0.999712
test_15116,0.9998785
test_15117,0.31158468
test_15118,0.5239508
test_15119,4.955868e-05
test_15120,0.00030356104
test_15121,1.1473558e-05
test_15122,0.08761398
test_15123,0.66198015
test_15124,0.00014368657
test_15125,0.00046652794
test_15126,0.34109515
test_15127,0.93457747
test_15128,0.0067271614
test_15129,0.17070131
test_15130,0.00041240067
test_15131,0.15387979
test_15132,0.74703455
test_15133,0.9902539
test_15134,0.9884664
test_15135,0.99997115
test_15136,0.9888996
test_15137,0.5845184
test_15138,0.9979154
test_15139,0.91101205
test_15140,1.23067e-05
test_15141,0.9999999
test_15142,0.9999207
test_15143,0.14309227
test_15144,6.985945e-07
test_15145,0.99979365
test_15146,0.8140912
test_15147,0.0002638711
test_15148,0.5496682
test_15149,0.014607611
test_15150,0.22742258
test_15151,0.9584367
test_15152,0.006437892
test_15153,0.0003783216
test_15154,0.99977064
test_15155,0.17707853
test_15156,0.6023997
test_15157,0.98158157
test_15158,0.010820617
test_15159,0.34142694
test_15160,0.98064554
test_15161,0.999557
test_15162,0.7358758
test_15163,2.8674854e-06
test_15164,0.99678624
test_15165,0.0097581
test_15166,4.651047e-08
test_15167,0.6242883
test_15168,0.4309761
test_15169,0.0009044276
test_15170,0.4906516
test_15171,0.9972887
test_15172,0.0052382774
test_15173,0.0044926717
test_15174,4.0650185e-08
test_15175,0.86898243
test_15176,0.99480736
test_15177,0.5766897
test_15178,0.0064678127
test_15179,0.04565553
test_15180,0.9672136
test_15181,0.0006102243
test_15182,0.99333626
test_15183,0.1995368
test_15184,0.90417004
test_15185,0.9999969
test_15186,0.65603125
test_15187,0.23478766
test_15188,0.99684983
test_15189,0.88210285
test_15190,1.1262757e-05
test_15191,0.06628533
test_15192,0.010957411
test_15193,0.31668776
test_15194,0.26205695
test_15195,0.0021539796
test_15196,0.11943617
test_15197,0.9984804
test_15198,0.0025185572
test_15199,0.004139808
test_15200,4.9952803e-05
test_15201,0.80190074
test_15202,0.99040246
test_15203,0.0014287501
test_15204,0.2318554
test_15205,0.4104197
test_15206,0.9781178
test_15207,0.7533161
test_15208,0.014932939
test_15209,1.4705655e-08
test_15210,0.251863
test_15211,0.032294467
test_15212,0.00026799354
test_15213,0.99999166
test_15214,0.95589554
test_15215,0.52218366
test_15216,0.9977028
test_15217,0.5020438
test_15218,0.9405471
test_15219,0.93099076
test_15220,0.106496565
test_15221,8.126135e-08
test_15222,0.99960244
test_15223,0.21719722
test_15224,0.1436921
test_15225,0.040808547
test_15226,0.9528856
test_15227,0.24535117
test_15228,0.84041953
test_15229,0.017319646
test_15230,0.99870026
test_15231,0.9882432
test_15232,0.041299146
test_15233,0.853195
test_15234,0.86427736
test_15235,0.00012151901
test_15236,0.9992554
test_15237,0.00023187046
test_15238,0.99995875
test_15239,0.46087536
test_15240,0.9866705
test_15241,0.20288856
test_15242,0.02592157
test_15243,0.25088286
test_15244,0.0015861325
test_15245,0.9987638
test_15246,0.0057313996
test_15247,0.96926016
test_15248,0.8227351
test_15249,0.45401174
test_15250,0.9632088
test_15251,0.99999994
test_15252,0.77911496
test_15253,0.9989033
test_15254,0.00077835785
test_15255,0.004585681
test_15256,0.016639227
test_15257,0.46419245
test_15258,0.000978156
test_15259,0.1924332
test_15260,0.7131914
test_15261,0.36730024
test_15262,0.92960316
test_15263,0.99568605
test_15264,0.141799
test_15265,0.5748365
test_15266,0.9794949
test_15267,0.020141069
test_15268,0.11473739
test_15269,0.9886097
test_15270,0.9993112
test_15271,0.00038406564
test_15272,0.989823
test_15273,0.83854127
test_15274,0.050383978
test_15275,0.00080837635
test_15276,0.75248075
test_15277,0.0022913248
test_15278,0.99993587
test_15279,0.99524754
test_15280,0.998717
test_15281,0.06130011
test_15282,0.99995375
test_15283,0.99933743
test_15284,0.94348
test_15285,0.3864118
test_15286,0.77346593
test_15287,0.9109922
test_15288,0.035494473
test_15289,0.077364594
test_15290,0.7846292
test_15291,0.012957521
test_15292,0.3238594
test_15293,0.023547549
test_15294,0.9201784
test_15295,0.27589113
test_15296,0.8554547
test_15297,0.9688649
test_15298,8.954471e-06
test_15299,0.05880473
test_15300,0.004647167
test_15301,0.0003006259
test_15302,0.042457003
test_15303,0.5421362
test_15304,0.9987441
test_15305,0.9972782
test_15306,0.91174877
test_15307,0.9718257
test_15308,0.25132632
test_15309,0.9999983
test_15310,0.0018629995
test_15311,0.042451993
test_15312,7.5206546e-05
test_15313,0.7134374
test_15314,0.7957054
test_15315,0.9454696
test_15316,0.99998796
test_15317,0.24009652
test_15318,2.1319762e-05
test_15319,0.13965562
test_15320,0.15578836
test_15321,0.9937471
test_15322,0.3061443
test_15323,0.9707959
test_15324,0.89627534
test_15325,0.97852916
test_15326,0.6045445
test_15327,0.8065362
test_15328,0.124697044
test_15329,0.955601
test_15330,0.02374538
test_15331,1.0
test_15332,0.97236794
test_15333,4.4653534e-06
test_15334,0.8156954
test_15335,0.010778204
test_15336,0.17741404
test_15337,0.371757
test_15338,0.06639143
test_15339,0.22851613
test_15340,0.8513454
test_15341,0.9926038
test_15342,0.006859862
test_15343,0.0015269559
test_15344,0.9993406
test_15345,0.907025
test_15346,0.000107781714
test_15347,0.87177896
test_15348,0.013368522
test_15349,0.9997166
test_15350,0.0010643384
test_15351,0.05911075
test_15352,0.00022130327
test_15353,0.9374456
test_15354,0.7974352
test_15355,0.95243216
test_15356,0.010672484
test_15357,0.00015533152
test_15358,0.13867068
test_15359,0.99644804
test_15360,0.99998844
test_15361,0.9828546
test_15362,0.0016797985
test_15363,0.24166809
test_15364,0.96543586
test_15365,0.07294423
test_15366,0.11418651
test_15367,0.9799853
test_15368,0.9264491
test_15369,0.7128192
test_15370,0.052047424
test_15371,0.31681398
test_15372,5.817597e-06
test_15373,0.16851391
test_15374,0.42141485
test_15375,0.19042689
test_15376,0.9967372
test_15377,0.9996437
test_15378,0.20323502
test_15379,0.99989057
test_15380,0.094999515
test_15381,0.9999902
test_15382,0.062389713
test_15383,0.38279682
test_15384,0.1497872
test_15385,0.0071310336
test_15386,0.88223016
test_15387,0.9999993
test_15388,0.9895613
test_15389,0.9770217
test_15390,0.0051206998
test_15391,0.9987819
test_15392,0.25501916
test_15393,0.78951776
test_15394,0.24399243
test_15395,0.9945229
test_15396,0.037849303
test_15397,0.9919162
test_15398,0.7322109
test_15399,0.41384453
test_15400,0.8683089
test_15401,0.6992067
test_15402,0.65263844
test_15403,0.093199156
test_15404,2.5735467e-06
test_15405,0.9920273
test_15406,0.8251054
test_15407,0.99995816
test_15408,0.31346893
test_15409,0.6327169
test_15410,0.15789832
test_15411,0.96820927
test_15412,0.9889248
test_15413,0.84575903
test_15414,0.999771
test_15415,0.7468568
test_15416,0.25814134
test_15417,0.9812821
test_15418,0.9849942
test_15419,0.88967586
test_15420,0.9807431
test_15421,0.5580508
test_15422,0.3822436
test_15423,0.911754
test_15424,0.9999996
test_15425,0.99999654
test_15426,0.39972886
test_15427,0.9996731
test_15428,0.9997505
test_15429,0.13162774
test_15430,0.99991965
test_15431,0.9999176
test_15432,0.00086089596
test_15433,0.004769725
test_15434,0.9125085
test_15435,0.9988587
test_15436,0.00026291388
test_15437,0.93295944
test_15438,0.01774058
test_15439,0.99234986
test_15440,0.0038167643
test_15441,0.9594264
test_15442,0.003208586
test_15443,0.348621
test_15444,0.00015999419
test_15445,0.873223
test_15446,0.89589775
test_15447,0.3366509
test_15448,0.96502876
test_15449,0.00019833895
test_15450,0.5874679
test_15451,0.00063836586
test_15452,0.98423064
test_15453,0.6681872
test_15454,0.0041782325
test_15455,0.99977696
test_15456,0.24646944
test_15457,0.8948039
test_15458,0.19798146
test_15459,0.17896298
test_15460,0.6699511
test_15461,0.9339017
test_15462,0.963907
test_15463,6.4173655e-06
test_15464,0.0054595363
test_15465,0.99846184
test_15466,0.9994757
test_15467,0.5399288
test_15468,0.72586113
test_15469,0.00060249545
test_15470,0.97609144
test_15471,0.00388421
test_15472,0.00012031831
test_15473,0.6774044
test_15474,0.0120648155
test_15475,0.6331644
test_15476,1.67021e-07
test_15477,0.99698275
test_15478,0.99999994
test_15479,0.9964425
test_15480,0.42091173
test_15481,0.9999914
test_15482,0.7160665
test_15483,0.9995073
test_15484,0.002874672
test_15485,0.7308161
test_15486,0.7865521
test_15487,0.092861846
test_15488,0.49759692
test_15489,0.0045413133
test_15490,0.046487667
test_15491,1.9868065e-05
test_15492,0.8742726
test_15493,0.12084765
test_15494,0.73656964
test_15495,0.4179359
test_15496,0.040820107
test_15497,0.82410616
test_15498,0.99840164
test_15499,0.9981311
test_15500,1.4705655e-08
test_15501,0.9991687
test_15502,0.9999341
test_15503,0.9937849
test_15504,0.9984243
test_15505,0.9970101
test_15506,0.5167357
test_15507,0.0011836998
test_15508,0.971974
test_15509,0.11289522
test_15510,0.12005238
test_15511,0.2891284
test_15512,0.0024091792
test_15513,0.47967866
test_15514,0.99071145
test_15515,0.83907485
test_15516,0.7237513
test_15517,0.06222665
test_15518,0.00089671335
test_15519,0.99943674
test_15520,0.15442511
test_15521,0.7809174
test_15522,0.909266
test_15523,0.7675937
test_15524,0.0021877217
test_15525,0.34765536
test_15526,0.9999527
test_15527,0.93666625
test_15528,0.025260637
test_15529,0.20269173
test_15530,0.83958423
test_15531,0.28514934
test_15532,0.00035465416
test_15533,0.00095295697
test_15534,0.0015011485
test_15535,0.002702377
test_15536,0.0073232627
test_15537,0.6390487
test_15538,0.68554425
test_15539,0.262218
test_15540,7.0054534e-06
test_15541,0.99872226
test_15542,0.20471133
test_15543,0.53107184
test_15544,0.103441305
test_15545,0.14354557
test_15546,0.31024104
test_15547,1.7477184e-06
test_15548,3.980647e-05
test_15549,0.15464525
test_15550,0.73240244
test_15551,0.00027941272
test_15552,0.0420048
test_15553,0.7667682
test_15554,0.23684198
test_15555,0.9874666
test_15556,0.8649962
test_15557,7.778627e-05
test_15558,0.29451314
test_15559,0.93011343
test_15560,0.9990674
test_15561,0.99602944
test_15562,0.58962625
test_15563,1.0
test_15564,0.00012488163
test_15565,0.23650393
test_15566,0.99904406
test_15567,0.0037099023
test_15568,0.7632838
test_15569,0.52927756
test_15570,0.8696339
test_15571,0.9835147
test_15572,0.46994373
test_15573,0.9987806
test_15574,0.8506034
test_15575,0.16752812
test_15576,0.97192657
test_15577,0.40270326
test_15578,0.9484376
test_15579,0.43670988
test_15580,0.9999999
test_15581,0.0863077
test_15582,0.96270466
test_15583,6.076302e-05
test_15584,0.008899853
test_15585,0.99628174
test_15586,0.5521865
test_15587,0.3068564
test_15588,0.6234164
test_15589,0.99994516
test_15590,7.221024e-07
test_15591,0.08136683
test_15592,0.9910716
test_15593,0.99954575
test_15594,0.4307991
test_15595,0.06949167
test_15596,0.9997941
test_15597,0.9804129
test_15598,0.33919245
test_15599,0.56422615
test_15600,0.54786825
test_15601,0.999108
test_15602,1.0034182e-06
test_15603,0.028994458
test_15604,0.17877185
test_15605,0.0017848924
test_15606,0.48070794
test_15607,0.27533278
test_15608,0.20020288
test_15609,0.87953854
test_15610,0.61552244
test_15611,0.075285345
test_15612,0.9999399
test_15613,0.99763817
test_15614,0.23921254
test_15615,0.3908252
test_15616,0.058990937
test_15617,0.869772
test_15618,0.016430292
test_15619,0.9992877
test_15620,0.003040217
test_15621,0.9986864
test_15622,0.0005383842
test_15623,0.2482155
test_15624,1.10812025e-05
test_15625,0.6204289
test_15626,0.99881566
test_15627,0.9825572
test_15628,0.27483422
test_15629,0.003751444
test_15630,0.004171985
test_15631,0.9826985
test_15632,0.91277754
test_15633,0.46270677
test_15634,0.0003962844
test_15635,9.7376615e-06
test_15636,0.8803679
test_15637,0.9999914
test_15638,0.99916244
test_15639,0.33323497
test_15640,0.9998046
test_15641,0.98790145
test_15642,0.84333706
test_15643,0.99997157
test_15644,0.033925496
test_15645,0.96804476
test_15646,1.0
test_15647,1.4705655e-08
test_15648,0.79702294
test_15649,0.04781226
test_15650,0.9958431
test_15651,0.079195485
test_15652,0.9725234
test_15653,0.0073498734
test_15654,0.99768406
test_15655,0.45110932
test_15656,0.8322468
test_15657,0.3974129
test_15658,0.8496816
test_15659,0.28362358
test_15660,0.58553135
test_15661,6.3738305e-05
test_15662,0.050047755
test_15663,0.99995154
test_15664,1.4705655e-08
test_15665,0.907405
test_15666,0.99987614
test_15667,0.009467683
test_15668,0.9943932
test_15669,0.9999516
test_15670,0.29925585
test_15671,0.38621107
test_15672,0.9999006
test_15673,3.495574e-05
test_15674,0.7027751
test_15675,0.9921369
test_15676,0.04989663
test_15677,0.00095080066
test_15678,0.99999774
test_15679,0.201926
test_15680,0.9996798
test_15681,0.0008400028
test_15682,0.050088055
test_15683,0.81714374
test_15684,0.9272946
test_15685,0.31077647
test_15686,0.35662743
test_15687,0.97733426
test_15688,0.9298494
test_15689,0.59904736
test_15690,0.006080293
test_15691,3.7643306e-07
test_15692,0.025401628
test_15693,0.86033654
test_15694,0.1716223
test_15695,0.12113545
test_15696,0.81688786
test_15697,0.9538702
test_15698,1.4705655e-08
test_15699,0.99804926
test_15700,0.08191353
test_15701,0.58024204
test_15702,0.7490939
test_15703,0.9476049
test_15704,1.4304312e-05
test_15705,0.46343708
test_15706,0.9997593
test_15707,0.9999981
test_15708,0.57591784
test_15709,0.6026845
test_15710,0.9894217
test_15711,0.9971421
test_15712,0.08220317
test_15713,0.99590635
test_15714,0.007837561
test_15715,0.81740105
test_15716,0.447821
test_15717,0.3018717
test_15718,0.9050781
test_15719,1.7373293e-05
test_15720,0.96380913
test_15721,0.9997728
test_15722,0.9999969
test_15723,0.9984596
test_15724,0.98647594
test_15725,0.6922134
test_15726,0.8867506
test_15727,0.7931992
test_15728,0.36861938
test_15729,0.027190886
test_15730,0.44581094
test_15731,0.05542789
test_15732,0.75954354
test_15733,0.9435502
test_15734,0.0006606732
test_15735,0.023199787
test_15736,1.1021903e-06
test_15737,0.90576684
test_15738,0.19486575
test_15739,0.96305996
test_15740,0.0070062727
test_15741,0.97233033
test_15742,0.3921935
test_15743,0.98970354
test_15744,0.6522802
test_15745,0.099867314
test_15746,0.9999964
test_15747,0.99999964
test_15748,0.031761102
test_15749,0.4068979
test_15750,0.96703357
test_15751,0.7407917
test_15752,0.44396034
test_15753,0.955827
test_15754,0.000111229856
test_15755,0.9999715
test_15756,0.0060171206
test_15757,0.99973875
test_15758,0.93666613
test_15759,0.48644033
test_15760,0.9894722
test_15761,0.59598047
test_15762,0.23202701
test_15763,0.50339496
test_15764,0.93732977
test_15765,0.04126522
test_15766,0.009011466
test_15767,0.9976352
test_15768,0.37430948
test_15769,0.023347497
test_15770,0.9513254
test_15771,0.0045213886
test_15772,0.4627469
test_15773,0.00021579584
test_15774,0.6033163
test_15775,1.0
test_15776,0.0014172625
test_15777,0.0020459602
test_15778,0.018817868
test_15779,0.002663446
test_15780,0.26657283
test_15781,0.052734047
test_15782,0.89615273
test_15783,0.58031857
test_15784,0.6387987
test_15785,0.71823376
test_15786,0.45071948
test_15787,0.0012618109
test_15788,0.04878092
test_15789,0.02670425
test_15790,0.9767485
test_15791,0.93518823
test_15792,0.8949003
test_15793,0.4949324
test_15794,0.8508291
test_15795,0.00068005495
test_15796,0.5543277
test_15797,0.3222134
test_15798,0.3166145
test_15799,0.005209669
test_15800,0.8569665
test_15801,0.97140527
test_15802,0.43175483
test_15803,0.02473704
test_15804,0.016598627
test_15805,0.86882746
test_15806,0.00965431
test_15807,0.9619383
test_15808,0.6043017
test_15809,0.9999982
test_15810,0.04930106
test_15811,0.97152424
test_15812,0.00025342838
test_15813,0.9988853
test_15814,0.8687825
test_15815,0.0040739756
test_15816,0.9271753
test_15817,0.70556515
test_15818,0.021326654
test_15819,0.99995375
test_15820,0.003616146
test_15821,0.53465664
test_15822,0.9958356
test_15823,0.00030535602
test_15824,0.045166075
test_15825,0.00022574175
test_15826,0.00015852123
test_15827,0.9999701
test_15828,0.805745
test_15829,0.9111172
test_15830,8.91916e-06
test_15831,0.22079007
test_15832,0.9999993
test_15833,0.9886757
test_15834,0.11395066
test_15835,0.083957374
test_15836,0.99990416
test_15837,0.94436127
test_15838,0.0012629104
test_15839,0.99991477
test_15840,0.9986814
test_15841,0.006798386
test_15842,0.9999239
test_15843,0.58637136
test_15844,0.0134583125
test_15845,0.20184977
test_15846,0.39004284
test_15847,0.013983613
test_15848,0.022385906
test_15849,0.9368762
test_15850,0.21616106
test_15851,0.8973771
test_15852,0.00011769279
test_15853,0.95047164
test_15854,0.9361675
test_15855,0.9745116
test_15856,0.589713
test_15857,0.00018181693
test_15858,0.9400228
test_15859,0.9694896
test_15860,1.0619652e-07
test_15861,0.70673525
test_15862,0.16476089
test_15863,0.9433961
test_15864,0.99579585
test_15865,0.9992498
test_15866,0.9874746
test_15867,0.9999753
test_15868,0.8767941
test_15869,0.0041945893
test_15870,0.002626342
test_15871,0.64915824
test_15872,0.021436889
test_15873,0.00047744924
test_15874,0.44765696
test_15875,2.16129e-06
test_15876,0.016526155
test_15877,1.4705655e-08
test_15878,0.6392547
test_15879,0.5462713
test_15880,0.31234205
test_15881,5.413813e-06
test_15882,0.941946
test_15883,0.04316667
test_15884,1.0
test_15885,0.7534722
test_15886,0.0014917853
test_15887,0.9956578
test_15888,0.6243051
test_15889,0.5117195
test_15890,0.12947191
test_15891,0.7311301
test_15892,0.49326602
test_15893,0.06294303
test_15894,3.4779954e-05
test_15895,0.7825405
test_15896,0.98253775
test_15897,0.7875235
test_15898,0.99968284
test_15899,0.0081998035
test_15900,0.9707364
test_15901,0.7345797
test_15902,0.08174986
test_15903,0.62462664
test_15904,0.07675621
test_15905,0.9004196
test_15906,9.988052e-06
test_15907,0.9967114
test_15908,1.9704672e-07
test_15909,0.9910215
test_15910,0.9242172
test_15911,0.12134244
test_15912,0.97386885
test_15913,0.99911284
test_15914,0.9501925
test_15915,0.0005952531
test_15916,0.20409498
test_15917,0.009180687
test_15918,1.4705655e-08
test_15919,0.639323
test_15920,0.31617668
test_15921,0.9765854
test_15922,0.019562542
test_15923,0.5896819
test_15924,0.31734946
test_15925,0.34417495
test_15926,0.99988747
test_15927,0.9999555
test_15928,0.8397713
test_15929,0.99976075
test_15930,0.06841854
test_15931,0.16940473
test_15932,0.99770105
test_15933,0.9781393
test_15934,0.07271478
test_15935,0.999997
test_15936,0.15831196
test_15937,0.95323354
test_15938,0.98651576
test_15939,0.99783313
test_15940,0.6327947
test_15941,0.98025167
test_15942,1.4705655e-08
test_15943,0.9806546
test_15944,0.01592477
test_15945,0.96794665
test_15946,0.1390264
test_15947,0.22651877
test_15948,0.97238374
test_15949,0.9960215
test_15950,0.18066634
test_15951,0.00017532478
test_15952,0.99116683
test_15953,0.022517364
test_15954,0.99997705
test_15955,0.00012340452
test_15956,0.01725935
test_15957,0.012644789
test_15958,0.9971287
test_15959,0.9999739
test_15960,0.93034387
test_15961,0.9826528
test_15962,0.6567321
test_15963,0.50576663
test_15964,0.9707967
test_15965,0.00076051743
test_15966,0.61961514
test_15967,0.0024423767
test_15968,0.0016285973
test_15969,0.12797508
test_15970,0.74314165
test_15971,1.4705655e-08
test_15972,0.0012967072
test_15973,0.0939025
test_15974,0.01577631
test_15975,0.18825217
test_15976,0.12631856
test_15977,0.46227404
test_15978,0.8718508
test_15979,0.80934525
test_15980,0.2593446
test_15981,0.9999058
test_15982,0.0005095517
test_15983,0.9999893
test_15984,0.45463482
test_15985,1.6040869e-07
test_15986,0.19434616
test_15987,8.249583e-07
test_15988,0.51763445
test_15989,0.02366114
test_15990,0.71572304
test_15991,0.9515196
test_15992,0.0004680735
test_15993,0.9999983
test_15994,1.5318837e-07
test_15995,0.4973496
test_15996,0.59440494
test_15997,0.17049873
test_15998,0.18709996
test_15999,0.99994
test_16000,3.644337e-05
test_16001,0.0067745754
test_16002,0.104858
test_16003,0.14544535
test_16004,0.010099831
test_16005,0.25073683
test_16006,0.75849915
test_16007,0.7068928
test_16008,0.46801955
test_16009,0.20450827
test_16010,0.31982386
test_16011,0.004908355
test_16012,0.002447362
test_16013,0.25759417
test_16014,4.8363006e-05
test_16015,0.010619175
test_16016,0.5726522
test_16017,0.5138525
test_16018,0.99997926
test_16019,1.5124881e-07
test_16020,0.9775981
test_16021,0.99973077
test_16022,0.99931204
test_16023,0.66000175
test_16024,0.0010000347
test_16025,0.38202187
test_16026,0.9728861
test_16027,0.9952714
test_16028,0.007984536
test_16029,1.9576642e-06
test_16030,0.0024286108
test_16031,0.18256268
test_16032,0.9552358
test_16033,2.186444e-05
test_16034,1.0
test_16035,0.015552584
test_16036,4.803256e-08
test_16037,0.0011918824
test_16038,0.0005057832
test_16039,0.10547707
test_16040,0.0006677661
test_16041,0.99936914
test_16042,0.93252206
test_16043,0.96781176
test_16044,0.9980732
test_16045,0.8228456
test_16046,0.7206322
test_16047,0.60945034
test_16048,0.9649334
test_16049,0.000119232136
test_16050,0.45924553
test_16051,0.92799115
test_16052,9.270952e-05
test_16053,0.8240212
test_16054,1.4347547e-06
test_16055,4.3366737e-05
test_16056,0.75220233
test_16057,0.9064636
test_16058,0.54316974
test_16059,0.9999995
test_16060,0.73396224
test_16061,0.99992293
test_16062,0.20986156
test_16063,0.9940795
test_16064,0.44283926
test_16065,0.61600673
test_16066,0.9697951
test_16067,0.9998957
test_16068,0.029695645
test_16069,0.1349094
test_16070,0.76296127
test_16071,0.9114002
test_16072,0.66343695
test_16073,0.00012042461
test_16074,0.40105835
test_16075,0.25163975
test_16076,0.6335034
test_16077,0.70503783
test_16078,0.74937534
test_16079,0.75349414
test_16080,0.9998239
test_16081,0.9278754
test_16082,0.4045678
test_16083,0.0449062
test_16084,1.932171e-05
test_16085,0.022700492
test_16086,0.9839885
test_16087,0.6243609
test_16088,0.97943664
test_16089,0.0059078312
test_16090,0.31977788
test_16091,0.79920006
test_16092,0.008361572
test_16093,0.328704
test_16094,0.9955547
test_16095,0.9941667
test_16096,0.9942148
test_16097,0.012681735
test_16098,0.13006654
test_16099,0.7344121
test_16100,0.0004942473
test_16101,0.033230737
test_16102,0.99919415
test_16103,0.42380288
test_16104,0.27468964
test_16105,0.020712769
test_16106,0.97703695
test_16107,0.9989124
test_16108,0.09631293
test_16109,0.99969137
test_16110,0.007016893
test_16111,0.7314271
test_16112,0.9999932
test_16113,0.9833935
test_16114,0.9771817
test_16115,0.0016682278
test_16116,0.090707906
test_16117,0.99802065
test_16118,0.89132214
test_16119,0.5574532
test_16120,4.8990834e-05
test_16121,0.99974763
test_16122,0.004517861
test_16123,0.9981426
test_16124,0.51460534
test_16125,0.98491013
test_16126,0.76364625
test_16127,0.590648
test_16128,0.81040317
test_16129,0.03681476
test_16130,0.94635856
test_16131,0.87786055
test_16132,0.8866766
test_16133,0.002175125
test_16134,0.9899237
test_16135,0.99993336
test_16136,0.9815645
test_16137,0.6940088
test_16138,0.34816405
test_16139,0.971154
test_16140,0.62441564
test_16141,0.0015373135
test_16142,0.2139368
test_16143,0.80917597
test_16144,0.76854193
test_16145,0.35817972
test_16146,4.5638984e-08
test_16147,0.036811657
test_16148,0.78502333
test_16149,0.14689359
test_16150,0.65280724
test_16151,0.8414648
test_16152,0.0036549151
test_16153,0.99995434
test_16154,0.05607898
test_16155,0.99790215
test_16156,0.99320745
test_16157,0.00015015161
test_16158,0.0065697683
test_16159,0.44834352
test_16160,0.30681998
test_16161,0.99018455
test_16162,0.9952089
test_16163,4.978051e-05
test_16164,0.18790941
test_16165,0.5174172
test_16166,4.3246564e-05
test_16167,0.4554601
test_16168,3.050279e-06
test_16169,0.8340514
test_16170,0.8079006
test_16171,0.014236366
test_16172,0.00014752318
test_16173,0.9845931
test_16174,0.0025961562
test_16175,0.9392351
test_16176,0.8890755
test_16177,0.019219542
test_16178,1.4142401e-05
test_16179,0.0001363435
test_16180,0.010945368
test_16181,0.9993814
test_16182,6.804388e-05
test_16183,9.073464e-05
test_16184,0.98686045
test_16185,0.99997854
test_16186,0.15697432
test_16187,0.0049389265
test_16188,0.093353726
test_16189,0.7888813
test_16190,0.15697059
test_16191,0.271099
test_16192,0.9917836
test_16193,0.9592258
test_16194,0.004827722
test_16195,0.9416187
test_16196,0.08032881
test_16197,0.99989825
test_16198,5.7115026e-06
test_16199,0.42129335
test_16200,0.16087888
test_16201,2.9284215e-06
test_16202,0.99445134
test_16203,0.9454459
test_16204,0.99547476
test_16205,0.96314555
test_16206,0.999864
test_16207,0.9234607
test_16208,0.08277061
test_16209,0.23891896
test_16210,0.98158073
test_16211,0.43258446
test_16212,0.99926746
test_16213,0.4996475
test_16214,2.5974487e-06
test_16215,0.27511388
test_16216,0.8701209
test_16217,0.03824368
test_16218,0.8772105
test_16219,0.9427239
test_16220,0.99993646
test_16221,0.83226895
test_16222,0.90867925
test_16223,0.87274355
test_16224,0.99794334
test_16225,0.9703135
test_16226,0.67719036
test_16227,0.2281901
test_16228,0.6953912
test_16229,0.8518187
test_16230,0.983762
test_16231,0.9795755
test_16232,0.0039228112
test_16233,0.047371298
test_16234,0.6640831
test_16235,0.9921402
test_16236,0.025601495
test_16237,0.9978938
test_16238,0.0031071461
test_16239,0.26779068
test_16240,0.882094
test_16241,8.51788e-05
test_16242,0.21419273
test_16243,0.8334049
test_16244,0.4113332
test_16245,0.96817577
test_16246,0.9809004
test_16247,1.8480373e-06
test_16248,0.99469006
test_16249,0.0009668029
test_16250,0.9999994
test_16251,0.9996364
test_16252,0.0025910595
test_16253,0.64382887
test_16254,0.31437165
test_16255,0.23095834
test_16256,0.0943801
test_16257,0.58798146
test_16258,0.5092546
test_16259,0.9999894
test_16260,0.25184286
test_16261,0.9651256
test_16262,0.9998319
test_16263,0.066785455
test_16264,0.004192145
test_16265,0.99944353
test_16266,0.9568476
test_16267,0.78960705
test_16268,0.9999976
test_16269,1.3381747e-06
test_16270,0.8899257
test_16271,0.9987086
test_16272,0.99227786
test_16273,0.9963683
test_16274,0.99999684
test_16275,4.2303265e-07
test_16276,0.000110465924
test_16277,0.99999994
test_16278,0.37854806
test_16279,5.604087e-05
test_16280,0.5343517
test_16281,0.8880248
test_16282,0.99845773
test_16283,0.0003794103
test_16284,0.40596718
test_16285,0.9469599
test_16286,0.8034857
test_16287,0.9997474
test_16288,0.0024192792
test_16289,0.78610504
test_16290,0.21096778
test_16291,0.7361447
test_16292,0.40710172
test_16293,0.7672025
test_16294,0.067568965
test_16295,0.892734
test_16296,0.0031438207
test_16297,0.99973315
test_16298,0.90180284
test_16299,0.7301034
test_16300,0.003394765
test_16301,0.0016369938
test_16302,0.10148464
test_16303,0.97905254
test_16304,0.012182459
test_16305,0.9999961
test_16306,0.9526057
test_16307,0.9998147
test_16308,0.99792004
test_16309,0.89747703
test_16310,0.008544129
test_16311,0.9457809
test_16312,0.004162364
test_16313,2.5280711e-05
test_16314,0.41106617
test_16315,0.1329623
test_16316,0.56873745
test_16317,0.94448066
test_16318,0.99931455
test_16319,0.0026278947
test_16320,0.585183
test_16321,0.52818406
test_16322,0.0016502829
test_16323,4.7410984e-05
test_16324,0.52193534
test_16325,0.12366958
test_16326,0.9665156
test_16327,0.06825922
test_16328,0.012957711
test_16329,0.0059993872
test_16330,0.75828826
test_16331,0.010348303
test_16332,0.72597367
test_16333,0.025578443
test_16334,0.99933153
test_16335,0.999995
test_16336,0.11391748
test_16337,0.283539
test_16338,0.9985168
test_16339,0.8388916
test_16340,0.9839028
test_16341,0.999882
test_16342,0.662542
test_16343,0.5349599
test_16344,0.7147352
test_16345,0.007436896
test_16346,0.6390245
test_16347,0.00022461567
test_16348,0.98537517
test_16349,0.99983215
test_16350,0.21284147
test_16351,0.8168286
test_16352,1.8960533e-08
test_16353,0.95615435
test_16354,0.24305943
test_16355,0.99961865
test_16356,0.31526035
test_16357,0.65537274
test_16358,0.41476417
test_16359,0.9983264
test_16360,0.06679005
test_16361,5.0797826e-05
test_16362,0.9154661
test_16363,0.9710135
test_16364,0.2680288
test_16365,0.9912225
test_16366,0.25185567
test_16367,0.88859594
test_16368,2.9577413e-06
test_16369,0.24096808
test_16370,0.008713783
test_16371,0.994042
test_16372,0.9999627
test_16373,0.0733982
test_16374,0.052871067
test_16375,0.99908686
test_16376,0.9818693
test_16377,0.8891295
test_16378,0.26051503
test_16379,0.05415157
test_16380,0.005365646
test_16381,0.05770984
test_16382,0.00034504724
test_16383,0.8779448
test_16384,0.9999722
test_16385,0.07880169
test_16386,0.91984785
test_16387,0.99899054
test_16388,0.93706286
test_16389,0.9997605
test_16390,0.9907457
test_16391,0.47830316
test_16392,0.9797361
test_16393,0.10514477
test_16394,0.4175918
test_16395,0.16741389
test_16396,0.99998987
test_16397,0.0065553053
test_16398,0.99672455
test_16399,5.95083e-06
test_16400,0.21598403
test_16401,0.21705407
test_16402,0.99934435
test_16403,0.9862032
test_16404,0.97923815
test_16405,0.0078018736
test_16406,0.012663098
test_16407,0.9914019
test_16408,0.25814027
test_16409,2.5861946e-05
test_16410,0.00020092895
test_16411,0.02411088
test_16412,0.001241527
test_16413,0.0009982911
test_16414,0.052660044
test_16415,0.9999378
test_16416,0.008772497
test_16417,0.13391906
test_16418,1.3114047e-07
test_16419,2.110916e-05
test_16420,1.4705655e-08
test_16421,0.95854294
test_16422,0.7819134
test_16423,0.9955817
test_16424,0.42787525
test_16425,0.09327522
test_16426,0.09162143
test_16427,0.13219053
test_16428,0.004041402
test_16429,0.99989504
test_16430,0.999997
test_16431,0.294752
test_16432,0.54813635
test_16433,0.0019225691
test_16434,0.0011190358
test_16435,0.040391315
test_16436,0.21007939
test_16437,0.8888405
test_16438,0.9654535
test_16439,0.99978805
test_16440,0.9997712
test_16441,0.01285851
test_16442,0.9708482
test_16443,0.016606273
test_16444,0.997168
test_16445,0.87133133
test_16446,1.4705655e-08
test_16447,0.9980547
test_16448,0.07877812
test_16449,0.9999982
test_16450,0.44042492
test_16451,0.13906175
test_16452,1.8995343e-06
test_16453,0.60651326
test_16454,8.2648846e-08
test_16455,0.9988924
test_16456,0.64637595
test_16457,0.07629074
test_16458,0.23637088
test_16459,0.52399015
test_16460,0.20257859
test_16461,0.8853941
test_16462,0.8198502
test_16463,0.9665141
test_16464,0.7277385
test_16465,0.5058811
test_16466,0.8394647
test_16467,0.99746644
test_16468,0.9405203
test_16469,0.99737453
test_16470,0.99994385
test_16471,0.0920569
test_16472,0.0034995084
test_16473,0.4936662
test_16474,0.16077054
test_16475,0.099492766
test_16476,0.0020693657
test_16477,0.39826578
test_16478,0.9999417
test_16479,0.5172168
test_16480,0.16769943
test_16481,0.00014530562
test_16482,0.16998936
test_16483,7.2384864e-05
test_16484,0.49493828
test_16485,0.038679425
test_16486,0.653511
test_16487,0.16604322
test_16488,0.057302233
test_16489,0.026944064
test_16490,0.9984542
test_16491,0.25376707
test_16492,0.0001496551
test_16493,0.043037347
test_16494,0.043547142
test_16495,0.9505868
test_16496,0.96527994
test_16497,0.00023035001
test_16498,0.0011281575
test_16499,0.0073919557
test_16500,0.45500278
test_16501,0.8377706
test_16502,0.0499345
test_16503,0.95194876
test_16504,1.7172987e-06
test_16505,0.9863313
test_16506,4.173482e-05
test_16507,0.54581606
test_16508,0.9998356
test_16509,0.75860244
test_16510,0.0022541082
test_16511,0.99998915
test_16512,0.052770946
test_16513,0.46180063
test_16514,1.5901819e-06
test_16515,0.9525946
test_16516,0.9084213
test_16517,0.041196547
test_16518,0.98757374
test_16519,0.9996278
test_16520,0.08227757
test_16521,0.48994988
test_16522,0.92807454
test_16523,0.97012186
test_16524,0.29311985
test_16525,0.03268157
test_16526,0.8583256
test_16527,0.0007875912
test_16528,0.09872389
test_16529,0.9566387
test_16530,0.37696916
test_16531,0.6234719
test_16532,0.94599855
test_16533,0.00095570745
test_16534,0.99953926
test_16535,0.99740046
test_16536,1.0526375e-05
test_16537,0.6165702
test_16538,0.9997052
test_16539,0.9424985
test_16540,3.418574e-05
test_16541,0.010702446
test_16542,0.9986423
test_16543,0.6352179
test_16544,0.20953731
test_16545,0.0015918913
test_16546,0.9047889
test_16547,0.7461238
test_16548,0.48278072
test_16549,0.1322766
test_16550,0.9996592
test_16551,0.998919
test_16552,0.99650633
test_16553,0.0010147549
test_16554,0.031254448
test_16555,0.75207835
test_16556,0.9090422
test_16557,0.9976462
test_16558,0.79828006
test_16559,0.9241125
test_16560,0.019435093
test_16561,0.987797
test_16562,0.01687802
test_16563,0.016082399
test_16564,0.9933501
test_16565,0.8195113
test_16566,1.9102179e-05
test_16567,0.9997413
test_16568,0.052825928
test_16569,0.0056700744
test_16570,0.59379375
test_16571,0.7221242
test_16572,0.5563928
test_16573,0.0013342624
test_16574,0.02577187
test_16575,0.13166611
test_16576,7.630062e-06
test_16577,0.02360393
test_16578,0.99998546
test_16579,0.046208434
test_16580,1.52072325e-05
test_16581,0.00017739409
test_16582,0.42773348
test_16583,0.98272693
test_16584,0.89768064
test_16585,1.4705655e-08
test_16586,0.33531004
test_16587,0.81920403
test_16588,0.0003481918
test_16589,0.6122904
test_16590,0.0054658083
test_16591,0.9999498
test_16592,0.003590013
test_16593,0.031698734
test_16594,0.0007107134
test_16595,0.41356438
test_16596,0.02396556
test_16597,0.9999584
test_16598,0.9748081
test_16599,0.359868
test_16600,0.90424407
test_16601,0.05688363
test_16602,0.9939753
test_16603,0.98785245
test_16604,0.9995723
test_16605,3.8376336e-05
test_16606,0.6510736
test_16607,0.11006083
test_16608,0.99965394
test_16609,0.98696774
test_16610,0.00067426264
test_16611,0.31521094
test_16612,0.099314496
test_16613,0.59982896
test_16614,0.8146937
test_16615,0.1482213
test_16616,4.2991902e-05
test_16617,0.01001006
test_16618,0.60422397
test_16619,0.005256072
test_16620,0.9998282
test_16621,0.9996644
test_16622,0.9497333
test_16623,0.47632495
test_16624,0.7431499
test_16625,0.009616691
test_16626,0.01900297
test_16627,7.407972e-07
test_16628,0.0019650927
test_16629,0.02625277
test_16630,0.0036626656
test_16631,0.00017085057
test_16632,0.8555882
test_16633,0.08889622
test_16634,0.9690492
test_16635,9.092776e-06
test_16636,0.9963771
test_16637,0.027310608
test_16638,0.9992491
test_16639,0.9713355
test_16640,0.51143926
test_16641,0.6047447
test_16642,0.9817943
test_16643,0.9999095
test_16644,0.99984664
test_16645,0.97596383
test_16646,0.9880579
test_16647,0.41605246
test_16648,0.42181757
test_16649,0.98284733
test_16650,0.011123116
test_16651,0.0022545545
test_16652,0.08652735
test_16653,0.99284434
test_16654,0.9593865
test_16655,1.697904e-05
test_16656,0.6298556
test_16657,0.9999157
test_16658,0.9966098
test_16659,0.07010585
test_16660,0.98796755
test_16661,0.0014527969
test_16662,0.74753356
test_16663,0.016473688
test_16664,0.9989011
test_16665,0.08672933
test_16666,0.9999408
test_16667,2.3411783e-05
test_16668,0.9974195
test_16669,0.0018099414
test_16670,0.168319
test_16671,0.38620615
test_16672,1.0
test_16673,0.013566143
test_16674,0.63106585
test_16675,0.737939
test_16676,0.76856905
test_16677,0.6122295
test_16678,0.7058376
test_16679,0.008693611
test_16680,0.15116411
test_16681,0.004496972
test_16682,0.9999628
test_16683,0.06405007
test_16684,0.32062948
test_16685,9.6616684e-05
test_16686,0.16716677
test_16687,0.98161656
test_16688,0.4158665
test_16689,0.5186437
test_16690,0.99999547
test_16691,0.007507601
test_16692,0.9902953
test_16693,0.032744695
test_16694,0.9981359
test_16695,0.04925245
test_16696,6.8066033e-06
test_16697,0.013101466
test_16698,0.943118
test_16699,0.12407863
test_16700,0.18589798
test_16701,0.005007233
test_16702,0.23554951
test_16703,0.99996465
test_16704,0.3171281
test_16705,0.41634274
test_16706,0.9958892
test_16707,0.52771163
test_16708,0.97480834
test_16709,0.9830598
test_16710,0.08749999
test_16711,0.21366057
test_16712,0.3620995
test_16713,0.13632154
test_16714,0.00069825543
test_16715,0.0017097521
test_16716,0.0004910218
test_16717,0.97979116
test_16718,0.0014235165
test_16719,0.24150428
test_16720,7.777499e-07
test_16721,0.9753604
test_16722,0.9996476
test_16723,0.9913994
test_16724,0.042945128
test_16725,0.18471876
test_16726,0.0038648467
test_16727,0.66833377
test_16728,0.0066204867
test_16729,0.6746514
test_16730,0.97831404
test_16731,0.010029709
test_16732,0.010004111
test_16733,0.026885184
test_16734,0.44280672
test_16735,0.024501266
test_16736,0.69409394
test_16737,0.99992883
test_16738,0.9995353
test_16739,0.9985317
test_16740,0.99999297
test_16741,0.0020192238
test_16742,0.24055989
test_16743,0.000632025
test_16744,0.9735447
test_16745,0.0024528669
test_16746,0.20697826
test_16747,0.8188298
test_16748,0.99986506
test_16749,0.51976246
test_16750,0.5882484
test_16751,0.9998914
test_16752,0.19971882
test_16753,1.0
test_16754,0.33517867
test_16755,0.0039907927
test_16756,0.98962945
test_16757,1.2809832e-07
test_16758,0.97876406
test_16759,0.23245652
test_16760,0.9889741
test_16761,0.99979496
test_16762,0.10977452
test_16763,0.87345624
test_16764,0.024313675
test_16765,0.99882764
test_16766,0.9999429
test_16767,0.11154539
test_16768,0.00048711695
test_16769,0.6490948
test_16770,0.22324623
test_16771,0.21839684
test_16772,8.6746906e-05
test_16773,0.30080062
test_16774,0.84372044
test_16775,0.2436136
test_16776,0.14697036
test_16777,0.36925933
test_16778,0.467631
test_16779,3.8495373e-06
test_16780,0.9987459
test_16781,0.9252267
test_16782,0.9999995
test_16783,0.99972427
test_16784,0.9987944
test_16785,0.97861433
test_16786,0.0004554968
test_16787,0.12527183
test_16788,0.8770832
test_16789,0.72144014
test_16790,0.3000352
test_16791,1.4705655e-08
test_16792,0.9571231
test_16793,0.061826974
test_16794,0.99992216
test_16795,0.0115092145
test_16796,0.5966127
test_16797,0.40196937
test_16798,0.32855427
test_16799,0.98208696
test_16800,0.91760635
test_16801,0.99999934
test_16802,0.9988099
test_16803,0.05838399
test_16804,0.997537
test_16805,0.9690175
test_16806,0.99946004
test_16807,0.32873407
test_16808,0.00022543289
test_16809,0.007909641
test_16810,0.00042657834
test_16811,0.3837945
test_16812,0.21041438
test_16813,0.0036940644
test_16814,0.25711572
test_16815,0.9874671
test_16816,1.4705655e-08
test_16817,0.99856484
test_16818,0.037645582
test_16819,0.99999726
test_16820,0.00061141344
test_16821,0.24295875
test_16822,0.99733055
test_16823,0.98827493
test_16824,0.98801
test_16825,0.026587468
test_16826,0.5740759
test_16827,0.13985436
test_16828,0.01315024
test_16829,0.021615442
test_16830,0.2556493
test_16831,0.99944687
test_16832,0.47095874
test_16833,0.33567065
test_16834,0.6863481
test_16835,0.99977577
test_16836,0.83811426
test_16837,0.99999356
test_16838,0.07780203
test_16839,0.50998545
test_16840,0.9864285
test_16841,0.99741626
test_16842,0.89812034
test_16843,0.018015422
test_16844,0.99879205
test_16845,0.0006715757
test_16846,5.684371e-05
test_16847,0.6814561
test_16848,0.97826904
test_16849,0.9999969
test_16850,0.015642814
test_16851,0.0782587
test_16852,0.3476272
test_16853,0.14225815
test_16854,0.02393949
test_16855,0.0010723962
test_16856,0.9644287
test_16857,0.996029
test_16858,0.2376261
test_16859,0.00019202012
test_16860,0.8191285
test_16861,0.18980539
test_16862,0.07698932
test_16863,0.9996779
test_16864,0.39466253
test_16865,0.09486973
test_16866,0.0652341
test_16867,0.4586667
test_16868,0.99997455
test_16869,0.63168967
test_16870,0.9998845
test_16871,0.99999976
test_16872,0.9999778
test_16873,0.0025862604
test_16874,0.351337
test_16875,0.4804299
test_16876,0.9440695
test_16877,0.6455294
test_16878,0.0031073461
test_16879,0.5531614
test_16880,0.08017081
test_16881,0.119556636
test_16882,0.4332859
test_16883,0.9999862
test_16884,0.99999744
test_16885,0.019119717
test_16886,0.9934163
test_16887,0.9973614
test_16888,0.81013584
test_16889,0.9960362
test_16890,0.96707314
test_16891,0.07800752
test_16892,0.99949074
test_16893,0.44997212
test_16894,0.5766049
test_16895,0.16532426
test_16896,0.29820472
test_16897,0.13681358
test_16898,0.0005643847
test_16899,0.30707717
test_16900,0.010252116
test_16901,0.0012993678
test_16902,0.26331392
test_16903,0.99999857
test_16904,0.99993813
test_16905,3.1305557e-05
test_16906,0.99813974
test_16907,0.38578603
test_16908,9.692019e-07
test_16909,0.9798308
test_16910,0.34155682
test_16911,0.12542209
test_16912,0.4055377
test_16913,0.7778015
test_16914,0.048553035
test_16915,0.9999088
test_16916,0.99999595
test_16917,0.00031507586
test_16918,0.9992257
test_16919,0.00010272579
test_16920,0.9532204
test_16921,0.64438534
test_16922,0.5112242
test_16923,0.000901597
test_16924,0.7726184
test_16925,0.9917383
test_16926,0.19410855
test_16927,0.19495654
test_16928,0.31901014
test_16929,0.0049947137
test_16930,0.046902522
test_16931,0.82388425
test_16932,0.048262354
test_16933,0.9620168
test_16934,0.8634465
test_16935,0.9772564
test_16936,0.9191052
test_16937,0.5905632
test_16938,0.43842167
test_16939,0.24098295
test_16940,0.9999973
test_16941,0.9402679
test_16942,0.99940145
test_16943,0.8681332
test_16944,6.64171e-06
test_16945,9.430396e-06
test_16946,0.9710386
test_16947,4.6283738e-05
test_16948,0.95569015
test_16949,0.87133014
test_16950,0.967731
test_16951,0.99997574
test_16952,0.9896835
test_16953,0.99729323
test_16954,0.00062899763
test_16955,0.8696003
test_16956,0.054572277
test_16957,0.45739746
test_16958,0.9997692
test_16959,0.32951826
test_16960,0.9999988
test_16961,0.031475488
test_16962,0.6237021
test_16963,0.9645724
test_16964,0.18035758
test_16965,0.72875756
test_16966,0.00019644295
test_16967,0.16825467
test_16968,1.3982095e-05
test_16969,0.5545722
test_16970,0.13988857
test_16971,0.90378857
test_16972,0.0314719
test_16973,0.9275097
test_16974,0.7696636
test_16975,0.6198984
test_16976,0.88633907
test_16977,0.15793741
test_16978,0.45990953
test_16979,0.29633176
test_16980,0.9144609
test_16981,0.8564006
test_16982,0.07417369
test_16983,0.9544163
test_16984,0.0021866446
test_16985,1.4705655e-08
test_16986,0.4065513
test_16987,0.00011870853
test_16988,0.00021113483
test_16989,0.00042874803
test_16990,0.026406502
test_16991,0.06326652
test_16992,0.40961665
test_16993,0.024324708
test_16994,0.058706727
test_16995,0.4206477
test_16996,0.42880577
test_16997,0.93349946
test_16998,0.04013379
test_16999,0.99289745
test_17000,0.062345024
test_17001,0.58457613
test_17002,0.6167361
test_17003,0.0002772357
test_17004,0.9999207
test_17005,0.6706508
test_17006,0.29802954
test_17007,0.48130983
test_17008,0.7680814
test_17009,2.3127034e-06
test_17010,3.9263938e-07
test_17011,0.24557129
test_17012,0.950958
test_17013,0.4790875
test_17014,0.043215357
test_17015,0.39127144
test_17016,0.13520758
test_17017,0.9707005
test_17018,0.23591341
test_17019,4.688086e-06
test_17020,0.9836607
test_17021,0.9601946
test_17022,0.014386009
test_17023,0.18651754
test_17024,0.8449427
test_17025,0.13874392
test_17026,0.1768031
test_17027,0.99959016
test_17028,0.981102
test_17029,0.8248058
test_17030,0.9998172
test_17031,0.1920662
test_17032,0.61101454
test_17033,0.91790724
test_17034,0.0012487359
test_17035,0.5459905
test_17036,0.99996805
test_17037,1.3605701e-06
test_17038,0.3754866
test_17039,0.00050688063
test_17040,0.14011033
test_17041,0.3250208
test_17042,0.67192566
test_17043,0.0522934
test_17044,0.4780977
test_17045,0.038335904
test_17046,0.9919621
test_17047,0.9766058
test_17048,0.4550695
test_17049,0.9993832
test_17050,0.280163
test_17051,0.68393815
test_17052,0.00032499072
test_17053,0.038182292
test_17054,0.9511459
test_17055,0.0014874814
test_17056,0.9999747
test_17057,0.9999682
test_17058,0.08758993
test_17059,6.67676e-06
test_17060,0.016218387
test_17061,0.0024306644
test_17062,0.99931383
test_17063,0.9211841
test_17064,0.0011123649
test_17065,0.7506398
test_17066,0.47185558
test_17067,0.9728825
test_17068,0.00014313053
test_17069,0.872109
test_17070,8.017522e-07
test_17071,0.9161818
test_17072,0.9512093
test_17073,0.0044801855
test_17074,0.74606985
test_17075,0.91520417
test_17076,0.00030675766
test_17077,0.59549034
test_17078,0.96261
test_17079,0.9999924
test_17080,0.9853759
test_17081,0.0041557774
test_17082,0.999939
test_17083,0.3104443
test_17084,0.0001599634
test_17085,0.0001883212
test_17086,0.5731472
test_17087,0.92240113
test_17088,0.49400815
test_17089,0.06784019
test_17090,0.19349588
test_17091,0.0014902237
test_17092,0.19743522
test_17093,0.9449017
test_17094,0.44184846
test_17095,0.9999963
test_17096,0.6762854
test_17097,0.9365202
test_17098,0.7701688
test_17099,0.9999338
test_17100,0.002009172
test_17101,0.054313608
test_17102,0.99904
test_17103,0.0044383854
test_17104,0.58414376
test_17105,0.99187267
test_17106,0.9997792
test_17107,0.004999497
test_17108,0.18893905
test_17109,0.9548451
test_17110,0.77149916
test_17111,0.5411117
test_17112,0.3695442
test_17113,0.99961114
test_17114,0.9902305
test_17115,0.20511517
test_17116,0.9791254
test_17117,0.014576324
test_17118,0.7447591
test_17119,0.8002018
test_17120,0.7585931
test_17121,0.72248757
test_17122,0.9299377
test_17123,0.023093032
test_17124,0.0008050919
test_17125,0.9926714
test_17126,0.87731016
test_17127,1.4705655e-08
test_17128,0.2152374
test_17129,0.99996126
test_17130,0.87812126
test_17131,0.05241703
test_17132,0.28901434
test_17133,5.240862e-05
test_17134,0.0001369149
test_17135,0.0047364067
test_17136,0.9999783
test_17137,0.5043534
test_17138,0.38449106
test_17139,0.102746315
test_17140,0.0023100346
test_17141,0.8331816
test_17142,0.9978311
test_17143,0.46451965
test_17144,0.24554881
test_17145,0.089432575
test_17146,0.9999211
test_17147,0.72075516
test_17148,0.0006683136
test_17149,0.63505733
test_17150,0.34878343
test_17151,0.98589706
test_17152,0.0798265
test_17153,2.9186547e-05
test_17154,0.27246955
test_17155,0.01720536
test_17156,0.00011095786
test_17157,0.9973984
test_17158,0.5787227
test_17159,3.477285e-05
test_17160,0.9540632
test_17161,0.9869194
test_17162,0.00061334285
test_17163,0.5500863
test_17164,0.9968027
test_17165,0.6652207
test_17166,1.4705655e-08
test_17167,0.045504145
test_17168,0.734262
test_17169,0.9999851
test_17170,0.4268016
test_17171,0.00038946097
test_17172,0.9774941
test_17173,0.981987
test_17174,0.8714504
test_17175,0.17625394
test_17176,0.114304855
test_17177,0.9989366
test_17178,0.6147516
test_17179,0.34387645
test_17180,0.77604425
test_17181,0.78761256
test_17182,0.15452535
test_17183,0.6098067
test_17184,0.6904127
test_17185,0.99880815
test_17186,0.5964684
test_17187,0.8681813
test_17188,0.23197587
test_17189,0.0005722692
test_17190,0.0002590188
test_17191,0.117631875
test_17192,0.37219438
test_17193,0.00019126086
test_17194,0.87586874
test_17195,0.16925079
test_17196,0.24526343
test_17197,0.26917323
test_17198,0.01779922
test_17199,0.0001336796
test_17200,0.98854864
test_17201,0.03315366
test_17202,0.0005623812
test_17203,0.99999994
test_17204,0.999848
test_17205,0.05431181
test_17206,0.9988112
test_17207,0.0056504635
test_17208,0.9998405
test_17209,0.27958116
test_17210,0.48867813
test_17211,0.0007370971
test_17212,0.99984086
test_17213,0.3657471
test_17214,0.84528935
test_17215,0.99752223
test_17216,0.14425746
test_17217,0.15861125
test_17218,6.934862e-06
test_17219,0.020708386
test_17220,0.01306212
test_17221,0.00075720606
test_17222,0.99973464
test_17223,0.0010676346
test_17224,0.02463242
test_17225,0.22792776
test_17226,0.013237261
test_17227,0.9517182
test_17228,0.88986087
test_17229,0.99773705
test_17230,0.99643874
test_17231,0.92501974
test_17232,4.4413555e-05
test_17233,0.00016117845
test_17234,0.21322559
test_17235,0.9999984
test_17236,0.024413723
test_17237,0.6557653
test_17238,0.38742357
test_17239,0.40219742
test_17240,0.11686195
test_17241,0.2048449
test_17242,0.9985987
test_17243,0.00037309056
test_17244,0.78105605
test_17245,0.008723371
test_17246,0.37007686
test_17247,0.03491278
test_17248,0.0057070036
test_17249,0.52411145
test_17250,0.1094622
test_17251,0.73909974
test_17252,0.7360218
test_17253,0.57504207
test_17254,0.010070875
test_17255,0.99208844
test_17256,0.0032342172
test_17257,0.008231861
test_17258,0.75087583
test_17259,0.99979377
test_17260,0.021693708
test_17261,0.5892602
test_17262,0.5942832
test_17263,0.6838561
test_17264,0.99999595
test_17265,0.9151072
test_17266,2.9505964e-07
test_17267,0.3187698
test_17268,0.29305345
test_17269,0.10399391
test_17270,0.95824516
test_17271,0.2577796
test_17272,0.6095123
test_17273,0.9361716
test_17274,0.39230475
test_17275,0.58072364
test_17276,0.4998706
test_17277,0.89162064
test_17278,0.0010042287
test_17279,0.013841537
test_17280,0.6397386
test_17281,0.017118
test_17282,0.22374362
test_17283,4.514818e-06
test_17284,0.96135265
test_17285,0.99452424
test_17286,0.99998605
test_17287,0.00018951717
test_17288,0.23698455
test_17289,0.27476948
test_17290,0.00010032277
test_17291,0.7972994
test_17292,0.9984431
test_17293,0.0460402
test_17294,0.5985148
test_17295,0.45438373
test_17296,0.9436807
test_17297,0.58730733
test_17298,0.24894953
test_17299,0.422965
test_17300,0.15970339
test_17301,0.95793676
test_17302,0.021179363
test_17303,1.3391494e-07
test_17304,0.002833255
test_17305,0.970988
test_17306,0.9067944
test_17307,0.9451778
test_17308,0.89287037
test_17309,2.219159e-06
test_17310,0.9976949
test_17311,0.006037724
test_17312,0.75249755
test_17313,0.8860979
test_17314,0.70741177
test_17315,0.20305467
test_17316,0.0004779716
test_17317,0.6424537
test_17318,0.73501027
test_17319,0.9938853
test_17320,1.0
test_17321,0.97404814
test_17322,0.051642362
test_17323,0.5507842
test_17324,0.017001793
test_17325,0.21222663
test_17326,0.63400316
test_17327,0.0073051145
test_17328,0.50333774
test_17329,0.0017351971
test_17330,2.9162968e-06
test_17331,0.9604757
test_17332,0.79851556
test_17333,0.20212634
test_17334,0.00034966037
test_17335,0.9172019
test_17336,0.28705752
test_17337,0.0095530925
test_17338,0.99809563
test_17339,0.023840725
test_17340,0.023069207
test_17341,5.0953287e-07
test_17342,0.06256959
test_17343,0.02091671
test_17344,0.99971545
test_17345,0.98678917
test_17346,0.9826102
test_17347,0.10438134
test_17348,0.9959229
test_17349,7.908179e-05
test_17350,0.14370826
test_17351,0.9982234
test_17352,0.9956329
test_17353,0.9998659
test_17354,0.68999785
test_17355,4.3670483e-05
test_17356,0.4535832
test_17357,0.5495421
test_17358,0.42639428
test_17359,0.92877316
test_17360,0.9985901
test_17361,0.9927233
test_17362,0.070197366
test_17363,0.22126335
test_17364,0.05322936
test_17365,0.01299338
test_17366,0.024547381
test_17367,0.9905367
test_17368,4.5549546e-05
test_17369,0.9599649
test_17370,0.80689454
test_17371,0.9643948
test_17372,0.598166
test_17373,0.14977378
test_17374,0.055132195
test_17375,0.011020959
test_17376,0.9049761
test_17377,0.115493156
test_17378,0.32045144
test_17379,0.9844933
test_17380,0.8927571
test_17381,4.6827762e-07
test_17382,0.71153235
test_17383,0.9503958
test_17384,0.48309958
test_17385,0.0021839216
test_17386,6.8642817e-06
test_17387,0.8018513
test_17388,0.0018612396
test_17389,0.039772946
test_17390,0.10349294
test_17391,0.00072871166
test_17392,0.00020743322
test_17393,0.61351955
test_17394,0.000496496
test_17395,0.08273469
test_17396,0.860871
test_17397,0.086414516
test_17398,0.055034757
test_17399,0.5568995
test_17400,5.5617165e-05
test_17401,0.9996516
test_17402,0.9767579
test_17403,0.94765747
test_17404,0.9992176
test_17405,0.8337434
test_17406,0.0022283047
test_17407,0.45528805
test_17408,0.00050403445
test_17409,0.15371907
test_17410,0.9999913
test_17411,0.99749565
test_17412,0.003215711
test_17413,0.812665
test_17414,0.010980049
test_17415,0.13395944
test_17416,0.9910713
test_17417,0.9993074
test_17418,0.29938877
test_17419,0.13391757
test_17420,0.99944353
test_17421,0.4958913
test_17422,0.61947346
test_17423,0.9433419
test_17424,0.00054005353
test_17425,0.5945202
test_17426,0.924332
test_17427,0.9991592
test_17428,0.012804918
test_17429,0.061682016
test_17430,0.98688924
test_17431,0.00015311218
test_17432,0.49568543
test_17433,0.11256413
test_17434,0.7668562
test_17435,0.8079926
test_17436,0.30919707
test_17437,0.00049509376
test_17438,0.99612755
test_17439,8.470539e-05
test_17440,0.023674075
test_17441,0.9981984
test_17442,2.397099e-06
test_17443,0.8990935
test_17444,0.0009942501
test_17445,0.0001906808
test_17446,0.9950861
test_17447,0.40163365
test_17448,0.42677882
test_17449,0.37114897
test_17450,0.0023124337
test_17451,0.09614749
test_17452,0.0011575341
test_17453,0.99992216
test_17454,0.9125433
test_17455,0.30720788
test_17456,0.872058
test_17457,0.36433834
test_17458,0.37572357
test_17459,0.10560885
test_17460,0.60507834
test_17461,0.43640745
test_17462,0.29097378
test_17463,0.00030277338
test_17464,0.006421724
test_17465,1.173632e-06
test_17466,0.72331357
test_17467,0.99733937
test_17468,1.0
test_17469,0.0019225333
test_17470,0.44839174
test_17471,0.517182
test_17472,0.9752629
test_17473,1.0
test_17474,0.99999917
test_17475,0.3629044
test_17476,0.66272235
test_17477,0.21311194
test_17478,0.7198391
test_17479,0.0028051164
test_17480,0.9811443
test_17481,0.15379336
test_17482,0.9808903
test_17483,0.008427021
test_17484,0.00045817555
test_17485,0.9097764
test_17486,0.09663094
test_17487,0.7374767
test_17488,0.4228512
test_17489,0.9985811
test_17490,0.023991283
test_17491,0.9760927
test_17492,0.00029926398
test_17493,0.99955714
test_17494,0.7310684
test_17495,0.0048122974
test_17496,0.31995723
test_17497,0.005406169
test_17498,0.39133555
test_17499,0.99962294
test_17500,0.0003201489
test_17501,0.27126414
test_17502,0.00030011643
test_17503,0.9960135
test_17504,0.050373554
test_17505,0.07447706
test_17506,1.4340734e-05
test_17507,0.99977666
test_17508,0.9999994
test_17509,0.9978567
test_17510,2.0217417e-06
test_17511,0.99786055
test_17512,0.28822595
test_17513,0.58531713
test_17514,0.99973345
test_17515,0.99521184
test_17516,1.5118703e-08
test_17517,0.5563729
test_17518,0.05308452
test_17519,0.03433331
test_17520,0.1398952
test_17521,0.9998523
test_17522,0.8391321
test_17523,0.0031087473
test_17524,0.94232225
test_17525,0.9551221
test_17526,0.99794763
test_17527,0.0078101214
test_17528,0.89004314
test_17529,0.75552535
test_17530,0.9863579
test_17531,0.08592454
test_17532,0.16167514
test_17533,0.9994422
test_17534,0.85121596
test_17535,0.9714584
test_17536,0.99063945
test_17537,0.64512545
test_17538,0.99211955
test_17539,0.0645916
test_17540,0.0018678417
test_17541,0.998348
test_17542,0.91387665
test_17543,0.9995694
test_17544,0.62926376
test_17545,0.4122905
test_17546,0.99991685
test_17547,0.039607648
test_17548,0.99130666
test_17549,0.0001736278
test_17550,0.57150996
test_17551,0.16734739
test_17552,0.9999999
test_17553,0.30000943
test_17554,0.5467528
test_17555,4.334929e-05
test_17556,0.0005092968
test_17557,0.99947464
test_17558,0.99802625
test_17559,0.99905753
test_17560,0.005664573
test_17561,0.13056833
test_17562,0.0014294465
test_17563,0.04229251
test_17564,0.008150369
test_17565,6.90077e-06
test_17566,0.053726133
test_17567,0.9058438
test_17568,0.857905
test_17569,0.0029285154
test_17570,0.50696576
test_17571,0.061592825
test_17572,0.9986993
test_17573,0.7175776
test_17574,0.15117939
test_17575,0.0052298224
test_17576,0.36328417
test_17577,0.9968233
test_17578,4.5782643e-05
test_17579,0.12256099
test_17580,0.22560579
test_17581,0.04292014
test_17582,0.93424356
test_17583,0.42257127
test_17584,0.8703348
test_17585,0.8166139
test_17586,7.1913228e-06
test_17587,0.00015063926
test_17588,0.035647515
test_17589,0.87129474
test_17590,0.00191484
test_17591,0.9763758
test_17592,0.51169264
test_17593,0.99929315
test_17594,0.00015489418
test_17595,0.88192177
test_17596,0.997226
test_17597,0.3514228
test_17598,0.21237662
test_17599,0.99998206
test_17600,0.26904246
test_17601,0.0073565915
test_17602,0.33231843
test_17603,0.14174111
test_17604,0.012986571
test_17605,0.00010595575
test_17606,0.04265246
test_17607,0.057121046
test_17608,0.13828072
test_17609,0.9999969
test_17610,0.601998
test_17611,0.999427
test_17612,0.3335567
test_17613,0.030300586
test_17614,0.85892916
test_17615,4.8018446e-05
test_17616,0.48862332
test_17617,0.010560915
test_17618,0.0023047202
test_17619,0.9996052
test_17620,0.74604785
test_17621,0.03647808
test_17622,0.004330919
test_17623,0.119552135
test_17624,0.99107337
test_17625,0.99999744
test_17626,6.807398e-05
test_17627,0.9718822
test_17628,0.460502
test_17629,0.7774108
test_17630,0.98378336
test_17631,0.96043843
test_17632,0.60784256
test_17633,0.99843156
test_17634,1.9167568e-05
test_17635,0.6611847
test_17636,0.33975324
test_17637,0.7404825
test_17638,0.65488434
test_17639,0.5613224
test_17640,0.82166934
test_17641,0.04328976
test_17642,0.7758263
test_17643,0.00018698929
test_17644,0.9028184
test_17645,0.9565238
test_17646,0.96650857
test_17647,0.0012268734
test_17648,0.46403775
test_17649,0.0017142196
test_17650,0.032916747
test_17651,0.8434134
test_17652,0.22700809
test_17653,0.93441415
test_17654,4.5966065e-08
test_17655,3.9708393e-05
test_17656,0.9999938
test_17657,0.94707704
test_17658,0.105748184
test_17659,0.008860223
test_17660,0.9968934
test_17661,0.83881825
test_17662,0.12196231
test_17663,0.4085155
test_17664,0.0053282655
test_17665,0.031804133
test_17666,0.0049224393
test_17667,0.99933606
test_17668,0.002710014
test_17669,0.3005544
test_17670,1.9351958e-07
test_17671,1.3904292e-05
test_17672,0.9988512
test_17673,0.089717045
test_17674,0.00017394242
test_17675,0.9998573
test_17676,0.9976864
test_17677,0.999884
test_17678,0.0063057053
test_17679,0.9927814
test_17680,0.000922216
test_17681,0.282646
test_17682,0.9391136
test_17683,0.4919318
test_17684,0.9999566
test_17685,0.9816584
test_17686,0.1524046
test_17687,0.024383752
test_17688,0.00014055535
test_17689,0.8895345
test_17690,0.4002051
test_17691,0.5259016
test_17692,0.7487495
test_17693,0.56115746
test_17694,0.53853816
test_17695,0.9999443
test_17696,1.0
test_17697,0.99982893
test_17698,0.3447922
test_17699,0.016373709
test_17700,0.08142662
test_17701,0.87185305
test_17702,0.00030465424
test_17703,0.08553532
test_17704,5.6143595e-06
test_17705,0.0009059293
test_17706,0.2787526
test_17707,0.12677565
test_17708,0.9997449
test_17709,0.6594428
test_17710,0.78656757
test_17711,0.42157906
test_17712,0.3798082
test_17713,0.09864914
test_17714,0.02045827
test_17715,0.48117724
test_17716,0.042034842
test_17717,0.99823934
test_17718,0.032807894
test_17719,0.3014845
test_17720,0.040201798
test_17721,0.24773169
test_17722,0.43193036
test_17723,0.5605701
test_17724,0.9866506
test_17725,0.00059963425
test_17726,0.8610722
test_17727,0.8918514
test_17728,0.99940026
test_17729,0.78587127
test_17730,0.99998903
test_17731,0.6018532
test_17732,0.987924
test_17733,1.0
test_17734,5.128482e-05
test_17735,0.47439837
test_17736,0.9999547
test_17737,0.0098905545
test_17738,0.3664167
test_17739,0.8698133
test_17740,0.24642958
test_17741,0.99993217
test_17742,0.0012241739
test_17743,0.99952996
test_17744,0.9997537
test_17745,3.918516e-06
test_17746,4.071349e-05
test_17747,0.014985229
test_17748,0.63083804
test_17749,0.9974443
test_17750,0.2050785
test_17751,0.55732185
test_17752,3.6301824e-06
test_17753,0.82139575
test_17754,0.39691222
test_17755,0.88114846
test_17756,0.0030075705
test_17757,0.55533236
test_17758,0.0005720716
test_17759,0.9859625
test_17760,0.6296743
test_17761,0.6237142
test_17762,0.06365548
test_17763,0.0006933731
test_17764,0.020239647
test_17765,0.9748187
test_17766,0.047948726
test_17767,0.08230281
test_17768,0.9596887
test_17769,3.132253e-07
test_17770,0.8201777
test_17771,0.29707098
test_17772,0.9025675
test_17773,0.01556517
test_17774,0.08237263
test_17775,0.07019594
test_17776,0.99881357
test_17777,2.9864177e-07
test_17778,0.109924845
test_17779,0.00046505954
test_17780,0.9997443
test_17781,0.021445626
test_17782,0.9972624
test_17783,4.9567495e-07
test_17784,0.017419014
test_17785,0.95103085
test_17786,0.76964873
test_17787,0.87537605
test_17788,0.83624893
test_17789,0.36282557
test_17790,8.7336455e-05
test_17791,0.9296099
test_17792,0.07198532
test_17793,0.11594592
test_17794,0.0048509873
test_17795,0.011755772
test_17796,0.94311273
test_17797,0.8602704
test_17798,0.06222823
test_17799,0.64239085
test_17800,0.38072953
test_17801,0.023140052
test_17802,0.29839233
test_17803,0.02780472
test_17804,0.87286735
test_17805,0.5065006
test_17806,0.99996763
test_17807,0.0029988014
test_17808,0.44502753
test_17809,0.1288309
test_17810,0.056046035
test_17811,0.33304673
test_17812,0.0023846198
test_17813,0.8101423
test_17814,0.8483784
test_17815,0.77725756
test_17816,0.97013485
test_17817,0.10795675
test_17818,0.0764025
test_17819,0.7050538
test_17820,0.016449232
test_17821,0.98977125
test_17822,0.021239214
test_17823,0.0001756425
test_17824,0.88260984
test_17825,0.039899584
test_17826,0.050688557
test_17827,0.8970628
test_17828,0.9983863
test_17829,0.5301521
test_17830,0.9720262
test_17831,0.0007124099
test_17832,0.5611931
test_17833,0.84618765
test_17834,0.08386202
test_17835,0.9186234
test_17836,0.50839996
test_17837,0.46580398
test_17838,0.5636854
test_17839,0.95112634
test_17840,0.80577254
test_17841,0.8634057
test_17842,0.7700731
test_17843,5.3352942e-05
test_17844,0.40864807
test_17845,0.7483474
test_17846,0.08614812
test_17847,0.9541218
test_17848,0.99846613
test_17849,2.694368e-05
test_17850,0.18557878
test_17851,0.45896462
test_17852,0.9752135
test_17853,0.1868494
test_17854,2.896127e-07
test_17855,0.0010426894
test_17856,0.9999582
test_17857,2.6484453e-05
test_17858,0.7911595
test_17859,0.97979593
test_17860,0.008729106
test_17861,0.9999779
test_17862,0.9999949
test_17863,0.0009415399
test_17864,0.54209244
test_17865,0.9453633
test_17866,0.01087801
test_17867,0.58813626
test_17868,0.3548314
test_17869,0.012942803
test_17870,0.6654573
test_17871,0.7864506
test_17872,0.71555305
test_17873,0.9999892
test_17874,0.27055693
test_17875,0.98402536
test_17876,0.12791568
test_17877,0.000101668586
test_17878,0.2368515
test_17879,0.9989772
test_17880,0.115173556
test_17881,0.38291243
test_17882,0.013051651
test_17883,0.72121453
test_17884,0.6570646
test_17885,0.99821925
test_17886,3.1099967e-07
test_17887,0.9996915
test_17888,0.041985672
test_17889,0.99984884
test_17890,0.9845521
test_17891,0.9090533
test_17892,0.9934763
test_17893,0.9999467
test_17894,0.9438338
test_17895,0.43717325
test_17896,0.85904855
test_17897,0.0024557067
test_17898,0.70004475
test_17899,0.0012298472
test_17900,0.83651954
test_17901,0.0007512983
test_17902,0.35100552
test_17903,0.9999563
test_17904,0.9913158
test_17905,0.15198046
test_17906,0.99300236
test_17907,0.40995628
test_17908,0.085762694
test_17909,0.9994843
test_17910,0.0009158309
test_17911,1.2215398e-07
test_17912,0.99981225
test_17913,0.34300676
test_17914,0.03919281
test_17915,0.9336283
test_17916,0.1326433
test_17917,0.07219351
test_17918,0.01182079
test_17919,0.00023112277
test_17920,0.54036176
test_17921,0.72066116
test_17922,0.9886558
test_17923,0.9999378
test_17924,0.5657708
test_17925,0.7014157
test_17926,4.532629e-05
test_17927,0.7151302
test_17928,0.99999785
test_17929,0.18762465
test_17930,0.99999845
test_17931,0.8799892
test_17932,0.262228
test_17933,0.9514046
test_17934,0.12736484
test_17935,0.52168405
test_17936,0.9988011
test_17937,0.00077332405
test_17938,0.0017444483
test_17939,0.99848616
test_17940,1.0
test_17941,0.49090672
test_17942,0.99997276
test_17943,0.9925064
test_17944,0.99999833
test_17945,0.0007716494
test_17946,0.23359692
test_17947,0.13838121
test_17948,0.4874022
test_17949,0.8681915
test_17950,0.9002646
test_17951,0.7043009
test_17952,0.29531136
test_17953,0.99666333
test_17954,0.074729234
test_17955,5.4568824e-05
test_17956,0.9908869
test_17957,1.1902898e-06
test_17958,3.1952464e-07
test_17959,0.003040623
test_17960,2.901713e-05
test_17961,0.49532393
test_17962,0.0046415934
test_17963,0.7695217
test_17964,0.5940753
test_17965,0.9984088
test_17966,0.9791368
test_17967,0.07855166
test_17968,0.13395977
test_17969,0.0011888663
test_17970,0.0010128763
test_17971,0.62423116
test_17972,0.05610489
test_17973,0.37746865
test_17974,0.45440263
test_17975,0.0021371697
test_17976,0.9873173
test_17977,8.452457e-05
test_17978,0.9999869
test_17979,0.24215753
test_17980,0.04694874
test_17981,0.7121824
test_17982,0.9976715
test_17983,0.76793146
test_17984,0.0023324857
test_17985,0.21579692
test_17986,0.017348824
test_17987,0.10385971
test_17988,0.9900451
test_17989,0.81551504
test_17990,0.36940682
test_17991,0.8975543
test_17992,0.9996517
test_17993,0.012740151
test_17994,0.20931911
test_17995,0.09808788
test_17996,0.9996133
test_17997,0.00066905725
test_17998,0.22689539
test_17999,0.96137905
test_18000,0.55542195
test_18001,0.290506
test_18002,0.9937595
test_18003,0.9996784
test_18004,0.59314024
test_18005,0.2571684
test_18006,0.41741246
test_18007,0.95267123
test_18008,0.77121997
test_18009,0.99983585
test_18010,0.117429785
test_18011,0.975662
test_18012,0.0095348405
test_18013,0.9143795
test_18014,0.0007213006
test_18015,0.0010310019
test_18016,0.5985575
test_18017,0.0075771394
test_18018,0.9339411
test_18019,7.633938e-06
test_18020,0.9960983
test_18021,0.17210367
test_18022,0.9997966
test_18023,0.9919341
test_18024,0.15264651
test_18025,0.29649484
test_18026,0.64758676
test_18027,0.0070384527
test_18028,0.99669945
test_18029,0.04583856
test_18030,0.9940957
test_18031,0.9938749
test_18032,0.3486101
test_18033,0.5005939
test_18034,0.99954224
test_18035,0.25988275
test_18036,0.98197424
test_18037,0.25999558
test_18038,0.7493748
test_18039,0.983963
test_18040,0.9999999
test_18041,0.9690908
test_18042,0.9995011
test_18043,1.7021689e-06
test_18044,0.99975216
test_18045,0.013446848
test_18046,0.57865644
test_18047,0.74384105
test_18048,0.4036076
test_18049,0.9999877
test_18050,0.993325
test_18051,0.021298232
test_18052,0.1254464
test_18053,0.2498538
test_18054,0.00027063774
test_18055,0.91406536
test_18056,0.4179303
test_18057,0.117383756
test_18058,0.92391515
test_18059,0.8993859
test_18060,0.9241718
test_18061,0.9919369
test_18062,0.9999981
test_18063,0.07548595
test_18064,0.88686764
test_18065,0.38516486
test_18066,0.0024697229
test_18067,0.9750719
test_18068,0.8476074
test_18069,0.6054472
test_18070,0.9996807
test_18071,4.5036813e-06
test_18072,0.90648806
test_18073,0.9222575
test_18074,0.08559828
test_18075,0.99084675
test_18076,0.6733562
test_18077,0.054919545
test_18078,0.959619
test_18079,0.9994302
test_18080,1.0
test_18081,0.8547529
test_18082,0.981959
test_18083,0.8516313
test_18084,0.9999714
test_18085,0.9674393
test_18086,0.99929297
test_18087,0.28662962
test_18088,0.99993837
test_18089,0.00016522696
test_18090,1.4705655e-08
test_18091,0.86856574
test_18092,1.0
test_18093,0.9946853
test_18094,0.13826317
test_18095,0.5710256
test_18096,0.86992764
test_18097,0.62972605
test_18098,0.5074894
test_18099,0.99611604
test_18100,0.12169392
test_18101,0.42391178
test_18102,0.999699
test_18103,0.63982975
test_18104,0.5523851
test_18105,0.9945591
test_18106,0.5361209
test_18107,0.050800562
test_18108,0.0752737
test_18109,5.1192532e-05
test_18110,0.6561424
test_18111,0.39750108
test_18112,0.24557798
test_18113,0.1798644
test_18114,0.20081973
test_18115,0.9997648
test_18116,0.9993588
test_18117,0.6616682
test_18118,0.100786656
test_18119,0.27241606
test_18120,0.27301413
test_18121,0.56058615
test_18122,0.62462926
test_18123,0.48146924
test_18124,0.20277326
test_18125,0.99156344
test_18126,0.9624423
test_18127,8.9784925e-07
test_18128,0.16011135
test_18129,1.802845e-06
test_18130,0.02248934
test_18131,0.7316772
test_18132,0.005069367
test_18133,0.00018909795
test_18134,0.04761489
test_18135,0.019815153
test_18136,0.18062411
test_18137,6.774046e-05
test_18138,0.15684035
test_18139,2.9609037e-06
test_18140,1.5522465e-08
test_18141,0.19725375
test_18142,0.0027775639
test_18143,0.9874385
test_18144,0.00067936105
test_18145,0.83457804
test_18146,0.9434618
test_18147,5.8488295e-05
test_18148,0.021518242
test_18149,0.98564214
test_18150,0.7195544
test_18151,0.87049913
test_18152,0.31185463
test_18153,0.0019740015
test_18154,0.8809501
test_18155,0.98894924
test_18156,0.034028094
test_18157,0.15360641
test_18158,0.32705116
test_18159,0.7443309
test_18160,0.9983884
test_18161,0.99784935
test_18162,0.42839175
test_18163,0.14210995
test_18164,0.06891976
test_18165,0.19661544
test_18166,0.012354186
test_18167,0.9997419
test_18168,0.99999934
test_18169,0.81169856
test_18170,0.9997486
test_18171,0.8617531
test_18172,0.73209023
test_18173,0.9999784
test_18174,0.98557675
test_18175,0.19990866
test_18176,0.99090385
test_18177,0.99996364
test_18178,0.012094469
test_18179,0.18949416
test_18180,0.0002208628
test_18181,0.5767981
test_18182,0.99999833
test_18183,0.99279225
test_18184,0.38008434
test_18185,0.62921333
test_18186,0.0003778474
test_18187,0.016737543
test_18188,0.6918012
test_18189,0.10511241
test_18190,0.9939616
test_18191,0.8705326
test_18192,0.99635327
test_18193,0.6474654
test_18194,0.19787762
test_18195,0.99820185
test_18196,0.6481322
test_18197,0.33517593
test_18198,0.32827693
test_18199,0.30852607
test_18200,0.0040012025
test_18201,0.99999595
test_18202,0.7954215
test_18203,0.7672448
test_18204,0.9993256
test_18205,0.7556424
test_18206,0.017365456
test_18207,0.9969349
test_18208,0.17833467
test_18209,0.99996597
test_18210,0.98160195
test_18211,0.37175035
test_18212,0.004645339
test_18213,0.5244893
test_18214,0.00042273983
test_18215,0.086522534
test_18216,0.12307423
test_18217,0.0212542
test_18218,0.9999997
test_18219,0.18137228
test_18220,0.9731703
test_18221,0.3251546
test_18222,0.011466101
test_18223,0.0019255235
test_18224,0.99970263
test_18225,0.8216218
test_18226,0.8189273
test_18227,0.9483638
test_18228,0.76455873
test_18229,0.051040724
test_18230,0.86697197
test_18231,0.047814496
test_18232,0.47168666
test_18233,0.9918901
test_18234,0.06688444
test_18235,0.8848996
test_18236,6.7482615e-05
test_18237,0.22264183
test_18238,0.6448374
test_18239,0.99925745
test_18240,0.3073613
test_18241,0.5782704
test_18242,0.000990436
test_18243,0.00013070717
test_18244,0.9912964
test_18245,0.67120844
test_18246,0.99945176
test_18247,0.7769754
test_18248,0.9224108
test_18249,0.5341896
test_18250,0.042195655
test_18251,0.00071197626
test_18252,0.79795027
test_18253,0.93454623
test_18254,3.8667433e-05
test_18255,0.000103675295
test_18256,0.6878643
test_18257,0.031418316
test_18258,0.6472374
test_18259,0.019162433
test_18260,0.9863657
test_18261,0.99991715
test_18262,0.013039031
test_18263,0.9988302
test_18264,2.9868146e-05
test_18265,0.76212794
test_18266,0.00031257578
test_18267,0.9999999
test_18268,0.9979703
test_18269,0.00027426364
test_18270,0.99986947
test_18271,0.008383473
test_18272,0.008312609
test_18273,0.00828008
test_18274,0.0016255751
test_18275,0.04376445
test_18276,0.050691217
test_18277,0.0034445385
test_18278,4.270706e-05
test_18279,0.5960202
test_18280,0.9996439
test_18281,0.00049575104
test_18282,0.46665463
test_18283,0.23343533
test_18284,0.80264103
test_18285,0.99997294
test_18286,0.18664038
test_18287,0.116238825
test_18288,3.0391584e-05
test_18289,0.9306197
test_18290,0.9979634
test_18291,5.083233e-05
test_18292,0.51014996
test_18293,0.976496
test_18294,0.85526747
test_18295,0.31064728
test_18296,0.0040374408
test_18297,0.00075782114
test_18298,0.5443907
test_18299,8.952654e-05
test_18300,0.2922939
test_18301,0.017427528
test_18302,0.013335056
test_18303,0.01204096
test_18304,0.0013426419
test_18305,0.48160207
test_18306,0.011489255
test_18307,0.007026683
test_18308,0.6120268
test_18309,0.80283666
test_18310,0.6048343
test_18311,0.0003793265
test_18312,0.0006486219
test_18313,0.99999714
test_18314,0.6658359
test_18315,0.20652474
test_18316,0.80393326
test_18317,0.9107033
test_18318,0.62918496
test_18319,0.23181352
test_18320,0.872263
test_18321,0.0017696087
test_18322,0.987093
test_18323,0.83082026
test_18324,0.9803716
test_18325,0.39257914
test_18326,0.5565872
test_18327,0.06939186
test_18328,0.194418
test_18329,0.99982285
test_18330,0.02376635
test_18331,1.0
test_18332,0.5846864
test_18333,0.07151443
test_18334,0.9982796
test_18335,0.027083537
test_18336,0.021495484
test_18337,0.99997467
test_18338,0.54928374
test_18339,0.004602912
test_18340,0.79015493
test_18341,0.0010182587
test_18342,0.50994736
test_18343,0.9998467
test_18344,0.9962153
test_18345,0.004277461
test_18346,0.0001317962
test_18347,0.8512659
test_18348,0.0055574747
test_18349,0.082934715
test_18350,0.99341303
test_18351,0.28250673
test_18352,0.038248263
test_18353,0.11193901
test_18354,0.8304268
test_18355,0.99427336
test_18356,0.2093725
test_18357,0.86703336
test_18358,0.011552783
test_18359,0.12346605
test_18360,0.99995166
test_18361,0.99964607
test_18362,0.18447837
test_18363,0.9997934
test_18364,0.2580034
test_18365,0.5609199
test_18366,0.46106392
test_18367,0.54870665
test_18368,0.97611326
test_18369,0.9937803
test_18370,0.9998845
test_18371,0.26329312
test_18372,0.9872871
test_18373,0.0030046317
test_18374,0.9558276
test_18375,0.99209356
test_18376,0.00018752288
test_18377,0.97203624
test_18378,0.115957454
test_18379,0.49719745
test_18380,0.011171522
test_18381,0.98881376
test_18382,0.92050815
test_18383,0.9916826
test_18384,0.18511122
test_18385,0.9989219
test_18386,0.740134
test_18387,0.012290036
test_18388,0.9909271
test_18389,0.5674397
test_18390,0.9994282
test_18391,0.0005171272
test_18392,0.603371
test_18393,0.5873122
test_18394,6.2285565e-08
test_18395,0.00062799687
test_18396,0.39341506
test_18397,0.72193027
test_18398,0.44100383
test_18399,0.9820138
test_18400,7.848005e-05
test_18401,0.92271256
test_18402,0.96849775
test_18403,0.99997544
test_18404,0.31765336
test_18405,0.00027951415
test_18406,0.72945595
test_18407,0.4861204
test_18408,0.9974351
test_18409,0.001385049
test_18410,0.7270672
test_18411,0.69549125
test_18412,0.92678094
test_18413,0.5812051
test_18414,2.111074e-05
test_18415,0.00013016567
test_18416,0.9988475
test_18417,5.6636416e-08
test_18418,0.67059743
test_18419,0.9999981
test_18420,0.5441753
test_18421,0.38205236
test_18422,0.6079972
test_18423,0.99978685
test_18424,0.53450143
test_18425,0.0050071757
test_18426,0.9832847
test_18427,0.8855295
test_18428,0.012207768
test_18429,0.15401186
test_18430,0.9611453
test_18431,0.82548594
test_18432,0.024859264
test_18433,0.9994028
test_18434,0.99155474
test_18435,0.800463
test_18436,0.8088961
test_18437,0.41128075
test_18438,0.0048406557
test_18439,0.9999982
test_18440,0.30273664
test_18441,0.29015684
test_18442,0.9999963
test_18443,0.049234714
test_18444,0.00031556757
test_18445,0.99868965
test_18446,0.97526175
test_18447,0.035254262
test_18448,0.09222296
test_18449,0.19117664
test_18450,0.6645365
test_18451,0.4006068
test_18452,0.024998901
test_18453,0.99846673
test_18454,0.003730046
test_18455,0.98068714
test_18456,0.20535973
test_18457,0.4252159
test_18458,0.9950601
test_18459,0.9907457
test_18460,0.999068
test_18461,0.3204628
test_18462,0.78587174
test_18463,0.6264704
test_18464,0.8992592
test_18465,2.0634364e-07
test_18466,0.98812604
test_18467,0.28760397
test_18468,0.008209952
test_18469,0.020836538
test_18470,0.7096888
test_18471,0.9976423
test_18472,0.07939893
test_18473,1.0
test_18474,0.515615
test_18475,0.0004058921
test_18476,0.98109376
test_18477,0.004165525
test_18478,0.0024376854
test_18479,0.96234095
test_18480,0.8064313
test_18481,0.021801341
test_18482,0.11563473
test_18483,0.8893585
test_18484,0.65349925
test_18485,0.49593437
test_18486,0.32505935
test_18487,0.14326668
test_18488,0.8853548
test_18489,0.08488494
test_18490,0.98763704
test_18491,0.0001454007
test_18492,0.010954093
test_18493,0.0007177181
test_18494,0.036594257
test_18495,0.88972104
test_18496,0.2513822
test_18497,0.99972665
test_18498,0.99997205
test_18499,0.031422555
test_18500,0.42409396
test_18501,0.9999539
test_18502,0.9943622
test_18503,1.4705655e-08
test_18504,0.9021567
test_18505,0.02950168
test_18506,0.9997591
test_18507,0.9999099
test_18508,0.80972594
test_18509,0.48055124
test_18510,0.9530029
test_18511,0.20398933
test_18512,0.99713457
test_18513,1.8809004e-06
test_18514,0.85630417
test_18515,0.43869793
test_18516,0.9998991
test_18517,0.7598568
test_18518,0.3546382
test_18519,0.9998008
test_18520,0.048773665
test_18521,9.35603e-05
test_18522,0.0017960015
test_18523,0.00018785526
test_18524,0.02024186
test_18525,0.11431982
test_18526,0.9132158
test_18527,0.016305171
test_18528,0.002305569
test_18529,0.9999992
test_18530,0.9112996
test_18531,0.99945325
test_18532,5.121671e-05
test_18533,0.99995255
test_18534,1.4705655e-08
test_18535,0.017725566
test_18536,0.980875
test_18537,0.95107275
test_18538,0.999997
test_18539,0.35824758
test_18540,0.48065826
test_18541,0.50617707
test_18542,0.059955973
test_18543,0.96339655
test_18544,0.69166166
test_18545,0.99908775
test_18546,0.9999998
test_18547,0.97558236
test_18548,0.9997287
test_18549,0.7477959
test_18550,0.999413
test_18551,0.9802468
test_18552,0.0054788655
test_18553,0.00038992328
test_18554,0.76311064
test_18555,0.26669842
test_18556,0.686064
test_18557,0.26809072
test_18558,0.5447605
test_18559,0.97608256
test_18560,0.11723822
test_18561,0.6782292
test_18562,0.9988123
test_18563,0.99977285
test_18564,7.0742186e-05
test_18565,0.9249709
test_18566,0.404724
test_18567,0.025538877
test_18568,0.9240123
test_18569,0.988695
test_18570,0.13953806
test_18571,0.05324415
test_18572,0.02103231
test_18573,0.9126736
test_18574,0.9952884
test_18575,0.00018462396
test_18576,0.016004354
test_18577,0.008048002
test_18578,0.98660517
test_18579,0.99999964
test_18580,0.114355326
test_18581,1.4705655e-08
test_18582,0.9591385
test_18583,0.0040643
test_18584,0.21070194
test_18585,0.021980256
test_18586,0.9996512
test_18587,0.98325944
test_18588,0.998202
test_18589,0.2784426
test_18590,0.99999994
test_18591,0.0066740024
test_18592,0.00034058085
test_18593,0.00011255625
test_18594,0.0015552473
test_18595,0.9765252
test_18596,0.996649
test_18597,0.99555635
test_18598,0.9966269
test_18599,0.9985218
test_18600,0.692139
test_18601,0.97790694
test_18602,0.9991988
test_18603,0.6381258
test_18604,0.7452278
test_18605,0.00918323
test_18606,0.90923464
test_18607,0.9868293
test_18608,0.56967235
test_18609,0.038666055
test_18610,0.31999934
test_18611,0.085180104
test_18612,0.9999249
test_18613,0.8575219
test_18614,0.00030381925
test_18615,0.86327714
test_18616,0.01292474
test_18617,0.842253
test_18618,0.045595042
test_18619,0.94565487
test_18620,0.99995005
test_18621,0.05338338
test_18622,0.024915975
test_18623,0.98709184
test_18624,0.09643903
test_18625,0.7943541
test_18626,0.25830573
test_18627,0.89616144
test_18628,0.18066473
test_18629,0.12389899
test_18630,0.9970407
test_18631,0.15859522
test_18632,0.51445603
test_18633,0.0010558257
test_18634,0.98773026
test_18635,0.96415305
test_18636,0.00025619636
test_18637,0.78144443
test_18638,0.0012420634
test_18639,0.9991355
test_18640,0.999874
test_18641,0.54856575
test_18642,0.07006486
test_18643,0.095362015
test_18644,0.10832378
test_18645,0.1999151
test_18646,0.6285564
test_18647,0.02809449
test_18648,0.9992862
test_18649,0.43183142
test_18650,0.09588554
test_18651,0.9938865
test_18652,0.043599673
test_18653,0.070604146
test_18654,0.14492622
test_18655,0.8267487
test_18656,0.23595026
test_18657,2.2782042e-05
test_18658,0.029867793
test_18659,0.9631467
test_18660,0.8914083
test_18661,0.0014185545
test_18662,0.0012241574
test_18663,0.35826492
test_18664,0.99998
test_18665,0.02503442
test_18666,0.83849216
test_18667,0.9426034
test_18668,0.9999999
test_18669,0.9973476
test_18670,0.6197508
test_18671,0.39297402
test_18672,0.00079874205
test_18673,0.56376827
test_18674,0.0011151952
test_18675,0.07897712
test_18676,0.96463275
test_18677,0.0015473436
test_18678,1.4705655e-08
test_18679,0.8755129
test_18680,0.99992096
test_18681,0.9994435
test_18682,0.99996114
test_18683,0.9974001
test_18684,0.98685914
test_18685,0.573098
test_18686,0.97366554
test_18687,0.99834824
test_18688,0.031154132
test_18689,0.07556369
test_18690,0.89627516
test_18691,0.9883043
test_18692,0.3244511
test_18693,0.9878323
test_18694,0.6034906
test_18695,0.99947464
test_18696,0.9999658
test_18697,0.2518707
test_18698,1.4705655e-08
test_18699,0.38629502
test_18700,0.9871676
test_18701,0.751313
test_18702,0.006726556
test_18703,1.0859858e-05
test_18704,0.68381584
test_18705,0.35964158
test_18706,0.9998872
test_18707,1.1005479e-06
test_18708,2.3415127e-05
test_18709,0.9999245
test_18710,0.5568285
test_18711,0.9981479
test_18712,0.010900704
test_18713,0.8336415
test_18714,0.964136
test_18715,0.729318
test_18716,0.6314203
test_18717,0.468297
test_18718,0.45792654
test_18719,0.8631822
test_18720,0.016386589
test_18721,0.49646717
test_18722,0.09342511
test_18723,0.06267926
test_18724,0.9059707
test_18725,0.9867345
test_18726,0.6007816
test_18727,0.9820475
test_18728,0.0032776361
test_18729,0.5756159
test_18730,5.6386543e-05
test_18731,0.9976144
test_18732,0.0029618498
test_18733,0.9873855
test_18734,0.9145707
test_18735,0.13034353
test_18736,0.7575319
test_18737,0.9929367
test_18738,0.003224117
test_18739,0.97357213
test_18740,0.047512908
test_18741,0.01728902
test_18742,0.028279133
test_18743,0.9740725
test_18744,0.99181694
test_18745,0.9991315
test_18746,0.9999993
test_18747,0.00052212866
test_18748,0.9133501
test_18749,0.85345745
test_18750,0.26434708
test_18751,0.90027213
test_18752,0.002063362
test_18753,0.9992026
test_18754,0.8975483
test_18755,0.54072046
test_18756,0.21360886
test_18757,0.021310255
test_18758,0.08400671
test_18759,0.97030187
test_18760,0.06649473
test_18761,0.8869848
test_18762,0.95029265
test_18763,0.9994523
test_18764,0.98144543
test_18765,0.012422205
test_18766,7.43103e-08
test_18767,0.99999964
test_18768,0.19335543
test_18769,5.340256e-07
test_18770,0.49799109
test_18771,0.040208817
test_18772,0.03746827
test_18773,0.3891452
test_18774,0.14364345
test_18775,5.1464525e-07
test_18776,0.005474269
test_18777,0.002949473
test_18778,0.99999994
test_18779,0.8030833
test_18780,0.19246253
test_18781,0.2686689
test_18782,0.99427295
test_18783,0.1175936
test_18784,0.0011033987
test_18785,0.6814145
test_18786,0.0025304467
test_18787,0.99995905
test_18788,0.8905331
test_18789,0.12814794
test_18790,0.0052920645
test_18791,0.00043599552
test_18792,0.98898
test_18793,0.006420925
test_18794,0.9994695
test_18795,0.00034914506
test_18796,0.64960086
test_18797,0.99246836
test_18798,7.349765e-05
test_18799,0.97420377
test_18800,0.9694011
test_18801,0.1398736
test_18802,0.99999905
test_18803,0.41868463
test_18804,7.421982e-05
test_18805,0.85160255
test_18806,0.9984498
test_18807,0.005816106
test_18808,0.002629599
test_18809,0.6802869
test_18810,0.12136278
test_18811,0.92067516
test_18812,0.03214502
test_18813,0.8589392
test_18814,0.75978726
test_18815,0.0006628108
test_18816,0.8401656
test_18817,5.296861e-05
test_18818,0.027548281
test_18819,0.9156568
test_18820,0.681907
test_18821,1.0
test_18822,0.29560483
test_18823,0.9999999
test_18824,0.000268936
test_18825,0.92940944
test_18826,0.00024918152
test_18827,0.00067507714
test_18828,0.0023020094
test_18829,0.00031087353
test_18830,7.39504e-05
test_18831,0.8429631
test_18832,2.4635341e-05
test_18833,0.012029143
test_18834,0.9237802
test_18835,0.9999997
test_18836,0.85588086
test_18837,0.99767005
test_18838,8.0536294e-05
test_18839,0.9749599
test_18840,0.9932127
test_18841,0.021050194
test_18842,0.07537435
test_18843,0.4958852
test_18844,0.043060504
test_18845,0.46898392
test_18846,0.99440086
test_18847,0.14506915
test_18848,0.8659812
test_18849,0.58973676
test_18850,0.00015994828
test_18851,0.9996853
test_18852,0.00068163127
test_18853,0.31800514
test_18854,0.3042395
test_18855,2.9951443e-07
test_18856,0.2591945
test_18857,0.00040117992
test_18858,0.9965321
test_18859,0.008663677
test_18860,0.7501147
test_18861,0.08323075
test_18862,0.009578852
test_18863,0.00060156005
test_18864,0.834622
test_18865,0.0059984257
test_18866,0.005018909
test_18867,0.99999547
test_18868,0.6630787
test_18869,0.7309855
test_18870,0.99996954
test_18871,0.00016598355
test_18872,0.99050045
test_18873,0.79503036
test_18874,0.59799206
test_18875,0.9007586
test_18876,0.9995884
test_18877,0.0043277307
test_18878,0.9999872
test_18879,0.28760904
test_18880,0.76323175
test_18881,0.9074371
test_18882,1.152484e-07
test_18883,0.040622815
test_18884,0.70973253
test_18885,0.051769212
test_18886,0.060918704
test_18887,0.62552345
test_18888,0.0071819015
test_18889,1.4705655e-08
test_18890,0.039135117
test_18891,3.0356824e-07
test_18892,0.9999998
test_18893,0.7979495
test_18894,0.9960494
test_18895,0.53449994
test_18896,0.9721884
test_18897,0.80331767
test_18898,0.9945177
test_18899,0.7488736
test_18900,0.490912
test_18901,0.99625325
test_18902,0.97296464
test_18903,0.073186316
test_18904,0.7188797
test_18905,0.17503914
test_18906,0.104314275
test_18907,0.00066220784
test_18908,0.89200604
test_18909,0.9329437
test_18910,0.01871811
test_18911,0.0054604625
test_18912,0.60910046
test_18913,0.06212134
test_18914,0.01857518
test_18915,0.29590514
test_18916,0.45396033
test_18917,0.1548255
test_18918,0.9999948
test_18919,0.97829264
test_18920,0.34354824
test_18921,0.94703615
test_18922,0.082690604
test_18923,0.9525097
test_18924,0.0001369681
test_18925,0.18704678
test_18926,0.0006991775
test_18927,0.96034896
test_18928,7.272789e-05
test_18929,0.71087563
test_18930,0.99995553
test_18931,0.9988183
test_18932,0.38207516
test_18933,0.4571795
test_18934,0.9999932
test_18935,0.20137697
test_18936,0.049713638
test_18937,0.9976722
test_18938,0.00057214877
test_18939,0.2566539
test_18940,0.0034755697
test_18941,0.99827826
test_18942,0.026550576
test_18943,0.11105207
test_18944,0.022699552
test_18945,0.99888116
test_18946,9.7108554e-05
test_18947,0.99998975
test_18948,0.094934046
test_18949,0.7255689
test_18950,0.17094721
test_18951,0.0009922443
test_18952,0.99557364
test_18953,0.7331339
test_18954,0.7386346
test_18955,0.042658046
test_18956,0.0023224184
test_18957,0.9988991
test_18958,0.9984386
test_18959,0.028196529
test_18960,0.02711178
test_18961,0.5118574
test_18962,0.13313013
test_18963,0.0035827071
test_18964,0.02470863
test_18965,0.8894555
test_18966,0.9820813
test_18967,0.9999975
test_18968,0.964041
test_18969,0.999506
test_18970,0.0030095945
test_18971,0.814497
test_18972,0.02169523
test_18973,0.9883474
test_18974,0.9996732
test_18975,0.9998307
test_18976,0.99999964
test_18977,0.99960256
test_18978,0.9999089
test_18979,0.92498636
test_18980,0.9573387
test_18981,0.67451864
test_18982,0.10682308
test_18983,0.99999917
test_18984,0.797917
test_18985,0.9422371
test_18986,0.5937755
test_18987,0.9998032
test_18988,0.14863318
test_18989,0.9955253
test_18990,0.9954922
test_18991,1.0
test_18992,0.0059952736
test_18993,0.9999725
test_18994,0.86583555
test_18995,0.9997496
test_18996,0.31491247
test_18997,0.010544132
test_18998,0.99999905
test_18999,0.08365643
test_19000,0.9908445
test_19001,0.035520017
test_19002,0.09108298
test_19003,2.0225318e-05
test_19004,0.8580473
test_19005,0.00051117595
test_19006,0.99292874
test_19007,0.2266343
test_19008,0.2857934
test_19009,0.14152047
test_19010,0.43918368
test_19011,1.0
test_19012,0.2421114
test_19013,0.045953944
test_19014,0.8331889
test_19015,0.0924111
test_19016,0.9967476
test_19017,0.13809657
test_19018,0.12802495
test_19019,0.8932874
test_19020,0.5440222
test_19021,0.45840654
test_19022,0.5447391
test_19023,2.3282188e-05
test_19024,0.5590936
test_19025,0.9830664
test_19026,0.83888984
test_19027,0.19673751
test_19028,0.0754015
test_19029,0.69749403
test_19030,0.033602726
test_19031,0.9805665
test_19032,0.19784205
test_19033,0.99940723
test_19034,0.7812488
test_19035,0.0016694422
test_19036,0.73448336
test_19037,0.99652255
test_19038,0.00023563078
test_19039,0.055021256
test_19040,0.984293
test_19041,0.21429777
test_19042,0.9988376
test_19043,0.9998188
test_19044,0.051283054
test_19045,1.9622894e-05
test_19046,0.8953515
test_19047,0.8279414
test_19048,0.56395406
test_19049,0.5355265
test_19050,0.9258925
test_19051,0.50187784
test_19052,0.5100614
test_19053,0.9713665
test_19054,0.0009317554
test_19055,0.99999607
test_19056,0.5082108
test_19057,0.99999064
test_19058,0.05010778
test_19059,0.00017923926
test_19060,1.6529002e-05
test_19061,0.16815083
test_19062,0.081194684
test_19063,0.9989772
test_19064,0.14286414
test_19065,0.13247131
test_19066,0.036958575
test_19067,0.49813157
test_19068,0.99904937
test_19069,0.00055433833
test_19070,0.58186483
test_19071,0.5845443
test_19072,0.052377038
test_19073,0.9999405
test_19074,0.99981785
test_19075,0.9481994
test_19076,0.9959763
test_19077,0.017023597
test_19078,0.46532875
test_19079,0.4939074
test_19080,0.072704606
test_19081,0.9938871
test_19082,0.4614291
test_19083,0.13605106
test_19084,0.97300994
test_19085,0.22540808
test_19086,0.17962562
test_19087,1.0937779e-05
test_19088,0.0019203038
test_19089,0.9732821
test_19090,0.000113126196
test_19091,0.999994
test_19092,0.98225725
test_19093,0.004102737
test_19094,2.9279883e-05
test_19095,0.01816121
test_19096,0.9997933
test_19097,0.0068098297
test_19098,0.22061542
test_19099,0.99621856
test_19100,0.0008774056
test_19101,0.99067676
test_19102,0.14400786
test_19103,0.008831393
test_19104,0.38271332
test_19105,0.99999964
test_19106,0.052069545
test_19107,0.999786
test_19108,0.2108091
test_19109,1.4970632e-06
test_19110,0.0033216658
test_19111,0.56090903
test_19112,0.9999994
test_19113,0.69298637
test_19114,0.09871803
test_19115,3.950158e-05
test_19116,0.6769388
test_19117,0.4371661
test_19118,5.9504826e-05
test_19119,0.018662946
test_19120,0.10579771
test_19121,0.991567
test_19122,0.6413303
test_19123,0.76888084
test_19124,0.0007117148
test_19125,0.9978255
test_19126,0.9980692
test_19127,0.0733658
test_19128,0.77846944
test_19129,0.0035701147
test_19130,0.9999766
test_19131,0.98791337
test_19132,0.30932143
test_19133,0.000774972
test_19134,0.99715596
test_19135,1.6820348e-05
test_19136,0.7500711
test_19137,0.99073195
test_19138,0.0027069605
test_19139,0.12725377
test_19140,0.999714
test_19141,1.9853176e-05
test_19142,0.9837885
test_19143,0.0002710521
test_19144,0.99465996
test_19145,0.9995985
test_19146,0.9153125
test_19147,0.99945605
test_19148,0.99996936
test_19149,0.92639273
test_19150,0.0047474974
test_19151,0.0011202698
test_19152,0.47236407
test_19153,0.04226408
test_19154,0.0051358673
test_19155,0.9994949
test_19156,0.3438907
test_19157,0.99299014
test_19158,0.7050152
test_19159,0.99957013
test_19160,0.0016281634
test_19161,0.14704672
test_19162,0.0661848
test_19163,0.9727365
test_19164,0.012320666
test_19165,7.853789e-05
test_19166,0.9466779
test_19167,0.77180016
test_19168,0.9544661
test_19169,1.0286978e-05
test_19170,0.9990355
test_19171,0.9999026
test_19172,0.55099916
test_19173,0.99913555
test_19174,0.012872689
test_19175,0.98093885
test_19176,0.027610403
test_19177,0.99331605
test_19178,0.6674714
test_19179,0.24571614
test_19180,0.12369093
test_19181,0.51563585
test_19182,7.9288675e-06
test_19183,0.9970045
test_19184,0.87777734
test_19185,1.9584475e-05
test_19186,0.70457923
test_19187,0.91255355
test_19188,0.9196214
test_19189,0.8488628
test_19190,0.95540935
test_19191,1.4705655e-08
test_19192,0.8120685
test_19193,0.0057864655
test_19194,0.076670215
test_19195,0.00043403637
test_19196,0.9982894
test_19197,0.20356394
test_19198,0.88387376
test_19199,0.0013579148
test_19200,0.76228786
test_19201,0.7114141
test_19202,0.96707004
test_19203,0.99985194
test_19204,0.9812214
test_19205,0.56131065
test_19206,0.55762106
test_19207,0.4675794
test_19208,0.99797136
test_19209,0.8702768
test_19210,0.13977613
test_19211,2.2376244e-05
test_19212,0.98088664
test_19213,0.89953184
test_19214,0.043816514
test_19215,0.12204343
test_19216,2.1794152e-05
test_19217,0.9999174
test_19218,0.27024233
test_19219,0.14871602
test_19220,0.1576682
test_19221,0.035332117
test_19222,0.9188086
test_19223,0.9705198
test_19224,9.4206356e-05
test_19225,7.854563e-05
test_19226,0.74044895
test_19227,0.012458639
test_19228,0.8135402
test_19229,1.3853424e-05
test_19230,0.8684664
test_19231,0.55798507
test_19232,0.9876404
test_19233,0.99124885
test_19234,4.6305122e-05
test_19235,0.011941999
test_19236,9.062407e-06
test_19237,0.004123353
test_19238,0.08677359
test_19239,0.014024387
test_19240,0.99624693
test_19241,0.3317327
test_19242,0.81840706
test_19243,0.9903064
test_19244,0.93973875
test_19245,0.99731886
test_19246,0.99995476
test_19247,0.010470823
test_19248,0.9839598
test_19249,0.00022747392
test_19250,0.99999964
test_19251,0.9318922
test_19252,0.0012389877
test_19253,0.02334056
test_19254,0.9999317
test_19255,0.9999949
test_19256,0.88571775
test_19257,0.6506072
test_19258,0.03107233
test_19259,0.009926899
test_19260,0.96764547
test_19261,0.58804274
test_19262,0.5403181
test_19263,0.12174792
test_19264,0.15355171
test_19265,0.046411533
test_19266,0.0008315973
test_19267,0.98934275
test_19268,0.64587927
test_19269,0.0011422758
test_19270,0.22521251
test_19271,2.5827117e-07
test_19272,0.9973899
test_19273,0.7838048
test_19274,0.018164106
test_19275,0.80082333
test_19276,0.8064712
test_19277,2.0244872e-05
test_19278,0.060269434
test_19279,0.7236131
test_19280,0.6826955
test_19281,0.14940824
test_19282,3.7789796e-05
test_19283,0.13006888
test_19284,0.20117514
test_19285,0.48788667
test_19286,3.642118e-07
test_19287,0.99935734
test_19288,0.055370655
test_19289,0.14498343
test_19290,0.9894753
test_19291,3.8055736e-05
test_19292,0.10147537
test_19293,0.017054973
test_19294,0.99921495
test_19295,0.9972167
test_19296,0.9605206
test_19297,1.1063487e-06
test_19298,0.99875224
test_19299,0.6692865
test_19300,0.099120066
test_19301,0.6108277
test_19302,0.9994479
test_19303,0.9999958
test_19304,0.59687877
test_19305,0.00076127134
test_19306,0.9970728
test_19307,0.9538032
test_19308,0.9994713
test_19309,0.17487904
test_19310,4.2188788e-07
test_19311,1.4705655e-08
test_19312,0.0065789944
test_19313,0.005085286
test_19314,0.8096359
test_19315,0.99805635
test_19316,0.9985543
test_19317,0.0010404314
test_19318,0.988039
test_19319,0.4622811
test_19320,0.9968872
test_19321,0.3994944
test_19322,0.00011998333
test_19323,0.9999864
test_19324,0.38947925
test_19325,0.0016442314
test_19326,0.13018459
test_19327,0.60427475
test_19328,0.0055340948
test_19329,0.09602062
test_19330,0.5034194
test_19331,8.678973e-05
test_19332,0.99992335
test_19333,0.16562174
test_19334,0.094931245
test_19335,0.068421125
test_19336,0.00038672925
test_19337,0.0007294241
test_19338,0.94606996
test_19339,0.20821948
test_19340,0.39521268
test_19341,0.0923975
test_19342,0.994856
test_19343,0.95208347
test_19344,0.028940972
test_19345,0.60548186
test_19346,0.12131977
test_19347,0.4340634
test_19348,0.008524224
test_19349,6.289318e-05
test_19350,0.0001222525
test_19351,2.053754e-05
test_19352,0.651989
test_19353,0.07774513
test_19354,0.9998216
test_19355,0.0010933381
test_19356,0.61058474
test_19357,0.47606707
test_19358,0.40130112
test_19359,0.9999872
test_19360,0.9722465
test_19361,0.0021875123
test_19362,0.0021364149
test_19363,0.048893597
test_19364,0.93304944
test_19365,0.32858348
test_19366,0.30223477
test_19367,0.16926031
test_19368,0.9984424
test_19369,0.32162952
test_19370,0.042988896
test_19371,0.010987727
test_19372,0.00321034
test_19373,0.2390794
test_19374,0.80064887
test_19375,0.94668984
test_19376,0.99999523
test_19377,0.9999994
test_19378,0.7956836
test_19379,0.108488366
test_19380,0.9189884
test_19381,0.96256036
test_19382,1.4705655e-08
test_19383,0.061947793
test_19384,0.6037997
test_19385,0.9989095
test_19386,0.18491687
test_19387,0.0020995021
test_19388,0.9947043
test_19389,0.4998871
test_19390,0.9999999
test_19391,0.6055915
test_19392,0.005885341
test_19393,0.7301521
test_19394,0.99989873
test_19395,2.3080547e-06
test_19396,0.97417665
test_19397,0.3397729
test_19398,0.5312282
test_19399,0.046282344
test_19400,0.3661825
test_19401,0.8461565
test_19402,0.10747981
test_19403,0.021065995
test_19404,0.00051720365
test_19405,0.99980676
test_19406,0.95178616
test_19407,0.76477134
test_19408,0.46195817
test_19409,0.02060156
test_19410,0.00045825465
test_19411,0.21246979
test_19412,0.61785567
test_19413,0.93517596
test_19414,0.76011455
test_19415,0.8905462
test_19416,0.99987704
test_19417,0.5525844
test_19418,3.5947528e-07
test_19419,0.9358438
test_19420,0.098984495
test_19421,0.9997405
test_19422,0.36886892
test_19423,0.78218627
test_19424,0.6093082
test_19425,0.0010640542
test_19426,0.00083019206
test_19427,0.12487325
test_19428,0.9955521
test_19429,0.49478948
test_19430,0.42767027
test_19431,0.99996257
test_19432,0.9984708
test_19433,0.005629271
test_19434,0.95952696
test_19435,0.99999994
test_19436,0.9793872
test_19437,0.54787683
test_19438,1.4705655e-08
test_19439,0.9957461
test_19440,0.013606971
test_19441,0.97801495
test_19442,0.5609554
test_19443,0.46850842
test_19444,0.0071066925
test_19445,6.922585e-05
test_19446,0.9996077
test_19447,0.0010068846
test_19448,0.9984193
test_19449,1.0
test_19450,0.8639423
test_19451,0.8855541
test_19452,0.99966085
test_19453,0.83184147
test_19454,0.9995643
test_19455,0.6549274
test_19456,0.0003153729
test_19457,0.9870912
test_19458,0.988898
test_19459,0.71660715
test_19460,0.00015896633
test_19461,0.037715636
test_19462,0.99998605
test_19463,0.4243024
test_19464,0.5116627
test_19465,0.02101415
test_19466,0.5528916
test_19467,0.8634064
test_19468,0.16900197
test_19469,0.9891225
test_19470,0.00038907427
test_19471,0.0009441462
test_19472,0.99925894
test_19473,0.9999979
test_19474,0.9286834
test_19475,0.93979365
test_19476,0.6744818
test_19477,0.005608322
test_19478,0.22232783
test_19479,0.9999943
test_19480,0.9999835
test_19481,0.9142787
test_19482,0.00026963407
test_19483,0.7885684
test_19484,0.66273785
test_19485,0.98822635
test_19486,0.12160815
test_19487,0.27106914
test_19488,0.97388804
test_19489,0.25868827
test_19490,0.0015203757
test_19491,0.31295204
test_19492,0.026349727
test_19493,0.886497
test_19494,0.8734585
test_19495,0.99987566
test_19496,0.34828848
test_19497,0.68240047
test_19498,0.9981643
test_19499,0.7014537
test_19500,0.00086458214
test_19501,0.8222858
test_19502,0.011332167
test_19503,0.6909378
test_19504,4.731486e-05
test_19505,0.99975884
test_19506,0.31022286
test_19507,0.7194184
test_19508,0.9981848
test_19509,0.99969363
test_19510,0.98983836
test_19511,0.8200167
test_19512,0.50801677
test_19513,0.6230137
test_19514,0.8367978
test_19515,0.0016210629
test_19516,0.9915963
test_19517,0.3029878
test_19518,0.8456299
test_19519,0.99490654
test_19520,0.45474708
test_19521,0.43550128
test_19522,0.124629244
test_19523,0.30007118
test_19524,0.29373312
test_19525,0.11859958
test_19526,0.008351201
test_19527,0.45848292
test_19528,0.0003575033
test_19529,0.38577235
test_19530,0.0026718802
test_19531,0.5296361
test_19532,0.93026805
test_19533,0.0011845916
test_19534,0.9999746
test_19535,0.0138306115
test_19536,0.47072214
test_19537,0.22054842
test_19538,0.98388356
test_19539,0.99999976
test_19540,0.78532493
test_19541,0.9258208
test_19542,0.8733877
test_19543,0.0018565183
test_19544,0.9758966
test_19545,0.90403295
test_19546,0.96129346
test_19547,0.013873779
test_19548,0.9202533
test_19549,1.4705655e-08
test_19550,0.002849131
test_19551,0.5869254
test_19552,0.91574764
test_19553,0.19381796
test_19554,0.0018534724
test_19555,0.9893683
test_19556,0.98158836
test_19557,0.0017931601
test_19558,0.027289556
test_19559,3.7672882e-05
test_19560,0.9700417
test_19561,0.5740514
test_19562,0.88128006
test_19563,0.94864404
test_19564,0.14601
test_19565,0.0028263675
test_19566,0.074163996
test_19567,0.92803323
test_19568,0.00012599146
test_19569,0.23845506
test_19570,0.635334
test_19571,0.70999044
test_19572,0.9964006
test_19573,0.37858018
test_19574,0.043874666
test_19575,0.042581063
test_19576,0.9998772
test_19577,0.8836504
test_19578,0.82405347
test_19579,0.09335252
test_19580,7.38548e-07
test_19581,0.13873655
test_19582,0.98217535
test_19583,1.5294345e-06
test_19584,0.38959995
test_19585,0.9983523
test_19586,0.9855793
test_19587,0.43705127
test_19588,0.99990207
test_19589,6.246025e-05
test_19590,0.9991727
test_19591,0.9989135
test_19592,0.44025308
test_19593,0.30210853
test_19594,0.00023668549
test_19595,0.00652136
test_19596,0.99986076
test_19597,0.00018567115
test_19598,0.0032772054
test_19599,0.6140314
test_19600,0.029200064
test_19601,0.0050973287
test_19602,0.02019337
test_19603,0.9999747
test_19604,0.6894627
test_19605,0.000104462844
test_19606,0.9298281
test_19607,1.4337035e-05
test_19608,0.07897955
test_19609,0.031376455
test_19610,0.7408489
test_19611,0.7477599
test_19612,0.08879531
test_19613,0.9999745
test_19614,0.31475902
test_19615,0.9999964
test_19616,1.7922173e-07
test_19617,0.46545443
test_19618,0.21722892
test_19619,0.9998969
test_19620,0.5613969
test_19621,7.68344e-08
test_19622,0.00969867
test_19623,0.0004687672
test_19624,2.481544e-05
test_19625,0.99244404
test_19626,0.02860929
test_19627,8.5968124e-05
test_19628,0.571612
test_19629,0.19507423
test_19630,0.9999281
test_19631,0.83447057
test_19632,0.5938754
test_19633,0.99996614
test_19634,0.7407727
test_19635,0.9999082
test_19636,0.44524002
test_19637,0.036745586
test_19638,0.5295336
test_19639,0.0009197915
test_19640,1.7968754e-05
test_19641,0.42140383
test_19642,0.07126884
test_19643,0.002529982
test_19644,0.40100378
test_19645,0.12820289
test_19646,0.2917765
test_19647,0.99850595
test_19648,0.006752985
test_19649,0.72864544
test_19650,0.080149695
test_19651,0.1561003
test_19652,0.0007619805
test_19653,0.13816993
test_19654,0.017024454
test_19655,0.43968558
test_19656,0.105197534
test_19657,0.022865182
test_19658,0.103989385
test_19659,0.99974155
test_19660,0.9999165
test_19661,0.027776252
test_19662,0.9835737
test_19663,0.44703767
test_19664,0.80213654
test_19665,0.97800446
test_19666,0.17616302
test_19667,0.9862411
test_19668,9.5607065e-06
test_19669,0.2572526
test_19670,0.54192865
test_19671,0.0121074235
test_19672,0.95246947
test_19673,5.957784e-05
test_19674,0.26072332
test_19675,0.14139608
test_19676,0.9975257
test_19677,0.85016966
test_19678,0.0015620771
test_19679,0.5202334
test_19680,0.9999484
test_19681,0.04593565
test_19682,0.30762273
test_19683,0.9991316
test_19684,1.4127315e-06
test_19685,0.8435267
test_19686,0.94811463
test_19687,0.04983782
test_19688,0.6388184
test_19689,0.9827146
test_19690,0.1105295
test_19691,0.9991246
test_19692,0.9977027
test_19693,0.5083612
test_19694,0.7385926
test_19695,0.08586803
test_19696,0.933751
test_19697,0.10042847
test_19698,0.7098613
test_19699,1.0
test_19700,0.5015503
test_19701,0.0012901421
test_19702,0.018599886
test_19703,6.639058e-06
test_19704,0.8255964
test_19705,0.10452126
test_19706,0.33741984
test_19707,0.37461025
test_19708,0.6025797
test_19709,0.028305374
test_19710,0.99635315
test_19711,0.043984458
test_19712,0.9359256
test_19713,0.99997693
test_19714,0.020028986
test_19715,0.009687831
test_19716,0.008928985
test_19717,0.9991914
test_19718,0.9881704
test_19719,0.9999654
test_19720,0.9998791
test_19721,0.9986718
test_19722,0.016243532
test_19723,0.9605052
test_19724,3.140902e-05
test_19725,0.86405253
test_19726,0.9994019
test_19727,0.0005942831
test_19728,0.5539111
test_19729,0.0059281415
test_19730,0.00041226676
test_19731,0.46802294
test_19732,0.9999999
test_19733,0.0012759708
test_19734,0.039216526
test_19735,0.7895236
test_19736,0.9201647
test_19737,0.00071133114
test_19738,0.9969163
test_19739,7.219275e-05
test_19740,0.9999679
test_19741,0.99924827
test_19742,0.008356218
test_19743,0.12048592
test_19744,0.5494118
test_19745,0.9485698
test_19746,0.6531565
test_19747,0.38777405
test_19748,0.004188367
test_19749,0.3406126
test_19750,0.9999987
test_19751,6.559387e-05
test_19752,0.9951911
test_19753,0.00024995644
test_19754,0.14790867
test_19755,0.9513358
test_19756,0.57202184
test_19757,0.97952956
test_19758,4.957576e-06
test_19759,0.84764206
test_19760,0.9951741
test_19761,0.03227169
test_19762,0.0005924546
test_19763,0.09143901
test_19764,0.7177316
test_19765,0.9951583
test_19766,0.031980984
test_19767,0.77565515
test_19768,0.79298496
test_19769,0.040976025
test_19770,0.08024474
test_19771,0.23046061
test_19772,0.99997085
test_19773,0.021924593
test_19774,0.0059766863
test_19775,0.027829008
test_19776,0.9969864
test_19777,0.34672472
test_19778,0.90936637
test_19779,0.80487823
test_19780,0.50562
test_19781,0.0038141944
test_19782,0.050332267
test_19783,0.0029893334
test_19784,0.99999994
test_19785,0.7376751
test_19786,0.99954045
test_19787,0.02641405
test_19788,0.83965635
test_19789,0.5061327
test_19790,0.9993981
test_19791,0.37769735
test_19792,0.9809139
test_19793,0.35802728
test_19794,0.044154055
test_19795,0.08346963
test_19796,0.06904569
test_19797,0.412373
test_19798,3.1007103e-06
test_19799,0.7110727
test_19800,3.1780127e-07
test_19801,0.40320146
test_19802,0.0048792246
test_19803,0.999988
test_19804,0.96732676
test_19805,4.857937e-05
test_19806,0.33160862
test_19807,0.99931955
test_19808,3.492809e-05
test_19809,0.36085308
test_19810,0.8801868
test_19811,0.075692415
test_19812,0.16290876
test_19813,0.14261526
test_19814,0.93381274
test_19815,0.0036921897
test_19816,0.07723416
test_19817,0.9223908
test_19818,0.2055391
test_19819,0.989911
test_19820,0.10322255
test_19821,0.87856334
test_19822,0.3106027
test_19823,0.58278203
test_19824,0.6550207
test_19825,0.9183354
test_19826,0.09987193
test_19827,0.9996119
test_19828,0.59800076
test_19829,0.005654433
test_19830,0.98420006
test_19831,0.0129439235
test_19832,0.9971754
test_19833,0.17301425
test_19834,0.39061156
test_19835,0.27824894
test_19836,6.211985e-05
test_19837,0.99780375
test_19838,0.99806297
test_19839,0.49108845
test_19840,0.65707254
test_19841,0.029661635
test_19842,5.677638e-05
test_19843,0.044596154
test_19844,1.7489097e-07
test_19845,0.0267951
test_19846,0.99998516
test_19847,0.89860195
test_19848,0.44516498
test_19849,0.099305645
test_19850,0.99819684
test_19851,0.09578803
test_19852,9.034218e-05
test_19853,0.1339533
test_19854,0.71726304
test_19855,0.33297652
test_19856,0.99719286
test_19857,0.31392816
test_19858,0.7322135
test_19859,0.26246992
test_19860,8.427632e-05
test_19861,0.0007394865
test_19862,0.45291287
test_19863,0.6247352
test_19864,1.4705655e-08
test_19865,0.9932785
test_19866,0.120369956
test_19867,1.0
test_19868,0.45199233
test_19869,0.07009594
test_19870,0.0018649067
test_19871,0.9999997
test_19872,0.99995995
test_19873,0.9971678
test_19874,0.6061008
test_19875,0.0025296905
test_19876,3.1862824e-06
test_19877,0.78889656
test_19878,0.44865954
test_19879,0.9103385
test_19880,0.118627645
test_19881,0.18306008
test_19882,0.997695
test_19883,0.6679205
test_19884,0.649908
test_19885,0.15275124
test_19886,0.94853073
test_19887,0.99999964
test_19888,0.0015060804
test_19889,0.9903984
test_19890,0.995893
test_19891,0.6235868
test_19892,0.93717736
test_19893,0.9853968
test_19894,0.05495348
test_19895,0.9984491
test_19896,0.118678845
test_19897,0.59270597
test_19898,0.0012751267
test_19899,7.5870776e-07
test_19900,0.92278737
test_19901,0.010916528
test_19902,0.9182805
test_19903,0.75027347
test_19904,0.9999999
test_19905,0.53520954
test_19906,0.7209332
test_19907,0.08269973
test_19908,0.26260334
test_19909,0.7863301
test_19910,0.002864855
test_19911,0.017952675
test_19912,0.22375995
test_19913,0.9990057
test_19914,0.031079195
test_19915,0.03783315
test_19916,0.10181307
test_19917,0.049695443
test_19918,0.6408502
test_19919,0.1249438
test_19920,0.16872814
test_19921,0.9927821
test_19922,0.99214053
test_19923,0.99982464
test_19924,0.3734054
test_19925,0.92094845
test_19926,0.022549216
test_19927,0.22160679
test_19928,0.003186769
test_19929,0.99953246
test_19930,0.5674865
test_19931,0.94383866
test_19932,0.7317873
test_19933,7.374977e-08
test_19934,0.51637757
test_19935,1.0499403e-07
test_19936,0.9999292
test_19937,0.97873104
test_19938,0.9717617
test_19939,0.18897022
test_19940,0.006031844
test_19941,0.038443677
test_19942,0.004717538
test_19943,0.9469799
test_19944,0.99970675
test_19945,0.0040863096
test_19946,0.0024081608
test_19947,0.0008861624
test_19948,0.9981258
test_19949,0.00772145
test_19950,0.7834475
test_19951,0.9642658
test_19952,0.85871816
test_19953,0.003017658
test_19954,0.04468749
test_19955,0.076170176
test_19956,0.237534
test_19957,0.0018563428
test_19958,0.8184426
test_19959,0.9993447
test_19960,0.29490745
test_19961,0.99907535
test_19962,6.292351e-06
test_19963,5.91305e-05
test_19964,0.65557516
test_19965,0.21509793
test_19966,0.99709916
test_19967,0.9025733
test_19968,0.7568649
test_19969,0.27480096
test_19970,0.21765368
test_19971,0.22650555
test_19972,0.69464445
test_19973,0.9996499
test_19974,0.62247765
test_19975,0.27918518
test_19976,0.94533354
test_19977,0.00889435
test_19978,0.9194522
test_19979,0.0020473937
test_19980,0.3465718
test_19981,0.97275174
test_19982,0.9980705
test_19983,0.95637023
test_19984,0.34273311
test_19985,0.00039466863
test_19986,0.24894549
test_19987,0.9783625
test_19988,0.99909115
test_19989,0.13292491
test_19990,0.90211344
test_19991,0.99386823
test_19992,3.914033e-06
test_19993,0.33007243
test_19994,0.3948781
test_19995,0.9998484
test_19996,0.28721312
test_19997,0.011809148
test_19998,1.9661755e-05
test_19999,0.9883139
